time,velocity,pressure
0.0,12.0,101317.65879769328
0.005000500050005001,12.001000099228518,101324.67755166168
0.010001000100010001,12.002000193768135,101325.160426974
0.015001500150015001,12.003000278929983,101333.8319890224
0.020002000200020003,12.004000350025251,101337.19115966327
0.025002500250025005,12.005000402365216,101317.98865708706
0.030003000300030003,12.00600043126127,101318.6753038884
0.03500350035003501,12.007000432024956,101315.4903220023
0.040004000400040006,12.008000399967987,101323.1291210964
0.045004500450045004,12.009000330402289,101323.03059640832
0.05000500050005001,12.010000218640014,101319.52003528379
0.05500550055005501,12.011000059993583,101317.56472663175
0.060006000600060005,12.01199984977571,101319.60169386388
0.06500650065006501,12.012999583299429,101314.48919608722
0.07000700070007002,12.013999255878128,101317.422774173
0.075007500750075,12.014998862825571,101325.92296981535
0.08000800080008001,12.015998399455942,101327.75443507856
0.08500850085008502,12.016997861083857,101311.47074980685
0.09000900090009001,12.017997243024398,101307.26631459482
0.09500950095009501,12.018996540593156,101325.45051094388
0.10001000100010002,12.01999574910624,101314.77192324733
0.10501050105010501,12.020994863880318,101319.34361875785
0.11001100110011001,12.021993880232648,101306.59985510581
0.11501150115011502,12.022992793481098,101314.48511856566
0.12001200120012001,12.02399159894418,101312.60122390788
0.12501250125012503,12.024990291941089,101310.89046071906
0.13001300130013002,12.025988867791712,101318.11602757353
0.135013501350135,12.026987321816673,101307.30433703716
0.14001400140014003,12.02798564933736,101314.24063880269
0.14501450145014502,12.028983845675947,101314.285659276
0.15001500150015,12.029981906155427,101307.86011157316
0.15501550155015503,12.030979826099653,101308.59535305988
0.16001600160016002,12.031977600833345,101316.0817589676
0.16501650165016502,12.032975225682131,101315.63055620063
0.17001700170017003,12.033972695972588,101311.2402025884
0.17501750175017503,12.034970007032245,101311.9097216582
0.18001800180018002,12.035967154189633,101311.72629051004
0.18501850185018504,12.036964132774308,101311.2767743149
0.19001900190019003,12.03796093811688,101308.76631440035
0.19501950195019502,12.038957565549037,101309.08591257341
0.20002000200020004,12.039954010403587,101308.4988743992
0.20502050205020503,12.040950268014473,101303.60798145128
0.21002100210021002,12.041946333716812,101301.88241830708
0.21502150215021504,12.042942202846914,101295.8507356915
0.22002200220022003,12.043937870742333,101304.65725756247
0.22502250225022502,12.044933332741863,101303.66235040783
0.23002300230023004,12.045928584185594,101303.25895866538
0.23502350235023503,12.046923620414937,101302.56160991803
0.24002400240024002,12.047918436772639,101306.40150864482
0.24502450245024504,12.048913028602822,101294.57357271835
0.25002500250025006,12.049907391251022,101310.2559633833
0.255025502550255,12.050901520064196,101306.94423229496
0.26002600260026004,12.051895410390767,101294.49191051771
0.26502650265026506,12.052889057580654,101309.68988886965
0.27002700270027,12.053882456985285,101301.38473068301
0.27502750275027504,12.054875603957646,101305.79505458356
0.28002800280028006,12.055868493852298,101300.1881443379
0.285028502850285,12.05686112202541,101300.30057598893
0.29002900290029004,12.057853483834782,101298.26067036437
0.29502950295029506,12.05884557463989,101301.15948778616
0.3000300030003,12.059837389801892,101295.77835535818
0.30503050305030505,12.060828924683676,101298.06291177016
0.31003100310031007,12.061820174649883,101297.32097876798
0.31503150315031503,12.06281113506693,101289.2871833343
0.32003200320032005,12.063801801303047,101293.21277435293
0.32503250325032507,12.064792168728303,101294.90317591919
0.33003300330033003,12.065782232714637,101300.69642644453
0.33503350335033505,12.06677198863588,101293.56681876686
0.34003400340034007,12.067761431867789,101292.71415071016
0.34503450345034503,12.068750557788084,101289.98815341419
0.35003500350035005,12.06973936177646,101295.70436764967
0.35503550355035507,12.070727839214625,101295.459007845
0.36003600360036003,12.071715985486332,101294.9775473553
0.36503650365036505,12.072703795977406,101296.87930372679
0.37003700370037007,12.07369126607576,101291.77198179495
0.37503750375037503,12.074678391171451,101292.7034262032
0.38003800380038005,12.075665166656679,101296.1522784885
0.38503850385038507,12.076651587925836,101295.94646625062
0.39003900390039004,12.077637650375529,101283.75168241904
0.39503950395039505,12.078623349404605,101294.02047096302
0.4000400040004001,12.07960868041418,101292.05345313078
0.40504050405040504,12.080593638807683,101286.9097257946
0.41004100410041006,12.081578219990856,101287.3556889404
0.4150415041504151,12.082562419371811,101285.85283192179
0.42004200420042004,12.083546232361043,101285.37526059481
0.42504250425042506,12.084529654371458,101282.13461952643
0.4300430043004301,12.085512680818415,101282.36831151057
0.43504350435043504,12.086495307119739,101281.17853507014
0.44004400440044006,12.087477528695759,101286.64888694801
0.4450445044504451,12.08845934096933,101284.04420148375
0.45004500450045004,12.089440739365875,101286.36925000501
0.45504550455045506,12.090421719313394,101290.24475724893
0.4600460046004601,12.091402276242507,101286.23130621461
0.46504650465046504,12.092382405586482,101294.6721105957
0.47004700470047006,12.093362102781255,101278.19202560993
0.4750475047504751,12.094341363265462,101291.08476440674
0.48004800480048004,12.095320182480474,101281.17104277649
0.48504850485048506,12.09629855587042,101276.84878816639
0.4900490049004901,12.097276478882213,101280.57434660177
0.4950495049504951,12.098253946965581,101286.63460690464
0.5000500050005001,12.099230955573102,101273.95350557212
0.5050505050505051,12.10020750016022,101282.87158148843
0.51005100510051,12.101183576185278,101284.2684192623
0.5150515051505151,12.102159179109558,101279.47032018764
0.5200520052005201,12.103134304397289,101274.75442111495
0.525052505250525,12.104108947515689,101267.40206539395
0.5300530053005301,12.105083103934996,101272.23770836966
0.5350535053505351,12.106056769128482,101281.09359535837
0.54005400540054,12.107029938572495,101277.31397217994
0.5450545054505451,12.108002607746482,101276.1344586935
0.5500550055005501,12.108974772133012,101281.4612536981
0.555055505550555,12.109946427217814,101279.22503373015
0.5600560056005601,12.110917568489803,101280.11404129893
0.5650565056505651,12.111888191441103,101275.42070720835
0.57005700570057,12.112858291567075,101265.6453405482
0.5750575057505751,12.113827864366355,101275.71750354316
0.5800580058005801,12.11479690534087,101281.83442354132
0.585058505850585,12.115765409995875,101268.73113222289
0.5900590059005901,12.116733373839974,101268.1490056491
0.5950595059505951,12.117700792385158,101269.51354717129
0.6000600060006,12.11866766114682,101268.70556421316
0.6050605060506051,12.11963397564379,101266.91011128998
0.6100610061006101,12.12059973139837,101267.85975760584
0.6150615061506151,12.12156492393635,101259.7793590335
0.6200620062006201,12.122529548787037,101276.51780434599
0.6250625062506251,12.123493601483297,101267.7184832814
0.6300630063006301,12.124457077561564,101258.75125440136
0.6350635063506351,12.125419972561875,101269.99185947803
0.6400640064006401,12.12638228202791,101266.5093942793
0.6450645064506451,12.127344001507,101270.89666318757
0.6500650065006501,12.128305126550165,101269.97903843397
0.6550655065506551,12.129265652712146,101263.00799538418
0.6600660066006601,12.130225575551426,101263.06335748151
0.6650665066506651,12.131184890630253,101271.28693157317
0.6700670067006701,12.132143593514687,101265.07082183832
0.6750675067506751,12.133101679774601,101270.5366480669
0.6800680068006801,12.134059144983732,101268.37367195499
0.6850685068506851,12.135015984719697,101258.83244918259
0.6900690069006901,12.135972194564022,101262.81358418119
0.6950695069506951,12.13692777010217,101258.42488033314
0.7000700070007001,12.137882706923573,101266.4062599939
0.7050705070507051,12.13883700062165,101262.04217625855
0.7100710071007101,12.139790646793847,101273.17709353806
0.7150715071507151,12.140743641041652,101255.18392535688
0.7200720072007201,12.141695978970631,101270.67100596704
0.7250725072507251,12.142647656190451,101261.07880438835
0.7300730073007301,12.143598668314914,101263.64354562745
0.7350735073507351,12.144549010961974,101261.4213940913
0.7400740074007401,12.145498679753775,101265.21471429542
0.7450745074507451,12.146447670316666,101261.90168851288
0.7500750075007501,12.147395978281246,101255.2853217726
0.7550755075507551,12.148343599282374,101258.52274562647
0.7600760076007601,12.149290528959202,101258.989802851
0.7650765076507651,12.150236762955211,101252.17047325542
0.7700770077007701,12.151182296918225,101252.96071901618
0.7750775077507751,12.152127126500446,101258.58690606896
0.7800780078007801,12.15307124735848,101259.79383574151
0.7850785078507851,12.154014655153361,101252.62948416352
0.7900790079007901,12.15495734555058,101257.10839022919
0.7950795079507951,12.15589931422012,101249.43045812385
0.8000800080008001,12.156840556836466,101252.90351395102
0.8050805080508051,12.157781069078645,101251.64651647439
0.8100810081008101,12.158720846630255,101259.23241105574
0.8150815081508151,12.159659885179481,101258.54402145509
0.8200820082008201,12.160598180419127,101257.87366160155
0.8250825082508251,12.161535728046648,101253.21001220212
0.8300830083008301,12.16247252376417,101245.40672728256
0.8350835083508351,12.16340856327852,101248.86440714833
0.8400840084008401,12.16434384230125,101254.50477403431
0.8450845084508452,12.16527835654867,101256.39931345168
0.8500850085008501,12.166212101741866,101248.10053667196
0.8550855085508551,12.167145073606738,101242.8309691601
0.8600860086008602,12.168077267874015,101242.92806062667
0.8650865086508651,12.169008680279285,101245.54748351139
0.8700870087008701,12.169939306563034,101241.96819215098
0.8750875087508752,12.17086914247065,101255.72394749895
0.8800880088008801,12.17179818375247,101247.52017060855
0.8850885088508851,12.172726426163791,101252.36918481714
0.8900890089008902,12.173653865464914,101248.51294285926
0.8950895089508951,12.174580497421154,101252.7035735913
0.9000900090009001,12.175506317802869,101240.53647738471
0.9050905090509052,12.176431322385502,101249.144229334
0.9100910091009101,12.177355506949585,101249.59200394974
0.9150915091509151,12.17827886728078,101231.68444931098
0.9200920092009202,12.179201399169902,101246.19240959983
0.9250925092509251,12.180123098412947,101249.36405615282
0.9300930093009301,12.181043960811108,101235.8273433919
0.9350935093509352,12.18196398217082,101231.79043752333
0.9400940094009401,12.18288315830377,101236.24415581013
0.9450945094509451,12.183801485026924,101247.80797453166
0.9500950095009502,12.18471895816257,101234.96149370306
0.9550955095509551,12.18563557353832,101249.24460059659
0.9600960096009601,12.186551326987153,101236.34739785043
0.9650965096509652,12.187466214347438,101235.8728044915
0.9700970097009701,12.188380231462958,101232.17610235824
0.9750975097509752,12.189293374182927,101240.62362920064
0.9800980098009802,12.190205638362041,101236.16839285646
0.9850985098509851,12.191117019860476,101238.35510068394
0.9900990099009902,12.192027514543927,101238.91401180187
0.9950995099509952,12.192937118283638,101245.66068428099
1.0001000100010002,12.19384582695642,101239.34338614409
1.005100510051005,12.194753636444675,101241.85521948944
1.0101010101010102,12.19566054263643,101231.80972636669
1.0151015101510152,12.196566541425364,101236.89009539492
1.02010201020102,12.197471628710817,101235.21323357422
1.0251025102510252,12.198375800397836,101234.01132779566
1.0301030103010302,12.199279052397186,101226.90901750352
1.035103510351035,12.200181380625388,101230.70728256876
1.0401040104010402,12.201082781004727,101227.41885901261
1.0451045104510452,12.201983249463302,101233.86355961829
1.05010501050105,12.202882781935026,101231.61013510442
1.0551055105510552,12.203781374359668,101227.46236561432
1.0601060106010602,12.204679022682873,101227.51385886325
1.065106510651065,12.205575722856189,101229.44293947922
1.0701070107010702,12.206471470837087,101224.85343232237
1.0751075107510752,12.207366262588996,101231.6347789729
1.08010801080108,12.208260094081318,101237.5668307089
1.0851085108510852,12.20915296128946,101229.87096291393
1.0901090109010902,12.21004486019486,101220.37978999226
1.095109510951095,12.210935786785,101230.15757836029
1.1001100110011002,12.211825737053449,101228.29590487429
1.1051105110511052,12.212714706999876,101231.49058364106
1.11011101110111,12.21360269263008,101211.30118603398
1.1151115111511152,12.214489689956006,101228.93054377178
1.1201120112011203,12.215375694995789,101226.26637175825
1.125112511251125,12.21626070377376,101230.63265332713
1.1301130113011302,12.217144712320472,101230.28672188592
1.1351135113511353,12.218027716672747,101222.4551871727
1.14011401140114,12.218909712873668,101217.62427448918
1.1451145114511452,12.219790696972629,101229.05042420472
1.1501150115011503,12.220670665025349,101212.4530257324
1.155115511551155,12.221549613093899,101231.35471324682
1.1601160116011602,12.222427537246723,101219.3218489858
1.1651165116511653,12.22330443355867,101216.00148759897
1.17011701170117,12.224180298111015,101214.48183162654
1.1751175117511752,12.225055126991478,101216.03200249006
1.1801180118011803,12.225928916294254,101215.3556030919
1.185118511851185,12.226801662120044,101229.81295345504
1.1901190119011902,12.22767336057606,101224.97472942986
1.1951195119511953,12.22854400777607,101215.10239510288
1.2001200120012,12.229413599840415,101216.16012680504
1.2051205120512052,12.230282132896024,101212.66169927736
1.2101210121012103,12.23114960307645,101210.60349617213
1.215121512151215,12.232016006521892,101221.8705030665
1.2201220122012202,12.232881339379219,101216.98718670403
1.2251225122512253,12.233745597801985,101214.71055077238
1.2301230123012301,12.234608777950468,101212.1223041846
1.2351235123512352,12.235470875991684,101213.61291907229
1.2401240124012403,12.23633188809941,101210.05891136767
1.2451245124512451,12.23719181045422,101207.09234410686
1.2501250125012502,12.238050639243491,101214.7613920233
1.2551255125512553,12.23890837066144,101223.4318356598
1.2601260126012601,12.239765000909149,101217.70499142623
1.2651265126512652,12.240620526194572,101216.92733102062
1.2701270127012703,12.241474942732584,101215.35507559976
1.2751275127512751,12.242328246744977,101211.71506081973
1.2801280128012802,12.24318043446051,101214.06473951941
1.2851285128512853,12.244031502114915,101212.9852928798
1.2901290129012901,12.244881445950924,101215.33049635435
1.2951295129512952,12.245730262218297,101207.57309876509
1.3001300130013003,12.246577947173844,101216.68992474418
1.3051305130513051,12.24742449708144,101213.5443606719
1.3101310131013102,12.248269908212066,101214.32574541641
1.3151315131513153,12.249114176843813,101203.95048978331
1.3201320132013201,12.249957299261919,101202.44616761824
1.3251325132513252,12.250799271758785,101198.25856986002
1.3301330133013303,12.251640090634,101206.3978885083
1.3351335133513351,12.252479752194366,101213.4836557167
1.3401340134013402,12.253318252753921,101207.06410249893
1.3451345134513453,12.254155588633958,101215.50647281679
1.3501350135013501,12.25499175616305,101199.58188108027
1.3551355135513552,12.25582675167708,101202.1317367673
1.3601360136013603,12.256660571519248,101201.72140841791
1.3651365136513651,12.257493212040108,101197.18088331814
1.3701370137013702,12.258324669597592,101203.57843584992
1.3751375137513753,12.259154940557016,101213.99930267126
1.3801380138013801,12.259984021291121,101205.20747393087
1.3851385138513852,12.260811908180088,101194.78159085111
1.3901390139013903,12.26163859761156,101213.30952249377
1.3951395139513951,12.26246408598066,101202.6835351179
1.4001400140014002,12.26328836969003,101201.83695666262
1.4051405140514053,12.264111445149839,101198.00194527235
1.4101410141014101,12.264933308777799,101198.74708232116
1.4151415141514152,12.26575395699921,101194.75712953025
1.4201420142014203,12.266573386246966,101207.52347608113
1.4251425142514251,12.267391592961582,101204.19108931968
1.4301430143014302,12.268208573591208,101192.0978731037
1.4351435143514353,12.269024324591669,101190.90497284125
1.4401440144014401,12.269838842426473,101196.83730882808
1.4451445144514452,12.270652123566832,101200.90439018708
1.4501450145014503,12.271464164491695,101189.26998903792
1.4551455145514551,12.272274961687762,101205.41554265945
1.4601460146014602,12.273084511649506,101190.70584226119
1.4651465146514653,12.273892810879198,101193.79470655245
1.4701470147014701,12.274699855886933,101198.37797649563
1.4751475147514752,12.275505643190634,101197.74699229255
1.4801480148014803,12.2763101693161,101183.88898340617
1.4851485148514851,12.277113430797003,101198.68230213376
1.4901490149014902,12.277915424174926,101185.6047440839
1.4951495149514953,12.278716145999383,101199.94713831523
1.5001500150015001,12.279515592827828,101189.0803724762
1.5051505150515052,12.280313761225687,101190.66274940618
1.5101510151015103,12.281110647766385,101192.4042894052
1.5151515151515151,12.281906249031353,101188.47105542498
1.5201520152015202,12.28270056161006,101193.85311716913
1.5251525152515253,12.28349358210003,101192.51499284126
1.5301530153015301,12.284285307106865,101186.12369086096
1.5351535153515352,12.285075733244264,101191.30056516938
1.5401540154015403,12.285864857134044,101184.62792300536
1.5451545154515451,12.286652675406167,101179.6652162448
1.5501550155015502,12.287439184698753,101193.67633608008
1.5551555155515553,12.288224381658106,101192.73894193719
1.5601560156015601,12.289008262938736,101185.02714624432
1.5651565156515652,12.289790825203376,101188.81813883131
1.5701570157015703,12.290572065123,101182.41675763886
1.5751575157515751,12.291351979376856,101183.73963635448
1.5801580158015802,12.292130564652476,101184.9561356662
1.5851585158515853,12.292907817645695,101194.45157591757
1.5901590159015901,12.293683735060684,101184.43036014678
1.5951595159515952,12.29445831360996,101185.02111580895
1.6001600160016003,12.295231550014407,101186.33680566832
1.6051605160516051,12.296003441003302,101187.07922373066
1.6101610161016102,12.296773983314335,101191.78212644164
1.6151615161516153,12.297543173693619,101188.21474045192
1.6201620162016201,12.298311008895725,101179.39473891069
1.6251625162516252,12.299077485683695,101184.43747727951
1.6301630163016303,12.299842600829058,101186.27134842961
1.6351635163516351,12.300606351111862,101181.66455855875
1.6401640164016402,12.301368733320682,101181.57844219175
1.6451645164516453,12.302129744252646,101182.77551057862
1.6501650165016502,12.302889380713456,101171.21783600257
1.6551655165516552,12.303647639517402,101180.5217896437
1.6601660166016603,12.304404517487392,101184.16676746428
1.6651665166516652,12.305160011454964,101180.21832204856
1.6701670167016702,12.305914118260302,101183.36078621088
1.6751675167516753,12.306666834752273,101177.58305606275
1.6801680168016802,12.307418157788419,101176.27749749475
1.6851685168516852,12.30816808423501,101171.84533449638
1.6901690169016903,12.308916610967039,101177.90108462886
1.6951695169516952,12.309663734868241,101181.04017557827
1.7001700170017002,12.310409452831134,101168.30334138846
1.7051705170517053,12.31115376175702,101180.74344219544
1.7101710171017102,12.311896658556003,101180.78370992941
1.7151715171517152,12.312638140147024,101184.35832707254
1.7201720172017203,12.313378203457866,101176.01242813852
1.7251725172517252,12.314116845425175,101184.44067635943
1.7301730173017302,12.31485406299449,101170.928508888
1.7351735173517353,12.31558985312025,101175.35378296408
1.7401740174017402,12.31632421276581,101176.76561045014
1.7451745174517452,12.317057138903484,101165.41120096693
1.7501750175017503,12.317788628514535,101172.40966200829
1.7551755175517552,12.318518678589204,101167.8663772601
1.7601760176017602,12.319247286126743,101179.42588080635
1.7651765176517653,12.319974448135408,101166.52818628984
1.7701770177017702,12.3207001616325,101167.91498569054
1.7751775177517752,12.321424423644375,101167.76989785304
1.7801780178017803,12.32214723120646,101178.77153671313
1.7851785178517852,12.32286858136327,101167.63656284162
1.7901790179017902,12.32358847116844,101167.73553465567
1.7951795179517953,12.324306897684728,101167.05484544425
1.8001800180018002,12.325023857984037,101164.74881347934
1.8051805180518052,12.325739349147444,101168.56132749062
1.8101810181018103,12.326453368265204,101160.86288988052
1.8151815181518152,12.327165912436772,101173.60817044417
1.8201820182018202,12.32787697877083,101170.7995396242
1.8251825182518253,12.328586564385292,101169.7278559779
1.8301830183018302,12.329294666407334,101152.59627833238
1.8351835183518352,12.3300012819734,101173.64182267727
1.8401840184018403,12.330706408229235,101160.95453156251
1.8451845184518452,12.331410042329884,101155.45553052647
1.8501850185018502,12.332112181439724,101166.15311161497
1.8551855185518553,12.332812822732482,101162.3596798111
1.8601860186018602,12.333511963391242,101161.76054612295
1.8651865186518652,12.334209600608471,101158.86752809629
1.8701870187018703,12.334905731586035,101156.43034692804
1.8751875187518752,12.335600353535217,101163.58263321256
1.8801880188018802,12.336293463676727,101161.39059663999
1.8851885188518853,12.336985059240734,101160.60904195464
1.8901890189018902,12.337675137466872,101154.98718384156
1.8951895189518952,12.338363695604256,101149.5726898194
1.9001900190019003,12.339050730911513,101154.53895479327
1.9051905190519052,12.339736240656778,101158.02837595996
1.9101910191019102,12.34042022211773,101156.21444079718
1.9151915191519153,12.341102672581602,101160.3619111688
1.9201920192019202,12.341783589345194,101165.53414761538
1.9251925192519252,12.342462969714894,101158.93169710727
1.9301930193019303,12.3431408110067,101159.5453338106
1.9351935193519354,12.343817110546222,101156.54656479524
1.9401940194019403,12.344491865668715,101154.96618526604
1.9451945194519453,12.345165073719084,101156.33391118214
1.9501950195019504,12.34583673205191,101162.16041905721
1.9551955195519553,12.346506838031456,101154.92613682621
1.9601960196019603,12.347175389031694,101158.21937700534
1.9651965196519654,12.347842382436315,101150.3730022897
1.9701970197019703,12.348507815638747,101149.40815607476
1.9751975197519753,12.349171686042167,101161.08764732446
1.9801980198019804,12.34983399105953,101149.90607397932
1.9851985198519853,12.35049472811357,101154.31309107639
1.9901990199019903,12.351153894636823,101163.08331696481
1.9951995199519954,12.351811488071647,101153.14271826345
2.0002000200020005,12.352467505870228,101159.43766596011
2.0052005200520053,12.353121945494607,101157.3387715859
2.01020102010201,12.353774804416688,101151.47423051899
2.0152015201520155,12.354426080118257,101151.47224989878
2.0202020202020203,12.355075770090995,101154.25900111078
2.025202520252025,12.355723871836501,101146.91375678041
2.0302030203020305,12.356370382866295,101151.53126786015
2.0352035203520353,12.357015300701848,101141.2424983017
2.04020402040204,12.357658622874585,101150.46617105741
2.0452045204520455,12.358300346925912,101143.30307932135
2.0502050205020503,12.358940470407216,101155.01781166946
2.055205520552055,12.359578990879898,101148.80109214422
2.0602060206020605,12.36021590591538,101148.73126318632
2.0652065206520653,12.360851213095112,101145.67124250546
2.07020702070207,12.361484910010601,101142.46644395434
2.0752075207520755,12.36211699426342,101152.27113866311
2.0802080208020803,12.362747463465224,101148.38981849467
2.085208520852085,12.363376315237758,101146.32572177547
2.0902090209020905,12.364003547212887,101143.04280400027
2.0952095209520953,12.364629157032596,101138.34489557332
2.1002100210021,12.365253142349006,101142.51841279001
2.1052105210521055,12.365875500824407,101143.2665583276
2.1102110211021103,12.366496230131247,101137.99209760615
2.115211521152115,12.36711532795216,101141.69134080171
2.1202120212021205,12.367732791979982,101136.51274320701
2.1252125212521253,12.368348619917763,101143.54761061355
2.13021302130213,12.368962809478775,101134.88683770914
2.1352135213521355,12.369575358386538,101136.09762415201
2.1402140214021403,12.370186264374826,101147.8800798578
2.145214521452145,12.37079552518768,101137.86417016185
2.1502150215021505,12.37140313857943,101140.7894999579
2.1552155215521553,12.372009102314703,101133.25635368134
2.16021602160216,12.372613414168436,101138.40705169809
2.1652165216521655,12.373216071925897,101148.029872405
2.1702170217021703,12.37381707338269,101136.5646901539
2.175217521752175,12.374416416344776,101134.37351571266
2.1802180218021805,12.375014098628482,101143.61316136383
2.1852185218521853,12.375610118060516,101133.32927021096
2.19021902190219,12.376204472477978,101138.28965243633
2.1952195219521955,12.376797159728385,101131.85046189309
2.2002200220022003,12.377388177669669,101129.94230475642
2.205220522052205,12.3779775241702,101135.04336757191
2.2102210221022105,12.37856519710879,101130.21710504054
2.2152215221522153,12.379151194374725,101139.27737957149
2.22022202220222,12.379735513867757,101136.18600186153
2.2252225222522255,12.380318153498127,101131.76566854505
2.2302230223022304,12.380899111186581,101134.4542736815
2.235223522352235,12.381478384864378,101135.96831672722
2.2402240224022405,12.3820559724733,101137.29310191423
2.2452245224522454,12.382631871965673,101133.8543054857
2.25022502250225,12.383206081304378,101130.96489124812
2.2552255225522555,12.383778598462854,101135.76975606705
2.2602260226022604,12.384349421425128,101128.96008689675
2.265226522652265,12.38491854818581,101136.10442122324
2.2702270227022705,12.385485976750115,101130.98934860944
2.2752275227522754,12.386051705133877,101131.63279961493
2.28022802280228,12.386615731363555,101134.79393245367
2.2852285228522855,12.38717805347625,101130.89507220102
2.2902290229022904,12.387738669519717,101132.50706433227
2.295229522952295,12.388297577552374,101130.57303469203
2.3002300230023005,12.388854775643315,101126.8091251135
2.3052305230523054,12.389410261872328,101124.35927954274
2.31023102310231,12.389964034329898,101122.42329704546
2.3152315231523155,12.390516091117224,101136.50193070066
2.3202320232023204,12.391066430346234,101130.40357032213
2.325232523252325,12.391615050139585,101123.7196107956
2.3302330233023305,12.392161948630688,101124.8902814751
2.3352335233523354,12.392707123963717,101119.65624680262
2.34023402340234,12.393250574293614,101128.7152799859
2.3452345234523455,12.393792297786101,101132.31867011504
2.3502350235023504,12.394332292617701,101128.79601958558
2.355235523552355,12.394870556975741,101120.72219295937
2.3602360236023605,12.395407089058367,101126.52535879181
2.3652365236523654,12.395941887074548,101125.3273030061
2.37023702370237,12.396474949244102,101119.06814307465
2.3752375237523755,12.397006273797693,101114.99351546432
2.3802380238023804,12.397535858976847,101121.38637125732
2.385238523852385,12.398063703033964,101122.68351664399
2.3902390239023905,12.39858980423233,101126.2424866904
2.3952395239523954,12.399114160846121,101125.29930619213
2.4002400240024,12.399636771160429,101120.57625894745
2.4052405240524055,12.40015763347125,101118.36537704311
2.4102410241024104,12.400676746085516,101123.17717958536
2.415241524152415,12.401194107321091,101125.05138190239
2.4202420242024205,12.401709715506795,101119.36081858484
2.4252425242524254,12.402223568982397,101129.51894773766
2.43024302430243,12.402735666098643,101124.93314224096
2.4352435243524355,12.403246005217254,101116.97083279035
2.4402440244024404,12.403754584710942,101118.88609037254
2.4452445244524452,12.40426140296342,101114.0428477203
2.4502450245024505,12.404766458369414,101116.11177302021
2.4552455245524554,12.405269749334657,101120.81489629243
2.4602460246024602,12.405771274275928,101110.45978510415
2.4652465246524655,12.406271031621037,101113.72173636666
2.4702470247024704,12.406769019808843,101119.30484599047
2.4752475247524752,12.40726523728927,101121.04479047492
2.4802480248024805,12.407759682523306,101109.35420317242
2.4852485248524854,12.408252353983023,101118.5700758327
2.4902490249024902,12.408743250151572,101115.54079666236
2.4952495249524955,12.409232369523215,101118.36208623461
2.5002500250025004,12.40971971060331,101112.64446281137
2.5052505250525052,12.410205271908335,101116.89746029467
2.5102510251025105,12.410689051965896,101122.51665198567
2.5152515251525154,12.411171049314735,101117.54289893914
2.5202520252025202,12.411651262504728,101115.79476871893
2.5252525252525255,12.41212969009692,101124.17703998384
2.5302530253025304,12.412606330663506,101110.64976467533
2.5352535253525352,12.413081182787854,101109.91480863554
2.5402540254025405,12.413554245064521,101108.0264313065
2.5452545254525454,12.41402551609924,101103.7005883551
2.5502550255025502,12.414494994508948,101110.93221523933
2.5552555255525555,12.414962678921789,101108.3575524425
2.5602560256025604,12.415428567977122,101108.15456152499
2.5652565256525652,12.415892660325522,101110.69700821853
2.5702570257025705,12.416354954628808,101105.33886077153
2.5752575257525754,12.416815449560028,101100.18099921037
2.5802580258025802,12.417274143803482,101109.96474384272
2.5852585258525855,12.41773103605473,101102.26643334849
2.5902590259025904,12.418186125020592,101098.86108207465
2.5952595259525952,12.41863940941916,101103.81316476267
2.6002600260026005,12.419090887979817,101097.39230371178
2.6052605260526054,12.419540559443218,101105.37399357426
2.6102610261026102,12.41998842256133,101096.99528373747
2.6152615261526155,12.420434476097414,101096.6737861069
2.6202620262026204,12.420878718826051,101102.49249931295
2.6252625262526252,12.421321149533135,101103.30867551554
2.6302630263026305,12.42176176701589,101110.92803696531
2.6352635263526354,12.422200570082879,101105.60136002937
2.6402640264026402,12.422637557554003,101117.77191051835
2.6452645264526455,12.423072728260507,101101.04442169367
2.6502650265026504,12.423506081045009,101105.44010666096
2.6552655265526552,12.423937614761476,101097.44325515087
2.6602660266026605,12.424367328275252,101105.36073281636
2.6652665266526654,12.424795220463064,101106.36667511614
2.6702670267026702,12.425221290213017,101102.55748752932
2.6752675267526755,12.425645536424609,101091.96540782865
2.6802680268026804,12.426067958008746,101095.61473130141
2.6852685268526852,12.426488553887733,101103.08782541443
2.6902690269026905,12.426907322995286,101102.98062018988
2.6952695269526954,12.427324264276548,101097.23867109406
2.7002700270027002,12.427739376688082,101101.10546491577
2.7052705270527055,12.428152659197885,101096.15961775802
2.7102710271027104,12.428564110785397,101094.80627107846
2.7152715271527152,12.428973730441497,101097.27603926398
2.7202720272027205,12.42938151716852,101098.87047914439
2.7252725272527254,12.429787469980264,101094.70858508033
2.7302730273027302,12.430191587901978,101101.90909858831
2.7352735273527355,12.430593869970394,101096.31273636808
2.7402740274027404,12.430994315233713,101102.12956093253
2.7452745274527453,12.431392922751623,101101.4432385812
2.7502750275027505,12.431789691595297,101103.72252595653
2.7552755275527554,12.4321846208474,101093.44214211813
2.7602760276027603,12.432577709602105,101093.60421413435
2.7652765276527655,12.432968956965082,101099.53676218906
2.7702770277027704,12.433358362053514,101092.39619656371
2.7752775277527753,12.433745923996108,101087.74594562892
2.7802780278027805,12.43413164193308,101096.5982343858
2.7852785278527854,12.43451551501618,101094.60141916682
2.7902790279027903,12.434897542408695,101099.021652918
2.7952795279527956,12.435277723285445,101086.60479785955
2.8002800280028004,12.435656056832787,101092.63819824722
2.8052805280528053,12.436032542248642,101080.89317279514
2.8102810281028106,12.436407178742467,101095.69879542301
2.8152815281528154,12.436779965535289,101092.98511567281
2.8202820282028203,12.437150901859692,101094.5740745552
2.8252825282528256,12.437519986959831,101092.61008928472
2.8302830283028304,12.43788722009143,101089.53731550898
2.8352835283528353,12.438252600521793,101083.43416982323
2.8402840284028406,12.438616127529805,101082.44529941693
2.8452845284528454,12.438977800405937,101087.88759698794
2.8502850285028503,12.43933761845225,101086.19154098601
2.8552855285528556,12.4396955809824,101086.55807633542
2.8602860286028604,12.440051687321644,101094.59111976907
2.8652865286528653,12.440405936806842,101085.26108359445
2.8702870287028706,12.44075832878646,101085.00322411266
2.8752875287528754,12.441108862620577,101082.09795624953
2.8802880288028803,12.441457537680886,101084.94158477511
2.8852885288528856,12.441804353350703,101085.60666400276
2.8902890289028904,12.442149309024966,101086.58236340088
2.8952895289528953,12.442492404110236,101090.92425191356
2.9002900290029006,12.442833638024716,101086.22223285034
2.9052905290529054,12.44317301019823,101085.13590472465
2.9102910291029103,12.44351052007225,101085.75219400333
2.9152915291529156,12.443846167099885,101086.17457549523
2.9202920292029204,12.444179950745893,101084.67685384683
2.9252925292529253,12.444511870486673,101085.15867174961
2.9302930293029306,12.444841925810287,101076.16045168779
2.9352935293529354,12.445170116216444,101082.71454518956
2.9402940294029403,12.445496441216507,101080.18364879602
2.9452945294529456,12.445820900333514,101076.47594699902
2.9502950295029504,12.446143493102156,101090.08502661495
2.9552955295529553,12.44646421906879,101079.43277571518
2.9602960296029606,12.446783077791453,101083.57138828203
2.9652965296529654,12.447100068839845,101086.67223470203
2.9702970297029703,12.447415191795344,101072.63019354078
2.9752975297529756,12.44772844625101,101074.65943512727
2.9802980298029804,12.448039831811577,101087.29159044514
2.9852985298529853,12.448349348093465,101072.60024515101
2.9902990299029906,12.448656994724782,101078.5140799079
2.9952995299529954,12.44896277134532,101073.80993185646
3.0003000300030003,12.44926667760656,101080.27500773506
3.0053005300530056,12.449568713171677,101071.67722533707
3.0103010301030104,12.449868877715543,101079.80911828639
3.0153015301530153,12.450167170924722,101078.96358596557
3.0203020302030206,12.450463592497474,101079.93187135486
3.0253025302530254,12.45075814214377,101073.3683515239
3.0303030303030303,12.45105081958527,101071.15239025465
3.0353035303530356,12.451341624555342,101083.16721446597
3.0403040304030404,12.451630556799063,101081.12454379306
3.0453045304530453,12.451917616073215,101062.12690799402
3.0503050305030506,12.452202802146285,101066.6257849024
3.0553055305530554,12.452486114798477,101077.71244562152
3.0603060306030603,12.452767553821698,101076.44180864503
3.0653065306530656,12.453047119019569,101080.04652386023
3.0703070307030704,12.45332481020743,101081.31982459303
3.0753075307530753,12.453600627212335,101070.1155506345
3.0803080308030806,12.453874569873047,101067.06426135742
3.0853085308530854,12.454146638040056,101078.91361741562
3.0903090309030903,12.45441683157556,101064.65335142221
3.0953095309530956,12.454685150353482,101067.46008257935
3.1003100310031004,12.454951594259466,101071.32505458649
3.1053105310531053,12.455216163190869,101066.01752754059
3.1103110311031106,12.455478857056775,101073.13561761835
3.1153115311531154,12.45573967577799,101075.90987620092
3.1203120312031203,12.455998619287037,101065.62398982464
3.1253125312531256,12.456255687528165,101061.64890915692
3.1303130313031304,12.456510880457342,101067.66809257164
3.1353135313531353,12.456764198042269,101062.90925414293
3.1403140314031406,12.457015640262359,101066.77996037579
3.1453145314531454,12.457265207108751,101069.52086002634
3.1503150315031503,12.457512898584312,101064.37072453953
3.1553155315531556,12.45775871470363,101056.51505947564
3.1603160316031604,12.458002655493011,101064.47206238049
3.1653165316531653,12.458244720990495,101066.81948824873
3.1703170317031706,12.458484911245835,101066.77992343783
3.1753175317531754,12.45872322632051,101067.41814539961
3.1803180318031803,12.458959666287724,101073.27628694384
3.1853185318531856,12.4591942312324,101064.2417380464
3.1903190319031904,12.45942692125118,101075.6882641047
3.1953195319531953,12.459657736452435,101061.60798666137
3.2003200320032006,12.459886676956245,101069.85465556219
3.2053205320532054,12.460113742894414,101063.15329400612
3.2103210321032103,12.460338934410471,101065.38111614354
3.2153215321532156,12.460562251659649,101068.04500778452
3.2203220322032204,12.460783694808907,101062.46558009881
3.2253225322532253,12.46100326403692,101057.31118203336
3.2303230323032306,12.461220959534073,101058.62105290063
3.2353235323532354,12.461436781502462,101058.57453919151
3.2403240324032403,12.461650730155904,101071.55470204621
3.2453245324532456,12.461862805719921,101072.94253086633
3.2503250325032504,12.462073008431739,101059.31560057777
3.2553255325532553,12.462281338540302,101063.07028224795
3.2603260326032606,12.462487796306254,101063.81438062833
3.2653265326532654,12.462692382001942,101066.16330382256
3.2703270327032703,12.462895095911422,101061.72753620967
3.2753275327532756,12.463095938330445,101062.79751741496
3.2803280328032804,12.463294909566466,101058.11878734942
3.2853285328532853,12.46349200993863,101056.39091887434
3.2903290329032906,12.463687239777785,101062.67097312743
3.2953295329532954,12.46388059942647,101057.1798516824
3.3003300330033003,12.464072089238913,101057.79942672644
3.3053305330533056,12.46426170958103,101056.1361793698
3.3103310331033104,12.464449460830432,101061.3979099174
3.3153315331533153,12.464635343376397,101045.02533862642
3.3203320332033206,12.464819357619906,101058.54365597361
3.3253325332533255,12.465001503973602,101049.6216516949
3.3303330333033303,12.465181782861812,101060.61978791236
3.3353335333533356,12.465360194720539,101061.05709199037
3.3403340334033405,12.465536739997452,101052.60914342478
3.3453345334533453,12.465711419151889,101053.25416154762
3.3503350335033506,12.465884232654862,101052.7563265845
3.3553355335533555,12.466055180989034,101062.25123043479
3.3603360336033603,12.466224264648732,101041.9221938305
3.3653365336533656,12.466391484139944,101061.02936685274
3.3703370337033705,12.466556839980306,101060.1396544534
3.3753375337533753,12.466720332699104,101047.81429602172
3.3803380338033806,12.466881962837277,101061.9969546113
3.3853385338533855,12.467041730947402,101062.57185156773
3.3903390339033903,12.467199637593692,101057.29069579797
3.3953395339533956,12.467355683352007,101059.27378322674
3.4003400340034005,12.467509868809834,101047.28765943988
3.4053405340534053,12.467662194566287,101050.49240907002
3.4103410341034106,12.46781266123211,101049.23532848374
3.4153415341534155,12.467961269429667,101053.91964241941
3.4203420342034203,12.468108019792938,101054.41695844896
3.4253425342534256,12.468252912967518,101048.54296207533
3.4303430343034305,12.468395949610615,101042.7008709321
3.4353435343534353,12.468537130391038,101055.54907552533
3.4403440344034406,12.468676455989197,101061.98695617182
3.4453445344534455,12.468813927097104,101046.42399805518
3.4503450345034503,12.468949544418361,101044.23743005544
3.4553455345534556,12.469083308668157,101050.2175952568
3.4603460346034605,12.469215220573268,101046.4696746267
3.4653465346534653,12.46934528087205,101046.64350751725
3.4703470347034706,12.469473490314426,101045.99831871224
3.4753475347534755,12.469599849661902,101049.23616328978
3.4803480348034803,12.46972435968754,101045.66015097067
3.4853485348534856,12.46984702117596,101055.30464466325
3.4903490349034905,12.469967834923352,101047.4081239364
3.4953495349534953,12.470086801737443,101040.79086005825
3.5003500350035006,12.470203922437506,101047.35577525705
3.5053505350535055,12.470319197854366,101045.77498091655
3.5103510351035103,12.470432628830373,101050.65896442418
3.5153515351535156,12.470544216219407,101043.78861762771
3.5203520352035205,12.47065396088688,101038.57913294177
3.5253525352535253,12.470761863709717,101042.13002805335
3.5303530353035306,12.470867925576359,101032.2066125438
3.5353535353535355,12.470972147386753,101035.76683110234
3.5403540354035403,12.471074530052356,101042.4108952676
3.5453545354535456,12.471175074496113,101042.05473527106
3.5503550355035505,12.471273781652464,101040.9892990103
3.5553555355535553,12.471370652467334,101045.71792983441
3.5603560356035606,12.47146568789813,101046.29848244581
3.5653565356535655,12.471558888913727,101046.54236426478
3.5703570357035703,12.471650256494474,101048.85984296387
3.5753575357535756,12.471739791632174,101038.34092627434
3.5803580358035805,12.47182749533009,101048.12674079427
3.5853585358535853,12.471913368602934,101039.7394973672
3.5903590359035906,12.471997412476858,101041.05435689572
3.5953595359535955,12.47207962798945,101045.18497869637
3.6003600360036003,12.472160016189731,101046.13127959069
3.6053605360536056,12.47223857813814,101043.03589361295
3.6103610361036105,12.472315314906536,101036.34191149229
3.6153615361536153,12.472390227578188,101042.26559584562
3.6203620362036206,12.472463317247765,101045.04204425719
3.6253625362536255,12.472534585021332,101042.17676479883
3.6303630363036303,12.472604032016347,101040.79489874194
3.6353635363536356,12.472671659361646,101031.72584850343
3.6403640364036405,12.472737468197442,101033.5272733448
3.6453645364536453,12.472801459675319,101041.02493312895
3.6503650365036506,12.472863634958214,101035.35955584738
3.6553655365536555,12.472923995220421,101040.56620406866
3.6603660366036603,12.472982541647589,101038.6805096474
3.6653665366536656,12.47303927543669,101039.81080221989
3.6703670367036705,12.473094197796039,101037.69231473809
3.6753675367536753,12.473147309945267,101037.96769061811
3.6803680368036806,12.47319861311533,101032.43530114395
3.6853685368536855,12.473248108548484,101031.61287444294
3.6903690369036903,12.47329579749829,101039.95898069725
3.6953695369536956,12.4733416812296,101037.91598755463
3.7003700370037005,12.473385761018552,101037.79782928462
3.7053705370537053,12.473428038152559,101027.6506531623
3.7103710371037106,12.473468513930307,101038.1284848846
3.7153715371537155,12.473507189661737,101033.637693976
3.7203720372037203,12.473544066668046,101037.90723167037
3.7253725372537256,12.473579146281677,101032.62454527018
3.7303730373037305,12.473612429846305,101039.34561633895
3.7353735373537353,12.473643918716833,101027.23175704168
3.7403740374037406,12.473673614259388,101029.315703052
3.7453745374537455,12.473701517851302,101036.15137340533
3.7503750375037503,12.473727630881108,101034.742048513
3.7553755375537556,12.47375195474854,101026.0599547359
3.7603760376037605,12.473774490864507,101023.39698164289
3.7653765376537653,12.4737952406511,101031.8682780249
3.7703770377037706,12.473814205541577,101032.40953027378
3.7753775377537755,12.47383138698035,101031.47600856355
3.7803780378037803,12.47384678642298,101041.22823699606
3.7853785378537856,12.473860405336172,101036.64844001262
3.7903790379037905,12.473872245197759,101033.27925621551
3.7953795379537953,12.473882307496691,101029.23031496229
3.8003800380038006,12.473890593733039,101033.59854402376
3.8053805380538055,12.47389710541797,101029.84310248059
3.8103810381038103,12.473901844073746,101023.14768901313
3.8153815381538156,12.473904811233709,101022.6930717953
3.8203820382038205,12.473906008442285,101025.49632275451
3.8253825382538253,12.473905437254954,101033.36853714896
3.8303830383038306,12.473903099238253,101029.48991175284
3.8353835383538355,12.47389899596977,101027.07704804093
3.8403840384038403,12.473893129038123,101022.64094064431
3.8453845384538456,12.473885500042952,101032.0819941265
3.8503850385038505,12.473876110594919,101022.97670731769
3.855385538553856,12.473864962315686,101029.46046750472
3.8603860386038606,12.473852056837911,101022.2538286645
3.8653865386538655,12.47383739580524,101024.20889625006
3.870387038703871,12.473820980872292,101019.87335953602
3.8753875387538756,12.473802813704642,101021.40304458512
3.8803880388038805,12.473782895978834,101018.46254871311
3.885388538853886,12.47376122938234,101021.88603139186
3.8903890389038907,12.473737815613573,101027.67451961663
3.8953895389538955,12.47371265638187,101024.6153279253
3.900390039003901,12.473685753407471,101021.00803038685
3.9053905390539057,12.473657108421522,101022.15951353614
3.9103910391039105,12.47362672316606,101020.88799876987
3.915391539153916,12.473594599393998,101021.68297443575
3.9203920392039207,12.473560738869114,101016.83412331197
3.9253925392539255,12.473525143366052,101023.97159258027
3.930393039303931,12.473487814670294,101021.41402404512
3.9353935393539357,12.47344875457816,101027.6970435402
3.9403940394039405,12.473407964896788,101024.60508734571
3.945394539453946,12.473365447444138,101023.47024974834
3.9503950395039507,12.473321204048963,101025.57142612169
3.9553955395539555,12.473275236550805,101024.97019788866
3.960396039603961,12.473227546799992,101020.60180174575
3.9653965396539657,12.473178136657605,101014.85907919805
3.9703970397039705,12.473127007995492,101021.01181397343
3.975397539753976,12.47307416269624,101021.10764529058
3.9803980398039807,12.473019602653162,101011.3467118482
3.9853985398539855,12.472963329770295,101023.21804735836
3.990399039903991,12.472905345962385,101020.96499587843
3.9953995399539957,12.47284565315487,101013.1573952456
4.000400040004001,12.472784253283871,101016.81744390461
4.005400540054006,12.472721148296186,101012.11985130589
4.010401040104011,12.472656340149264,101016.01957997118
4.0154015401540155,12.472589830811204,101011.45460089932
4.02040204020402,12.472521622260745,101012.08572088803
4.025402540254025,12.47245171648724,101016.56874414772
4.030403040304031,12.472380115490655,101014.80926158091
4.035403540354036,12.472306821281554,101020.08088627974
4.040404040404041,12.47223183588109,101017.43422737265
4.0454045404540455,12.472155161320973,101022.58437379876
4.05040504050405,12.472076799643494,101019.6498763516
4.055405540554055,12.471996752901472,101008.14653031285
4.060406040604061,12.47191502315827,101014.7183997819
4.065406540654066,12.471831612487765,101018.79247064028
4.070407040704071,12.471746522974351,101008.76181967386
4.0754075407540755,12.471659756712908,101019.06239743273
4.08040804080408,12.471571315808802,101010.00648784886
4.085408540854085,12.47148120237787,101009.01808000161
4.090409040904091,12.471389418546396,101016.4926513504
4.095409540954096,12.471295966451114,101006.10613893744
4.100410041004101,12.471200848239187,101015.2245505835
4.1054105410541055,12.471104066068186,101017.928334015
4.11041104110411,12.47100562210609,101005.18199098376
4.115411541154115,12.470905518531264,101009.56688284411
4.120412041204121,12.470803757532451,101004.84970410532
4.125412541254126,12.470700341308747,101011.35791459329
4.130413041304131,12.470595272069607,101002.73861638694
4.1354135413541355,12.470488552034807,101011.27464214116
4.14041404140414,12.47038018343445,101009.07199552635
4.145414541454145,12.470270168508945,101018.93712791732
4.150415041504151,12.470158509508988,101012.44636062044
4.155415541554156,12.470045208695554,101015.09508009882
4.160416041604161,12.469930268339887,101009.70540622773
4.1654165416541655,12.469813690723472,101012.49493847981
4.17041704170417,12.469695478138032,101013.23382435994
4.175417541754175,12.469575632885514,101010.72983025011
4.180418041804181,12.469454157278067,101004.22994333126
4.185418541854186,12.469331053638031,101009.30345127781
4.190419041904191,12.469206324297929,101008.24619929591
4.1954195419541955,12.46907997160044,101002.6851495962
4.2004200420042,12.468951997898394,101003.85546288747
4.205420542054205,12.468822405554757,101007.88408540431
4.210421042104211,12.46869119694261,101007.18156282768
4.215421542154216,12.468558374445136,101007.73174271901
4.220422042204221,12.468423940455608,101005.0895590463
4.2254225422542255,12.46828789737738,101001.53764860489
4.23042304230423,12.468150247623855,101009.57507134114
4.235423542354235,12.468010993618483,101008.62435803881
4.240424042404241,12.467870137794746,101008.4150039216
4.245424542454246,12.467727682596136,101002.26896190231
4.250425042504251,12.46758363047614,101002.21121755606
4.2554255425542555,12.467437983898236,101004.33957652208
4.26042604260426,12.467290745335863,101011.97906904484
4.265426542654265,12.46714191727241,101008.21174225767
4.270427042704271,12.466991502201214,101004.49538364721
4.275427542754276,12.466839502625518,101007.10311546274
4.280428042804281,12.46668592105848,101005.42885414268
4.2854285428542855,12.466530760023144,101004.25221452159
4.29042904290429,12.466374022052426,101000.13275581118
4.295429542954295,12.466215709689104,101004.35461849895
4.300430043004301,12.466055825485794,101002.45643811894
4.305430543054306,12.465894372004943,101007.46364537535
4.310431043104311,12.4657313518188,101000.73679782546
4.3154315431543155,12.465566767509417,100998.73727750099
4.32043204320432,12.465400621668616,100999.66768396685
4.325432543254325,12.465232916897984,101010.4039696268
4.330433043304331,12.465063655808853,101003.35845663382
4.335433543354336,12.464892841022287,101007.99713862601
4.340434043404341,12.464720475169056,101003.75446359318
4.3454345434543455,12.464546560889628,101004.81729877321
4.35043504350435,12.464371100834157,101002.38581446915
4.355435543554355,12.464194097662453,101003.35242312483
4.360436043604361,12.464015554043973,101014.9668368286
4.365436543654366,12.463835472657808,101004.49595980438
4.370437043704371,12.463653856192657,100996.7955130226
4.3754375437543755,12.463470707346817,101002.70913983799
4.38043804380438,12.463286028828168,101001.43319459802
4.385438543854385,12.463099823354147,101001.2792945189
4.390439043904391,12.462912093651736,100999.24652334278
4.395439543954396,12.462722842457453,100999.63366450589
4.400440044004401,12.462532072517318,101002.08001141224
4.4054405440544055,12.462339786586849,100995.76009248295
4.41044104410441,12.462145987431045,100993.24469118258
4.415441544154415,12.461950677824355,101005.5800404455
4.420442044204421,12.461753860550678,100990.82524345355
4.425442544254426,12.461555538403337,100988.80306026037
4.430443044304431,12.461355714185059,100994.02778594423
4.4354435443544356,12.46115439070796,100997.73357998152
4.44044404440444,12.460951570793538,100999.73701870648
4.445444544454445,12.460747257272631,100995.83623489612
4.450445044504451,12.460541452985424,100997.20215179631
4.455445544554456,12.460334160781422,100988.31733941226
4.460446044604461,12.460125383519422,100991.73105890356
4.4654465446544656,12.459915124067514,100996.69528413862
4.47044704470447,12.459703385303046,101003.79869755986
4.475447544754475,12.459490170112623,100996.49949238017
4.480448044804481,12.45927548139207,100994.87457900784
4.485448544854486,12.459059322046425,100998.84353709374
4.490449044904491,12.458841694989927,101000.21398374731
4.495449544954496,12.458622603145983,100995.13307834107
4.5004500450045,12.458402049447153,100987.4760380803
4.505450545054505,12.458180036835149,100994.20140549235
4.510451045104511,12.457956568260789,100994.26271838903
4.515451545154516,12.457731646684,100992.84301046541
4.520452045204521,12.457505275073789,101001.71177286681
4.525452545254526,12.457277456408232,100985.23838369566
4.53045304530453,12.457048193674444,100996.63610857145
4.535453545354535,12.456817489868573,100992.60973519625
4.540454045404541,12.456585347995775,100988.01587300024
4.545454545454546,12.456351771070189,100991.94993842566
4.550455045504551,12.456116762114936,101002.0215659235
4.555455545554556,12.45588032416208,100997.061985816
4.56045604560456,12.455642460252621,100992.60530047164
4.565456545654565,12.455403173436476,100999.20999386172
4.570457045704571,12.45516246677245,100994.31882619801
4.575457545754576,12.454920343328228,100991.93536522766
4.580458045804581,12.454676806180355,100989.09150956223
4.585458545854586,12.454431858414209,100997.52257960581
4.59045904590459,12.454185503123982,100983.34532278855
4.595459545954595,12.453937743412677,101000.74076226511
4.600460046004601,12.453688582392065,100994.08214552088
4.605460546054606,12.453438023182681,100994.00684410716
4.610461046104611,12.453186068913801,100984.7678332838
4.615461546154616,12.452932722723423,100983.30752391434
4.62046204620462,12.452677987758245,100996.3136264227
4.625462546254625,12.45242186717364,100984.60517160958
4.630463046304631,12.452164364133656,100990.8889483066
4.635463546354636,12.451905481810975,100986.40568916565
4.640464046404641,12.4516452233869,100990.73137666215
4.645464546454646,12.45138359205134,100994.3864284948
4.65046504650465,12.451120591002786,100996.3182218064
4.655465546554655,12.450856223448287,100988.62374198496
4.660466046604661,12.450590492603443,100982.3340307972
4.665466546654666,12.450323401692367,100983.65001146762
4.670467046704671,12.450054953947678,100978.25270108946
4.675467546754676,12.449785152610483,100984.51407208054
4.68046804680468,12.449514000930339,100986.83576484758
4.685468546854685,12.44924150216525,100986.6903398863
4.690469046904691,12.448967659581646,100975.64912404037
4.695469546954696,12.448692476454347,100989.44143248447
4.700470047004701,12.448415956066562,100984.05632709643
4.705470547054706,12.448138101709857,100991.15458729687
4.71047104710471,12.447858916684135,100987.9984785154
4.715471547154715,12.447578404297616,100984.59498921614
4.720472047204721,12.447296567866825,100992.6594228548
4.725472547254726,12.447013410716556,100983.95387471735
4.730473047304731,12.446728936179861,100985.65019591953
4.735473547354736,12.446443147598034,100989.15314993156
4.74047404740474,12.446156048320573,100990.9551658262
4.745474547454745,12.445867641705178,100983.58278960308
4.750475047504751,12.445577931117713,100990.17631507611
4.755475547554756,12.445286919932204,100978.12429641787
4.760476047604761,12.444994611530799,100983.89337847372
4.765476547654766,12.444701009303758,100982.0717444052
4.77047704770477,12.44440611664943,100983.05127934844
4.775477547754775,12.444109936974229,100986.20942514847
4.780478047804781,12.443812473692615,100990.23580742751
4.785478547854786,12.443513730227075,100986.15562599963
4.790479047904791,12.443213710008093,100987.64995951917
4.795479547954796,12.442912416474138,100981.53593852662
4.8004800480048,12.442609853071641,100979.91740086528
4.805480548054805,12.442306023254966,100976.93876610209
4.810481048104811,12.442000930486397,100997.54872962918
4.815481548154816,12.441694578236113,100998.74776260508
4.820482048204821,12.441386969982164,100989.41408136739
4.825482548254826,12.441078109210453,100987.6865644549
4.83048304830483,12.440767999414716,100974.39234283635
4.835483548354835,12.440456644096491,100981.4224342129
4.840484048404841,12.440144046765104,100977.02393906534
4.845484548454846,12.439830210937652,100986.14011851423
4.850485048504851,12.439515140138962,100980.63891545984
4.855485548554856,12.43919883790159,100982.89702850736
4.86048604860486,12.438881307765786,100981.76246877015
4.865486548654865,12.43856255327948,100983.08058402735
4.870487048704871,12.438242577998253,100976.82346750214
4.875487548754876,12.437921385485312,100975.09397087341
4.880488048804881,12.437598979311487,100984.62291706553
4.885488548854886,12.43727536305518,100980.0753585266
4.8904890489048904,12.436950540302366,100983.62001956023
4.895489548954895,12.436624514646562,100982.858659941
4.900490049004901,12.436297289688802,100983.25355976024
4.905490549054906,12.435968869037616,100973.28728698083
4.910491049104911,12.435639256309015,100973.48761047253
4.915491549154916,12.435308455126455,100975.41266767957
4.9204920492049204,12.434976469120821,100990.29276667819
4.925492549254925,12.434643301930413,100982.72213284136
4.930493049304931,12.434308957200905,100973.57936253159
4.935493549354936,12.433973438585339,100976.93697089446
4.940494049404941,12.433636749744092,100979.70744089756
4.945494549454946,12.433298894344858,100969.38929330191
4.9504950495049505,12.43295987606262,100973.90340384288
4.955495549554955,12.432619698579638,100972.97154110731
4.960496049604961,12.432278365585407,100979.3523297841
4.965496549654966,12.431935880776656,100974.19992881725
4.970497049704971,12.43159224785731,100979.22969499795
4.975497549754976,12.431247470538471,100980.1782253776
4.9804980498049805,12.430901552538392,100976.65198274601
4.985498549854985,12.430554497582467,100959.33378972767
4.990499049904991,12.430206309403182,100976.05462424248
4.995499549954996,12.429856991740122,100969.96718463609
5.000500050005001,12.42950654833992,100983.83246919881
5.005500550055006,12.429154982956257,100971.69204811647
5.0105010501050105,12.428802299349822,100975.16381557904
5.015501550155015,12.428448501288294,100981.45420504293
5.020502050205021,12.42809359254632,100982.99722423761
5.025502550255026,12.427737576905493,100969.42564911825
5.030503050305031,12.42738045815432,100973.13752928496
5.035503550355036,12.427022240088206,100971.63159427435
5.0405040504050405,12.426662926509433,100984.25961226468
5.045504550455045,12.42630252122712,100969.97888147562
5.050505050505051,12.425941028057224,100980.54655195757
5.055505550555056,12.425578450822494,100974.09057397416
5.060506050605061,12.425214793352454,100971.55746407255
5.065506550655066,12.424850059483392,100970.84259292953
5.0705070507050705,12.424484253058312,100971.51090010806
5.075507550755075,12.424117377926928,100972.16839099988
5.080508050805081,12.423749437945638,100964.78299400926
5.085508550855086,12.423380436977492,100972.82059393963
5.090509050905091,12.423010378892174,100965.66368004993
5.095509550955096,12.42263926756598,100977.01023391976
5.1005100510051005,12.422267106881783,100968.66539071176
5.105510551055105,12.42189390072902,100972.55686065863
5.110511051105111,12.421519653003662,100969.25418439478
5.115511551155116,12.421144367608195,100967.72739862875
5.120512051205121,12.420768048451583,100970.78867835684
5.125512551255126,12.420390699449264,100970.8981773025
5.1305130513051305,12.420012324523107,100966.15719884254
5.135513551355136,12.419632927601393,100962.84624558713
5.140514051405141,12.419252512618792,100969.792124282
5.145514551455146,12.418871083516345,100979.03344336712
5.150515051505151,12.418488644241425,100973.23760431362
5.155515551555156,12.418105198747721,100963.90371504356
5.1605160516051605,12.417720750995217,100962.21653332408
5.165516551655166,12.417335304950155,100968.82705780356
5.170517051705171,12.416948864585024,100967.28497931577
5.175517551755176,12.416561433878526,100974.98761716436
5.180518051805181,12.416173016815552,100966.1277764016
5.185518551855186,12.415783617387163,100965.72280883919
5.1905190519051905,12.415393239590559,100965.76701004618
5.195519551955196,12.415001887429057,100965.76173664293
5.200520052005201,12.414609564912059,100964.75064762762
5.205520552055206,12.414216276055043,100967.87404538375
5.210521052105211,12.413822024879524,100969.73404947671
5.215521552155216,12.413426815413025,100967.91903578039
5.2205220522052205,12.413030651689072,100971.02116186425
5.225522552255226,12.412633537747148,100973.0587898265
5.230523052305231,12.412235477632676,100967.38961698902
5.235523552355236,12.411836475397001,100964.762016604
5.240524052405241,12.41143653509735,100968.9072605331
5.245524552455246,12.411035660796815,100959.75444307577
5.2505250525052505,12.410633856564331,100968.40468410477
5.255525552555256,12.410231126474642,100969.55473601766
5.260526052605261,12.409827474608282,100969.49796577128
5.265526552655266,12.409422905051546,100966.44641949983
5.270527052705271,12.409017421896467,100965.39168176608
5.275527552755276,12.408611029240788,100956.4650296689
5.2805280528052805,12.408203731187935,100961.32218999967
5.285528552855286,12.407795531847004,100974.86303448699
5.290529052905291,12.407386435332711,100966.06759003623
5.295529552955296,12.406976445765387,100963.21531847861
5.300530053005301,12.406565567270952,100970.73127985517
5.305530553055306,12.406153803980875,100973.56264156752
5.3105310531053105,12.405741160032152,100967.18701104197
5.315531553155316,12.405327639567298,100966.43808875498
5.320532053205321,12.404913246734298,100966.27704170537
5.325532553255326,12.404497985686586,100955.79204805025
5.330533053305331,12.404081860583037,100968.40557127865
5.335533553355336,12.403664875587916,100961.71451371032
5.3405340534053405,12.403247034870867,100968.05088466515
5.345534553455346,12.402828342606886,100958.81639056932
5.350535053505351,12.402408802976288,100961.27863749454
5.355535553555356,12.401988420164685,100961.92298173143
5.360536053605361,12.401567198362965,100960.09413812666
5.365536553655366,12.401145141767257,100958.64488790958
5.3705370537053705,12.400722254578907,100965.42695639606
5.375537553755376,12.400298541004458,100971.29213192193
5.380538053805381,12.399874005255615,100964.36382744627
5.385538553855386,12.399448651549221,100962.27571820898
5.390539053905391,12.399022484107242,100969.99200696098
5.395539553955396,12.398595507156717,100965.15592148439
5.4005400540054005,12.398167724929756,100968.60293549496
5.405540554055406,12.397739141663497,100963.62919783106
5.410541054105411,12.39730976160009,100973.94881865263
5.415541554155416,12.396879588986664,100964.40516324189
5.420542054205421,12.3964486280753,100960.62887593904
5.425542554255426,12.39601688312301,100957.69691259031
5.4305430543054305,12.39558435839171,100952.87012754851
5.435543554355436,12.39515105814818,100967.10708357983
5.440544054405441,12.394716986664061,100960.13211872628
5.445544554455446,12.394282148215806,100969.16380773675
5.450545054505451,12.393846547084665,100965.07154863604
5.455545554555456,12.39341018755666,100961.46910965822
5.4605460546054605,12.392973073922546,100963.25281052355
5.465546554655466,12.392535210477797,100952.19457625832
5.470547054705471,12.392096601522576,100957.99497052947
5.475547554755476,12.391657251361703,100965.54682027508
5.480548054805481,12.39121716430463,100957.5009003386
5.485548554855486,12.39077634466542,100956.14829260034
5.4905490549054905,12.390334796762716,100955.4765641321
5.495549554955496,12.389892524919704,100960.23389866596
5.500550055005501,12.38944953346411,100963.57447357797
5.505550555055506,12.389005826728145,100959.07847646384
5.510551055105511,12.3885614090485,100963.90759244762
5.515551555155516,12.38811628476631,100957.97115252801
5.5205520552055205,12.387670458227122,100961.73309116295
5.525552555255526,12.387223933780875,100958.06733239733
5.530553055305531,12.386776715781874,100963.8902006796
5.535553555355536,12.386328808588756,100949.20512855145
5.540554055405541,12.385880216564468,100967.7330908553
5.545554555455546,12.385430944076235,100961.81294410196
5.5505550555055505,12.384980995495544,100953.39031559446
5.555555555555556,12.384530375198098,100957.25882491136
5.560556055605561,12.384079087563803,100958.38947817846
5.565556555655566,12.383627136976742,100965.74835818096
5.570557055705571,12.383174527825135,100956.69311782121
5.575557555755576,12.38272126450132,100955.06844187477
5.5805580558055805,12.38226735140173,100957.68415816236
5.585558555855586,12.381812792926853,100958.21831584166
5.590559055905591,12.381357593481214,100953.7194151187
5.595559555955596,12.380901757473346,100952.06983943986
5.600560056005601,12.380445289315762,100953.4066535353
5.605560556055606,12.379988193424923,100965.54226742654
5.6105610561056105,12.379530474221218,100962.0959720906
5.615561556155616,12.37907213612893,100959.18618822463
5.620562056205621,12.37861318357621,100957.15389523974
5.625562556255626,12.378153620995054,100955.51036736622
5.630563056305631,12.37769345282127,100956.73238804213
5.635563556355636,12.377232683494448,100954.91966392993
5.6405640564056405,12.37677131745794,100950.82432847194
5.645564556455646,12.37630935915883,100952.69725671741
5.650565056505651,12.375846813047895,100956.16671795078
5.655565556555656,12.3753836835796,100960.5471982369
5.660566056605661,12.374919975212045,100953.10994708503
5.665566556655666,12.374455692406954,100946.96716074372
5.6705670567056705,12.373990839629645,100952.60259047207
5.675567556755676,12.373525421348992,100943.50665562718
5.680568056805681,12.373059442037409,100961.29481744613
5.685568556855686,12.372592906170814,100951.50413444983
5.690569056905691,12.372125818228609,100941.73822499932
5.695569556955696,12.371658182693642,100958.13259283874
5.7005700570057005,12.371190004052185,100954.4472406614
5.705570557055706,12.370721286793911,100947.929801601
5.710571057105711,12.370252035411852,100949.0545362395
5.715571557155716,12.369782254402379,100956.11248992548
5.720572057205721,12.369311948265185,100953.32837649297
5.725572557255726,12.368841121503232,100957.51429159705
5.7305730573057305,12.368369778622743,100950.4216627807
5.735573557355736,12.36789792413317,100957.277777857
5.740574057405741,12.367425562547156,100956.7228212972
5.745574557455746,12.366952698380521,100952.44688652614
5.750575057505751,12.36647933615222,100957.35831310146
5.755575557555756,12.366005480384331,100957.0442130677
5.7605760576057605,12.365531135602005,100953.89723585035
5.765576557655766,12.36505630633346,100942.16242347409
5.770577057705771,12.364580997109941,100958.87260350808
5.775577557755776,12.364105212465686,100950.97962673867
5.780578057805781,12.363628956937916,100948.51457519835
5.785578557855786,12.363152235066785,100961.51859397443
5.7905790579057905,12.36267505139537,100955.61467889727
5.795579557955796,12.36219741046963,100952.67873933722
5.800580058005801,12.361719316838386,100961.87456329132
5.805580558055806,12.361240775053288,100959.00889514855
5.810581058105811,12.360761789668784,100962.04818405464
5.815581558155816,12.360282365242103,100948.53028665778
5.8205820582058205,12.359802506333208,100952.36602827975
5.825582558255826,12.359322217504786,100959.28760144922
5.830583058305831,12.358841503322209,100956.94275047905
5.835583558355836,12.35836036835351,100950.28407844038
5.840584058405841,12.357878817169345,100957.33831813303
5.845584558455846,12.357396854342985,100949.9749333126
5.8505850585058505,12.356914484450261,100949.47390696204
5.855585558555856,12.356431712069554,100953.65107681714
5.860586058605861,12.355948541781766,100955.78947777914
5.865586558655866,12.35546497817028,100953.70224748367
5.870587058705871,12.354981025820935,100951.9395579151
5.875587558755876,12.354496689322012,100949.12727169888
5.8805880588058805,12.354011973264182,100955.21758301229
5.885588558855886,12.353526882240491,100952.37532742787
5.890589058905891,12.353041420846337,100956.70020742058
5.895589558955896,12.352555593679421,100950.53223446173
5.900590059005901,12.352069405339737,100948.48434163704
5.905590559055906,12.351582860429541,100949.3531268848
5.9105910591059105,12.35109596355331,100953.45290137087
5.915591559155916,12.350608719317725,100950.3179088093
5.920592059205921,12.350121132331639,100950.07657919485
5.925592559255926,12.349633207206045,100954.8084541772
5.930593059305931,12.349144948554054,100950.74866222529
5.935593559355936,12.348656360990855,100953.4964377538
5.9405940594059405,12.348167449133703,100955.04341846512
5.945594559455946,12.347678217601873,100955.68571382578
5.950595059505951,12.347188671016637,100941.6138761247
5.955595559555956,12.346698814001243,100955.36923392607
5.960596059605961,12.346208651180875,100950.87869128685
5.965596559655966,12.34571818718263,100943.95417865703
5.9705970597059705,12.345227426635489,100950.9813607506
5.975597559755976,12.344736374170283,100948.68613057472
5.980598059805981,12.34424503441967,100951.11476481568
5.985598559855986,12.343753412018106,100958.18446639348
5.990599059905991,12.343261511601813,100949.8245333346
5.995599559955996,12.342769337808747,100956.70993571567
6.0006000600060005,12.342276895278578,100952.45635119817
6.005600560056006,12.341784188652653,100938.70310466441
6.010601060106011,12.341291222573972,100944.4300652013
6.015601560156016,12.340798001687155,100947.44477255082
6.020602060206021,12.340304530638415,100950.50008832716
6.025602560256026,12.339810814075527,100953.26461727875
6.0306030603060305,12.339316856647809,100953.98409601086
6.035603560356036,12.338822663006075,100948.2614115127
6.040604060406041,12.338328237802621,100941.06624808077
6.045604560456046,12.337833585691188,100953.41566693287
6.050605060506051,12.337338711326938,100952.42721969912
6.055605560556056,12.33684361936642,100953.06538065459
6.0606060606060606,12.336348314467541,100939.18106669838
6.065606560656066,12.335852801289548,100944.82202184534
6.070607060706071,12.335357084492982,100952.51091989015
6.075607560756076,12.334861168739655,100956.10123862678
6.080608060806081,12.334365058692635,100943.00937061092
6.085608560856086,12.33386875901619,100962.01204229267
6.0906090609060906,12.333372274375781,100955.86616103793
6.095609560956096,12.332875609438025,100947.93398541644
6.100610061006101,12.332378768870667,100949.48464590781
6.105610561056106,12.331881757342543,100944.3672502779
6.110611061106111,12.33138457952357,100956.33298541892
6.115611561156116,12.330887240084692,100943.30304520343
6.120612061206121,12.330389743697868,100955.22223643096
6.125612561256126,12.329892095036042,100950.37216627339
6.130613061306131,12.329394298773106,100942.72600914998
6.135613561356136,12.328896359583874,100949.43632021677
6.140614061406141,12.328398282144057,100945.70686126447
6.145614561456146,12.327900071130228,100950.3945678634
6.150615061506151,12.32740173121979,100952.99968913061
6.155615561556156,12.326903267090964,100950.15442799927
6.160616061606161,12.326404683422739,100949.01042748611
6.165616561656166,12.325905984894847,100951.41977220285
6.170617061706171,12.325407176187749,100948.01433266234
6.175617561756176,12.32490826198259,100951.96440704193
6.180618061806181,12.324409246961167,100950.26675050861
6.185618561856186,12.323910135805923,100943.85137582304
6.190619061906191,12.323410933199888,100960.52454381545
6.195619561956196,12.32291164382667,100946.4972364741
6.200620062006201,12.32241227237042,100949.47305216409
6.205620562056206,12.321912823515797,100949.32013169971
6.210621062106211,12.321413301947949,100951.99915932228
6.215621562156216,12.320913712352473,100947.99045564141
6.220622062206221,12.320414059415402,100945.67017754789
6.225622562256226,12.319914347823154,100946.29686774293
6.230623062306231,12.319414582262516,100939.33570189794
6.235623562356236,12.318914767420617,100951.11685767237
6.240624062406241,12.31841490798489,100951.65749498692
6.245624562456246,12.317915008643046,100955.31095250646
6.250625062506251,12.317415074083051,100942.43358532636
6.255625562556256,12.316915108993085,100947.10341720602
6.260626062606261,12.316415118061519,100949.40316591178
6.265626562656266,12.315915105976892,100949.52780019517
6.270627062706271,12.31541507742787,100954.30760045334
6.275627562756276,12.314915037103221,100954.20063683411
6.280628062806281,12.314414989691791,100943.42187792806
6.285628562856286,12.313914939882466,100943.6952820314
6.290629062906291,12.313414892364149,100951.22532713864
6.295629562956296,12.312914851825731,100954.91211785683
6.300630063006301,12.312414822956054,100949.93304713967
6.305630563056306,12.31191481044389,100952.31099864094
6.310631063106311,12.31141481897791,100954.89619793848
6.315631563156316,12.310914853246654,100944.99699272586
6.320632063206321,12.310414917938495,100934.47636630133
6.325632563256326,12.309915017741623,100948.41919379031
6.330633063306331,12.309415157344006,100942.63664865296
6.335633563356336,12.30891534143336,100948.48385859218
6.340634063406341,12.308415574697127,100941.69048190242
6.345634563456346,12.307915861822442,100938.02567346944
6.350635063506351,12.307416207496102,100946.16835304043
6.355635563556356,12.306916616404532,100946.80900886802
6.360636063606361,12.306417093233774,100941.88368927286
6.365636563656366,12.305917642669435,100952.16486662927
6.370637063706371,12.305418269396672,100949.9548273594
6.375637563756376,12.30491897810016,100952.44468861657
6.380638063806381,12.30441977346406,100943.52934001376
6.385638563856386,12.30392066017199,100950.81981371764
6.390639063906391,12.303421642907,100944.70083541861
6.395639563956396,12.30292272635154,100944.08683844557
6.400640064006401,12.302423915187424,100944.75525628429
6.405640564056406,12.301925214095814,100952.07232794665
6.410641064106411,12.301426627757184,100938.1723445121
6.415641564156416,12.300928160851283,100942.5828118593
6.420642064206421,12.300429818057124,100938.1243890517
6.425642564256426,12.299931604052937,100942.98940797485
6.430643064306431,12.299433523516146,100947.50892358263
6.435643564356436,12.29893558112335,100951.19726046668
6.440644064406441,12.298437781550273,100938.3665725389
6.445644564456446,12.29794012947175,100949.43330924778
6.450645064506451,12.297442629561699,100946.32135242467
6.455645564556456,12.29694528649308,100948.1702238549
6.460646064606461,12.296448104937877,100941.78944062314
6.465646564656466,12.29595108956706,100945.54714132294
6.470647064706471,12.295454245050568,100947.49548566213
6.475647564756476,12.294957576057262,100947.61103529522
6.480648064806481,12.294461087254911,100944.70758272853
6.485648564856486,12.29396478331016,100934.69491255305
6.490649064906491,12.293468668888494,100945.4884439619
6.495649564956496,12.292972748654213,100938.73042847753
6.500650065006501,12.292477027270408,100942.16784092746
6.505650565056506,12.291981509398921,100945.76483363894
6.510651065106511,12.291486199700326,100940.94331333708
6.515651565156516,12.290991102833896,100948.83089557543
6.520652065206521,12.290496223457568,100935.34804626752
6.525652565256526,12.290001566227925,100942.69574610307
6.530653065306531,12.289507135800163,100947.56761176747
6.535653565356536,12.289012936828051,100944.95626793156
6.540654065406541,12.288518973963917,100940.17507236394
6.545654565456546,12.288025251858619,100940.10842075961
6.550655065506551,12.287531775161499,100946.21081787789
6.555655565556556,12.287038548520368,100947.57502629727
6.560656065606561,12.286545576581481,100947.32570161064
6.565656565656566,12.286052863989493,100939.80945462207
6.570657065706571,12.285560415387437,100937.84603077208
6.575657565756576,12.285068235416704,100943.32587104927
6.580658065806581,12.284576328716998,100951.68234194056
6.585658565856586,12.284084699926316,100953.13320808293
6.590659065906591,12.28359335368092,100945.31642604058
6.595659565956596,12.283102294615308,100938.86232879967
6.600660066006601,12.282611527362173,100942.33339145724
6.605660566056606,12.282121056552395,100945.9474168507
6.610661066106611,12.281630886814996,100935.42350223253
6.615661566156616,12.281141022777117,100952.28343976346
6.620662066206621,12.280651469063981,100941.90534548373
6.625662566256626,12.280162230298885,100939.61296188647
6.630663066306631,12.279673311103144,100939.89548559055
6.635663566356636,12.279184716096081,100938.8471062763
6.640664066406641,12.278696449894996,100941.65742633941
6.645664566456646,12.278208517115129,100941.29582312967
6.650665066506651,12.27772092236963,100937.20399205458
6.655665566556656,12.277233670269549,100947.62113982826
6.660666066606661,12.276746765423786,100943.56073770559
6.665666566656666,12.276260212439068,100942.20027245009
6.670667066706671,12.275774015919929,100952.2556113379
6.675667566756676,12.27528818046867,100944.14920258956
6.680668066806681,12.274802710685337,100942.06739152751
6.685668566856686,12.274317611167692,100946.88941963337
6.690669066906691,12.273832886511178,100940.63336891432
6.695669566956696,12.273348541308893,100950.81277239964
6.700670067006701,12.272864580151571,100939.6035277621
6.705670567056706,12.27238100762754,100939.37999651262
6.710671067106711,12.271897828322697,100943.87383785585
6.715671567156716,12.271415046820486,100940.74737367302
6.720672067206721,12.270932667701862,100941.03621413409
6.725672567256726,12.270450695545259,100944.02278348323
6.730673067306731,12.269969134926576,100949.64977473253
6.735673567356736,12.269487990419137,100943.22198782388
6.740674067406741,12.26900726659366,100940.02794279034
6.745674567456746,12.268526968018234,100947.00766342177
6.750675067506751,12.268047099258299,100949.6322559258
6.755675567556756,12.267567664876596,100941.88957186304
6.760676067606761,12.267088669433155,100944.64921298671
6.765676567656766,12.266610117485268,100939.30779378115
6.770677067706771,12.266132013587445,100950.43685917545
6.775677567756776,12.265654362291398,100943.69283755044
6.780678067806781,12.265177168146018,100942.40961666143
6.785678567856786,12.264700435697327,100931.05950900535
6.790679067906791,12.264224169488463,100934.19063217996
6.795679567956796,12.263748374059658,100945.73828094036
6.800680068006801,12.26327305394819,100941.15518225679
6.805680568056806,12.26279821368837,100939.15676232394
6.810681068106811,12.262323857811513,100935.47887341562
6.815681568156816,12.261849990845903,100945.56853594391
6.820682068206821,12.261376617316762,100939.53474868691
6.825682568256826,12.260903741746239,100941.55931253583
6.830683068306831,12.26043136865336,100945.33390368373
6.835683568356836,12.259959502554015,100937.36301862988
6.840684068406841,12.259488147960926,100935.87193053283
6.845684568456846,12.259017309383612,100935.91696776655
6.850685068506851,12.25854699132837,100941.40530099113
6.855685568556856,12.258077198298242,100942.33182504155
6.860686068606861,12.25760793479299,100939.87912956405
6.865686568656866,12.25713920530906,100935.91531300619
6.870687068706871,12.256671014339569,100944.3407628728
6.875687568756876,12.25620336637426,100946.35570982158
6.880688068806881,12.255736265899483,100941.45224376743
6.885688568856886,12.255269717398166,100950.17203795857
6.890689068906891,12.25480372534979,100951.35505116882
6.895689568956896,12.254338294230353,100941.6740188386
6.900690069006901,12.253873428512346,100944.20014407186
6.905690569056906,12.25340913266473,100943.94762838024
6.910691069106911,12.2529454111529,100934.93382958582
6.915691569156916,12.25248226843866,100941.08595695351
6.920692069206921,12.252019708980201,100942.72963735777
6.925692569256926,12.251557737232064,100949.9619369259
6.930693069306931,12.25109635764511,100941.11085027173
6.935693569356936,12.250635574666514,100937.24755841037
6.940694069406941,12.250175392739708,100938.33414297333
6.945694569456946,12.249715816304368,100943.76406334904
6.950695069506951,12.249256849796394,100942.577415146
6.955695569556956,12.248798497647863,100940.76846110082
6.960696069606961,12.248340764287015,100944.26602029716
6.965696569656966,12.247883654138224,100943.47959004511
6.970697069706971,12.247427171621968,100936.60019546232
6.975697569756976,12.246971321154795,100939.70378636215
6.980698069806981,12.246516107149311,100939.43456124989
6.985698569856986,12.246061534014139,100941.15519792942
6.990699069906991,12.245607606153895,100938.79989903
6.995699569956996,12.245154327969159,100950.18942328278
7.000700070007001,12.244701703856459,100941.4165010043
7.005700570057006,12.244249738208225,100940.13599437736
7.010701070107011,12.243798435412772,100940.77774061846
7.015701570157016,12.243347799854277,100952.252468361
7.020702070207021,12.242897835912741,100952.4889738762
7.025702570257026,12.242448547963965,100933.44725501438
7.030703070307031,12.24199994037953,100935.50111438957
7.035703570357036,12.241552017526763,100944.39152083751
7.040704070407041,12.2411047837687,100940.81965869499
7.045704570457046,12.240658243464086,100940.50091711301
7.050705070507051,12.240212400967321,100939.81406762876
7.055705570557056,12.23976726062844,100940.69727142643
7.060706070607061,12.2393228267931,100937.97751274017
7.065706570657066,12.23887910380253,100948.19085174458
7.070707070707071,12.238436095993519,100941.27363937191
7.075707570757076,12.237993807698391,100945.1832425635
7.080708070807081,12.237552243244965,100940.04523887836
7.085708570857086,12.237111406956535,100942.50110476206
7.090709070907091,12.23667130315185,100940.970633134
7.095709570957096,12.236231936145073,100941.68649163972
7.100710071007101,12.235793310245763,100943.68668635424
7.105710571057106,12.23535542975885,100950.38900533337
7.110711071107111,12.234918298984597,100943.42356192316
7.115711571157116,12.234481922218588,100937.97003243351
7.120712071207121,12.234046303751686,100943.39602531813
7.125712571257126,12.233611447870024,100941.32772623784
7.130713071307131,12.233177358854952,100929.94621936775
7.135713571357136,12.232744040983047,100936.58933316082
7.140714071407141,12.232311498526045,100938.14363036818
7.145714571457146,12.231879735750848,100948.51022886836
7.150715071507151,12.231448756919479,100938.37240414745
7.155715571557156,12.23101856628906,100946.2169621696
7.160716071607161,12.23058916811179,100943.4236200271
7.165716571657166,12.230160566634904,100948.48124966632
7.170717071707171,12.229732766100673,100944.113980395
7.175717571757176,12.229305770746347,100948.98317656398
7.180718071807181,12.228879584804146,100945.25088194269
7.185718571857186,12.228454212501234,100943.89050470637
7.190719071907191,12.228029658059686,100946.1287599353
7.195719571957196,12.227605925696462,100937.12514653175
7.200720072007201,12.227183019623391,100938.33804111488
7.205720572057206,12.226760944047129,100953.37793799111
7.210721072107211,12.226339703169138,100931.54887606803
7.215721572157216,12.225919301185675,100946.47860031699
7.220722072207221,12.22549974228774,100937.57622436197
7.225722572257226,12.225081030661064,100947.64859413893
7.230723072307231,12.224663170486092,100943.11818409964
7.235723572357236,12.224246165937936,100942.27534814362
7.240724072407241,12.223830021186359,100949.83432618936
7.245724572457246,12.223414740395759,100936.10595888019
7.250725072507251,12.223000327725122,100942.53148371133
7.255725572557256,12.222586787328014,100946.38293344984
7.260726072607261,12.222174123352547,100951.68429693449
7.265726572657266,12.22176233994135,100945.90103836227
7.270727072707271,12.221351441231555,100945.1450833676
7.275727572757276,12.220941431354754,100936.94885531082
7.280728072807281,12.220532314436994,100944.03858541395
7.285728572857286,12.220124094598733,100942.38179860738
7.290729072907291,12.219716775954815,100937.57976824614
7.295729572957296,12.219310362614467,100939.75256870524
7.300730073007301,12.218904858681242,100940.09375994903
7.305730573057306,12.218500268253013,100951.47983740777
7.310731073107311,12.218096595421944,100940.16827547367
7.315731573157316,12.217693844274462,100938.42881228167
7.320732073207321,12.21729201889123,100934.00401329156
7.325732573257326,12.21689112334713,100953.14671751403
7.330733073307331,12.216491161711224,100946.17692748626
7.335733573357336,12.216092138046735,100946.92404862812
7.340734073407341,12.215694056411033,100949.66825537584
7.345734573457346,12.215296920855591,100949.83346135644
7.350735073507351,12.214900735425967,100942.60727824215
7.355735573557356,12.214505504161785,100941.57682838655
7.360736073607361,12.2141112310967,100937.51391571641
7.365736573657366,12.213717920258377,100944.07928556355
7.370737073707371,12.21332557566847,100956.39105519008
7.375737573757376,12.212934201342588,100939.07898008272
7.380738073807381,12.212543801290275,100948.00738905829
7.385738573857386,12.21215437951499,100946.71808181137
7.390739073907391,12.211765940014072,100943.79906837728
7.395739573957396,12.211378486778717,100946.22709799773
7.400740074007401,12.21099202379396,100943.64703679994
7.405740574057406,12.210606555038648,100940.2548916353
7.410741074107411,12.210222084485405,100950.41895109846
7.415741574157416,12.209838616100622,100945.09487551541
7.420742074207421,12.209456153844423,100948.0541301084
7.425742574257426,12.209074701670641,100956.38525036121
7.430743074307431,12.208694263526793,100945.12565371153
7.435743574357436,12.208314843354065,100938.15115533723
7.440744074407441,12.207936445087272,100943.22482336602
7.445744574457446,12.20755907265484,100945.81618907762
7.450745074507451,12.20718272997879,100943.45425490417
7.455745574557456,12.2068074209747,100949.53775177851
7.460746074607461,12.206433149551684,100942.84314663247
7.465746574657466,12.206059919612377,100948.39281451565
7.470747074707471,12.2056877350529,100955.44768373706
7.475747574757476,12.205316599762833,100950.49657051252
7.480748074807481,12.204946517625208,100938.95326180737
7.485748574857486,12.204577492516465,100943.76092220143
7.490749074907491,12.204209528306441,100949.80523641313
7.495749574957496,12.203842628858338,100942.74515685113
7.500750075007501,12.203476798028703,100945.60703316191
7.505750575057506,12.2031120396674,100955.37328604882
7.510751075107511,12.202748357617601,100948.75909916437
7.515751575157516,12.202385755715731,100942.7662441218
7.520752075207521,12.202024237791475,100940.89495120067
7.525752575257526,12.201663807667739,100944.99485899344
7.530753075307531,12.201304469160629,100945.79052554475
7.535753575357536,12.200946226079425,100948.6208056954
7.540754075407541,12.200589082226564,100941.96877852561
7.545754575457546,12.200233041397606,100942.57272573652
7.550755075507551,12.19987810738122,100950.52464088339
7.555755575557556,12.199524283959152,100948.03483390647
7.560756075607561,12.199171574906211,100938.04136111711
7.565756575657566,12.198819983990234,100952.613347121
7.570757075707571,12.198469514972068,100950.90748216052
7.575757575757576,12.198120171605556,100942.37698621067
7.580758075807581,12.197771957637492,100949.70984347403
7.585758575857586,12.197424876807617,100944.7487354989
7.590759075907591,12.197078932848589,100950.03115083874
7.595759575957596,12.196734129485955,100950.67141015203
7.600760076007601,12.196390470438136,100945.09599387023
7.605760576057606,12.196047959416395,100946.75776585248
7.610761076107611,12.195706600124824,100939.2961444549
7.615761576157616,12.195366396260308,100946.1250350026
7.620762076207621,12.195027351512518,100948.7366381106
7.625762576257626,12.194689469563873,100939.57802843218
7.630763076307631,12.19435275408952,100943.15645023514
7.635763576357636,12.194017208757327,100951.7792708289
7.640764076407641,12.193682837227833,100954.05656014517
7.645764576457646,12.193349643154244,100941.32306749001
7.650765076507651,12.193017630182412,100949.96184228359
7.655765576557656,12.192686801950796,100946.01749600054
7.660766076607661,12.192357162090453,100943.47596210797
7.665766576657666,12.192028714225012,100952.20804250223
7.670767076707671,12.191701461970652,100942.16963129507
7.675767576757676,12.191375408936072,100951.26654222845
7.680768076807681,12.191050558722479,100956.87425723506
7.685768576857686,12.19072691492356,100939.67500435759
7.690769076907691,12.190404481125464,100950.62884425677
7.695769576957696,12.190083260906766,100944.56563555871
7.700770077007701,12.189763257838466,100937.02004933731
7.705770577057706,12.189444475483947,100945.7641314813
7.710771077107712,12.189126917398966,100942.59115371255
7.715771577157716,12.188810587131625,100949.5973362906
7.720772077207721,12.188495488222351,100946.93001828567
7.725772577257726,12.188181624203871,100949.49872522215
7.730773077307731,12.187868998601196,100945.10619624528
7.735773577357736,12.187557614931595,100952.23496104615
7.740774077407742,12.187247476704568,100940.72504758449
7.7457745774577464,12.18693858742184,100947.37058820903
7.750775077507751,12.186630950577317,100956.08240094624
7.755775577557756,12.186324569657083,100953.1942502664
7.760776077607761,12.18601944813937,100949.80342719
7.765776577657766,12.185715589494535,100948.35704226667
7.770777077707772,12.185412997185038,100956.16987871044
7.7757775777577764,12.185111674665432,100937.06795327444
7.780778077807781,12.184811625382322,100949.29510087256
7.785778577857786,12.18451285277436,100946.3275748941
7.790779077907791,12.184215360272217,100950.91219283748
7.795779577957796,12.183919151298557,100950.34574152225
7.800780078007802,12.183624229268027,100944.40103368767
7.8057805780578065,12.18333059758722,100945.52200008283
7.810781078107811,12.183038259654674,100950.50745920782
7.815781578157816,12.182747218860833,100944.78262418474
7.820782078207821,12.182457478588027,100949.4967791711
7.825782578257826,12.18216904221047,100941.07512130952
7.830783078307832,12.18188191309421,100949.78514383441
7.8357835783578365,12.181596094597134,100941.60593578867
7.840784078407841,12.181311590068933,100942.44297315694
7.845784578457846,12.181028402851082,100946.87587307603
7.850785078507851,12.180746536276818,100949.77494500595
7.855785578557856,12.180465993671133,100946.55594568224
7.860786078607862,12.180186778350732,100948.50363433108
7.8657865786578665,12.179908893624027,100947.74716107122
7.870787078707871,12.179632342791116,100949.8116296476
7.875787578757876,12.179357129143753,100955.92617361168
7.880788078807881,12.17908325596533,100951.561319746
7.885788578857886,12.17881072653087,100939.80289328126
7.890789078907892,12.178539544106986,100947.26536553813
7.8957895789578965,12.178269711951874,100951.07980356248
7.900790079007901,12.178001233315292,100947.06452724495
7.905790579057906,12.177734111438536,100952.81897308459
7.910791079107911,12.177468349554411,100953.69643895629
7.915791579157916,12.177203950887238,100950.09815262965
7.920792079207922,12.1769409186528,100946.139413572
7.9257925792579265,12.176679256058346,100950.26062806598
7.930793079307931,12.17641896630256,100945.64092787981
7.935793579357936,12.176160052575549,100948.75701768928
7.940794079407941,12.175902518058813,100956.2045830944
7.945794579457946,12.17564636592523,100946.1062198437
7.950795079507952,12.175391599339042,100954.5711202859
7.9557955795579565,12.175138221455823,100951.10728017119
7.960796079607961,12.17488623542247,100943.36718753843
7.965796579657966,12.174635644377178,100949.6354181976
7.970797079707971,12.17438645144942,100956.91824622665
7.975797579757976,12.174138659759931,100948.73925282809
7.980798079807982,12.173892272420689,100945.04866400802
7.9857985798579865,12.173647292534888,100952.33121291382
7.990799079907991,12.173403723196921,100956.99598676819
7.995799579957996,12.173161567492379,100953.25405074244
8.000800080008002,12.172920828497995,100953.11519982718
8.005800580058006,12.172681509281661,100949.2299199359
8.010801080108012,12.172443612902388,100939.76611790618
8.015801580158016,12.172207142410292,100953.8337921362
8.020802080208021,12.171972100846576,100947.28281972594
8.025802580258027,12.171738491243513,100952.01101617968
8.030803080308031,12.17150631662442,100959.30409441443
8.035803580358037,12.171275580003647,100943.38082966844
8.04080408040804,12.171046284386554,100952.66413840663
8.045804580458046,12.170818432769494,100954.68014426988
8.05080508050805,12.170592028139787,100946.6738351983
8.055805580558056,12.170367073475717,100953.50761599722
8.060806080608062,12.170143571746497,100947.17839158652
8.065806580658066,12.169921525912258,100949.12299534692
8.070807080708072,12.169700938924036,100951.71341801445
8.075807580758076,12.16948181372374,100941.90641937233
8.080808080808081,12.169264153244145,100942.16208332052
8.085808580858087,12.169047960408863,100948.87434538676
8.090809080908091,12.168833238132345,100950.11147927641
8.095809580958097,12.168619989319836,100953.97187637338
8.1008100810081,12.168408216867373,100958.64058709088
8.105810581058106,12.168197923661774,100949.98173066931
8.11081108110811,12.167989112580594,100964.48554127985
8.115811581158116,12.167781786492133,100950.43841086025
8.120812081208122,12.167575948255408,100949.37867546493
8.125812581258126,12.16737160072013,100957.34408838171
8.130813081308132,12.167168746726693,100952.13402723362
8.135813581358136,12.16696738910616,100951.5914830737
8.140814081408141,12.16676753068023,100954.41277710791
8.145814581458147,12.16656917426124,100953.93756196141
8.150815081508151,12.166372322652128,100945.47323764983
8.155815581558157,12.166176978646435,100954.9075217419
8.16081608160816,12.16598314502827,100948.12816571949
8.165816581658166,12.165790824572303,100953.63988825136
8.17081708170817,12.165600020043746,100955.50349061578
8.175817581758176,12.16541073419833,100949.5205124291
8.180818081808182,12.165222969782299,100956.80359196283
8.185818581858186,12.165036729532382,100951.68417073846
8.190819081908192,12.164852016175779,100950.9501251085
8.195819581958196,12.16466883243015,100952.03393197914
8.200820082008201,12.164487181003588,100952.43000114648
8.205820582058207,12.164307064594608,100954.3701775105
8.210821082108211,12.164128485892132,100958.63585990701
8.215821582158217,12.163951447575466,100947.30386264417
8.22082208220822,12.163775952314289,100949.45450624515
8.225822582258226,12.163602002768632,100945.52451385211
8.23082308230823,12.16342960158887,100952.98276285507
8.235823582358236,12.163258751415686,100957.83557571417
8.240824082408242,12.163089454880078,100949.5139716718
8.245824582458246,12.16292171460333,100954.20361285041
8.250825082508252,12.162755533196995,100945.3095083898
8.255825582558256,12.162590913262878,100948.51239771335
8.260826082608261,12.162427857393032,100954.04750234292
8.265826582658267,12.162266368169728,100944.59008349876
8.270827082708271,12.162106448165437,100947.7720871906
8.275827582758277,12.161948099942833,100952.70668220938
8.28082808280828,12.161791326054754,100954.62791657956
8.285828582858286,12.1616361290442,100962.41747750393
8.29082908290829,12.16148251144432,100951.12357776205
8.295829582958296,12.161330475778376,100952.11553331876
8.300830083008302,12.16118002455975,100955.59224532994
8.305830583058306,12.161031160291921,100952.03309670961
8.310831083108312,12.160883885468442,100956.28979489347
8.315831583158316,12.160738202572933,100954.73429448815
8.320832083208321,12.160594114079062,100952.11733565321
8.325832583258327,12.160451622450529,100960.17707924385
8.330833083308331,12.160310730141054,100950.28941809172
8.335833583358337,12.160171439594354,100947.91540519598
8.34083408340834,12.160033753244141,100961.16867067316
8.345834583458347,12.159897673514092,100960.1139070904
8.35083508350835,12.159763202817842,100954.26936119744
8.355835583558356,12.159630343558971,100951.48534400728
8.360836083608362,12.159499098130985,100945.28965528324
8.365836583658366,12.159369468917292,100964.1792313164
8.370837083708372,12.159241458291213,100956.41838177375
8.375837583758376,12.159115068615936,100955.54117242646
8.380838083808381,12.158990302244524,100962.11250075768
8.385838583858387,12.15886716151989,100958.47942890276
8.390839083908391,12.158745648774788,100956.26658524934
8.395839583958397,12.158625766331786,100963.37079258494
8.4008400840084,12.158507516503274,100962.52200422608
8.405840584058407,12.158390901591426,100965.53603236936
8.41084108410841,12.158275923888196,100948.32764468224
8.415841584158416,12.15816258567531,100950.12269882161
8.420842084208422,12.158050889224238,100954.18094911554
8.425842584258426,12.157940836796191,100960.83736663697
8.430843084308432,12.157832430642106,100957.86579157946
8.435843584358436,12.157725673002618,100960.69814331761
8.440844084408441,12.157620566108067,100960.4123529485
8.445844584458447,12.157517112178471,100957.76558386459
8.450845084508451,12.157415313423513,100951.53814007608
8.455845584558457,12.157315172042528,100963.73439503534
8.46084608460846,12.157216690224496,100944.23468030713
8.465846584658467,12.157119870148017,100955.62378479795
8.47084708470847,12.157024713981306,100953.21278427973
8.475847584758476,12.156931223882175,100964.7276719209
8.480848084808482,12.156839401998026,100956.08688957378
8.485848584858486,12.156749250465822,100957.52766197825
8.490849084908492,12.156660771412092,100952.36503066547
8.495849584958496,12.156573966952912,100957.46687186294
8.500850085008501,12.156488839193884,100963.99027396899
8.505850585058507,12.156405390230127,100948.45760404305
8.510851085108511,12.156323622146276,100947.93210438201
8.515851585158517,12.156243537016447,100960.5007972873
8.52085208520852,12.15616513690424,100962.07226737836
8.525852585258527,12.156088423862725,100957.80333580707
8.53085308530853,12.15601339993442,100960.03460078775
8.535853585358536,12.155940067151283,100955.98318049274
8.540854085408542,12.155868427534708,100951.68407201263
8.545854585458546,12.155798483095499,100963.20165925557
8.550855085508552,12.15573023583386,100955.75621714222
8.555855585558556,12.155663687739395,100961.38374587162
8.560856085608561,12.155598840791079,100959.86899991873
8.565856585658567,12.155535696957251,100955.87632480309
8.570857085708571,12.155474258195612,100953.3441072114
8.575857585758577,12.155414526453196,100961.47365270268
8.58085808580858,12.155356503666368,100965.09134828567
8.585858585858587,12.155300191760812,100964.3677514878
8.59085908590859,12.155245592651518,100965.17436191115
8.595859585958596,12.15519270824276,100967.03178994553
8.600860086008602,12.155141540428106,100957.5127323936
8.605860586058606,12.155092091090387,100950.2689176286
8.610861086108612,12.155044362101686,100958.68912031964
8.615861586158616,12.154998355323336,100954.10534947696
8.620862086208621,12.154954072605912,100956.72909899242
8.625862586258627,12.1549115157892,100961.5316766972
8.630863086308631,12.154870686702198,100965.07707891343
8.635863586358637,12.154831587163114,100955.4241668849
8.64086408640864,12.154794218979331,100962.45525930822
8.645864586458647,12.154758583947416,100964.10525868699
8.65086508650865,12.154724683853104,100958.98697256045
8.655865586558656,12.154692520471276,100962.12199602212
8.660866086608662,12.154662095565962,100964.6342590764
8.665866586658666,12.154633410890327,100963.27560655163
8.670867086708672,12.154606468186651,100972.40214896022
8.675867586758676,12.154581269186329,100960.90970295844
8.680868086808681,12.154557815609854,100954.18865145238
8.685868586858687,12.154536109166807,100958.98336783408
8.690869086908691,12.15451615155585,100966.46494247601
8.695869586958697,12.15449794446471,100952.60862762794
8.7008700870087,12.154481489570173,100961.62436055823
8.705870587058707,12.154466788538068,100960.5087163974
8.71087108710871,12.154453843023266,100963.98018567603
8.715871587158716,12.154442654669658,100965.24265811428
8.720872087208722,12.154433225110155,100959.84490104936
8.725872587258726,12.154425555966672,100967.31962605518
8.730873087308732,12.154419648850117,100967.44613566773
8.735873587358736,12.154415505360387,100968.01324750355
8.740874087408741,12.154413127086348,100968.33177155747
8.745874587458747,12.15441251560584,100954.52254106003
8.750875087508751,12.154413672485651,100963.10240373471
8.755875587558757,12.154416599281516,100951.55976788951
8.76087608760876,12.15442129753811,100981.14032664642
8.765876587658767,12.154427768789029,100960.34154819995
8.77087708770877,12.154436014556788,100968.64519722854
8.775877587758776,12.154446036352809,100957.72538286907
8.780878087808782,12.15445783567741,100962.64712325092
8.785878587858786,12.1544714140198,100964.77587113077
8.790879087908792,12.154486772858068,100972.95564241736
8.795879587958796,12.154503913659164,100969.06822255698
8.800880088008801,12.15452283787891,100970.72126780481
8.805880588058807,12.15454354696197,100965.50822555709
8.810881088108811,12.154566042341859,100962.08155877091
8.815881588158817,12.154590325440914,100971.76731855032
8.82088208820882,12.154616397670312,100964.89448943692
8.825882588258827,12.15464426043003,100964.81074939194
8.83088308830883,12.154673915108862,100965.23387519403
8.835883588358836,12.154705363084398,100971.6453362154
8.840884088408842,12.154738605723017,100973.98541585893
8.845884588458846,12.154773644379876,100963.79776186845
8.850885088508852,12.154810480398911,100963.13593426089
8.855885588558856,12.154849115112818,100968.3007151308
8.860886088608861,12.15488954984305,100971.42834259057
8.865886588658867,12.154931785899805,100970.91399187394
8.870887088708871,12.154975824582028,100955.72553784178
8.875887588758877,12.155021667177387,100962.17340782726
8.88088808880888,12.155069314962276,100968.97794587858
8.885888588858887,12.155118769201806,100966.41337456396
8.89088908890889,12.155170031149797,100970.72633290604
8.895889588958896,12.15522310204876,100966.77303378707
8.900890089008902,12.155277983129912,100962.58176565998
8.905890589058906,12.155334675613139,100970.50793717711
8.910891089108912,12.15539318070701,100971.17163164003
8.915891589158916,12.155453499608768,100960.22485939456
8.920892089208921,12.15551563350431,100962.34192081993
8.925892589258927,12.155579583568189,100965.33855904332
8.930893089308931,12.155645350963608,100965.64149941213
8.935893589358937,12.155712936842406,100965.79224270959
8.94089408940894,12.155782342345052,100971.90518281759
8.945894589458947,12.155853568600646,100969.19458151354
8.95089508950895,12.155926616726903,100966.85127226093
8.955895589558956,12.156001487830148,100956.60011950953
8.960896089608962,12.156078183005313,100974.54848603185
8.965896589658966,12.156156703335924,100967.88017413135
8.970897089708972,12.156237049894099,100961.33542263616
8.975897589758976,12.15631922374054,100968.41186437993
8.980898089808981,12.156403225924528,100970.00423945056
8.985898589858987,12.156489057483912,100972.2503343194
8.990899089908991,12.156576719445102,100956.83128318818
8.995899589958997,12.156666212823072,100957.62479137295
9.000900090009,12.156757538621346,100975.27346806941
9.005900590059007,12.156850697831992,100975.62666152077
9.01090109010901,12.156945691435615,100962.0005441748
9.015901590159016,12.157042520401356,100965.87919293334
9.020902090209022,12.157141185686879,100959.94533919895
9.025902590259026,12.157241688238374,100964.1178694977
9.030903090309032,12.157344028990542,100976.50283037909
9.035903590359036,12.15744820886659,100969.70239586881
9.040904090409041,12.157554228778237,100964.85429915489
9.045904590459047,12.157662089625692,100978.34986648777
9.050905090509051,12.157771792297659,100976.40661885765
9.055905590559057,12.157883337671327,100968.86843979664
9.06090609060906,12.157996726612366,100964.65930289615
9.065906590659067,12.15811195997492,100967.56586602204
9.07090709070907,12.158229038601611,100968.72113662015
9.075907590759076,12.158347963323516,100971.95069303614
9.080908090809082,12.158468734960172,100969.57311531308
9.085908590859086,12.158591354319578,100977.55783773997
9.090909090909092,12.158715822198175,100976.39849400157
9.095909590959096,12.158842139380855,100963.64007380244
9.100910091009101,12.158970306640944,100969.52037263053
9.105910591059107,12.159100324740207,100968.64851587075
9.110911091109111,12.159232194428832,100968.15943722779
9.115911591159117,12.159365916445442,100969.8013320382
9.12091209120912,12.159501491517073,100974.66479501726
9.125912591259127,12.15963892035918,100966.11845272586
9.13091309130913,12.159778203675632,100975.74862048411
9.135913591359136,12.1599193421587,100965.42600526859
9.140914091409142,12.16006233648906,100976.94699963983
9.145914591459146,12.160207187335788,100972.9122650324
9.150915091509152,12.160353895356355,100975.29115539309
9.155915591559156,12.160502461196621,100973.10672886645
9.160916091609161,12.160652885490828,100970.0011081958
9.165916591659167,12.16080516886161,100972.88102935025
9.170917091709171,12.160959311919973,100978.55564037438
9.175917591759177,12.161115315265294,100973.53273734482
9.18091809180918,12.161273179485331,100961.10364474467
9.185918591859187,12.161432905156204,100971.2764506157
9.19091909190919,12.16159449284239,100979.0065809148
9.195919591959196,12.16175794309674,100981.70388363744
9.200920092009202,12.161923256460451,100970.82703698511
9.205920592059206,12.162090433463074,100975.96552835064
9.210921092109212,12.162259474622518,100971.81784167833
9.215921592159216,12.162430380445029,100972.47451146493
9.220922092209221,12.162603151425198,100970.9198710721
9.225922592259227,12.162777788045965,100976.81003996772
9.230923092309231,12.162954290778599,100983.17802391812
9.235923592359237,12.163132660082702,100977.79713268505
9.24092409240924,12.16331289640622,100978.84702842346
9.245924592459247,12.163495000185412,100979.71056329428
9.25092509250925,12.16367897184487,100980.40393590608
9.255925592559256,12.163864811797515,100980.21911473626
9.260926092609262,12.16405252044458,100976.28311410846
9.265926592659266,12.164242098175622,100977.0161763818
9.270927092709272,12.164433545368508,100975.59499793829
9.275927592759276,12.164626862389428,100975.93067811121
9.280928092809281,12.164822049592873,100978.43803377623
9.285928592859287,12.165019107321648,100977.36975719516
9.290929092909291,12.165218035906868,100981.98910493839
9.295929592959297,12.165418835667946,100968.43294688307
9.3009300930093,12.1656215069126,100979.37765786349
9.305930593059307,12.165826049936856,100974.55989801718
9.31093109310931,12.166032465025028,100977.66804403487
9.315931593159316,12.166240752449731,100975.92397810322
9.320932093209322,12.166450912471882,100980.385536514
9.325932593259326,12.166662945340684,100979.42172950594
9.330933093309332,12.166876851293635,100980.70338769635
9.335933593359336,12.167092630556526,100980.74532011476
9.340934093409341,12.167310283343433,100976.62916027698
9.345934593459347,12.167529809856724,100973.59660362975
9.350935093509351,12.167751210287053,100979.63199583882
9.355935593559357,12.167974484813358,100978.16710177853
9.36093609360936,12.168199633602864,100990.22611413346
9.365936593659367,12.168426656811079,100977.17722133119
9.37093709370937,12.168655554581791,100983.04181077499
9.375937593759376,12.16888632704707,100972.24417001159
9.380938093809382,12.169118974327276,100975.23468762283
9.385938593859386,12.169353496531034,100977.6862502343
9.390939093909392,12.169589893755257,100974.81449815579
9.395939593959396,12.169828166085136,100984.08399292445
9.400940094009401,12.170068313594143,100979.46224297638
9.405940594059407,12.17031033634402,100978.43917644655
9.410941094109411,12.170554234384793,100983.03056110028
9.415941594159417,12.170800007754766,100975.60382609593
9.42094209420942,12.171047656480512,100979.05757820533
9.425942594259427,12.171297180576888,100979.01254427702
9.43094309430943,12.171548580047027,100974.11841845412
9.435943594359436,12.171801854882334,100978.59290411575
9.440944094409442,12.172057005062495,100977.82939806505
9.445944594459446,12.172314030555471,100982.67844513693
9.450945094509452,12.1725729313175,100981.60225522294
9.455945594559456,12.172833707293098,100972.41341266144
9.460946094609461,12.173096358415057,100994.31158005592
9.465946594659467,12.173360884604449,100983.84100205525
9.470947094709471,12.173627285770621,100984.87242128592
9.475947594759477,12.173895561811207,100974.92604623993
9.48094809480948,12.174165712612112,100985.19131747709
9.485948594859487,12.174437738047521,100980.85122488717
9.49094909490949,12.174711637979911,100969.76169760122
9.495949594959496,12.174987412260029,100983.78857574383
9.500950095009502,12.17526506072691,100978.36732422253
9.505950595059506,12.175544583207875,100987.68822805463
9.510951095109512,12.175825979518528,100978.2418634355
9.515951595159516,12.176109249462758,100971.96667544468
9.520952095209521,12.176394392832742,100982.16293265809
9.525952595259527,12.17668140940895,100973.16553203107
9.530953095309531,12.176970298960134,100987.53453447307
9.535953595359537,12.177261061243344,100990.15533147864
9.54095409540954,12.177553696003923,100972.56202454597
9.545954595459547,12.177848202975504,100980.67203334755
9.55095509550955,12.17814458188002,100991.25446179102
9.555955595559556,12.1784428324277,100985.48238738185
9.560956095609562,12.17874295431708,100982.78333446445
9.565956595659566,12.179044947234985,100989.34275531591
9.570957095709572,12.179348810856554,100986.8138300262
9.575957595759576,12.17965454484523,100982.12018835306
9.580958095809581,12.179962148852757,100980.98789814829
9.585958595859587,12.1802716225192,100987.52358987239
9.590959095909591,12.18058296547293,100985.85252387715
9.595959595959597,12.180896177330629,100991.57548004144
9.6009600960096,12.181211257697305,100986.82650881006
9.605960596059607,12.18152820616628,100987.03829312373
9.61096109610961,12.181847022319197,100999.74283163997
9.615961596159616,12.182167705726027,100987.89536795237
9.620962096209622,12.182490255945066,100985.72646086168
9.625962596259626,12.182814672522941,100989.75331343683
9.630963096309632,12.183140954994613,100985.58190043473
9.635963596359636,12.183469102883377,100992.45306304487
9.640964096409641,12.183799115700868,100986.80249884281
9.645964596459647,12.184130992947061,100993.63409657568
9.650965096509651,12.18446473411028,100992.98652061078
9.655965596559657,12.184800338667191,100984.35678867267
9.66096609660966,12.18513780608282,100987.81632681581
9.665966596659667,12.185477135810538,100994.06503753798
9.67096709670967,12.185818327292083,100982.99596174616
9.675967596759676,12.186161379957547,100980.79516674668
9.680968096809682,12.186506293225394,100982.28112353272
9.685968596859686,12.186853066502453,100987.6098302431
9.690969096909692,12.187201699183925,100989.85353488156
9.695969596959696,12.187552190653392,100984.76992526102
9.700970097009701,12.187904540282814,100991.72076045988
9.705970597059707,12.18825874743253,100995.0883269869
9.710971097109711,12.188614811451274,100985.71006342159
9.715971597159717,12.188972731676172,100982.56054277389
9.72097209720972,12.189332507432741,100985.03494563344
9.725972597259727,12.189694138034904,100997.76731836579
9.73097309730973,12.190057622784988,100992.63444896457
9.735973597359736,12.190422960973724,100985.95706565416
9.740974097409742,12.190790151880263,100985.99115952766
9.745974597459746,12.191159194772174,100993.05141528798
9.750975097509752,12.191530088905443,100994.03834445168
9.755975597559756,12.191902833524491,100981.99845207948
9.760976097609761,12.192277427862166,100976.91361537176
9.765976597659767,12.19265387113975,100987.80209001042
9.770977097709771,12.193032162566979,101000.84800548134
9.775977597759777,12.193412301342024,100986.57778529782
9.780978097809781,12.193794286651508,100994.99820874358
9.785978597859787,12.194178117670521,100993.37869837308
9.79097909790979,12.194563793562605,100988.49270834925
9.795979597959796,12.194951313479775,100987.42373721735
9.800980098009802,12.19534067656251,101000.87282590554
9.805980598059806,12.195731881939784,100999.29623878645
9.810981098109812,12.196124928729034,100995.26997665576
9.815981598159816,12.1965198160362,100987.19174436157
9.820982098209821,12.196916542955712,100986.05210873029
9.825982598259827,12.1973151085705,100987.90632675435
9.830983098309831,12.197715511951996,100998.02329156826
9.835983598359837,12.198117752160153,100992.04052852631
9.840984098409841,12.198521828243434,100994.10263243502
9.845984598459847,12.198927739238826,100991.71826760191
9.85098509850985,12.19933548417185,100992.08578986551
9.855985598559856,12.199745062056559,100994.8773054814
9.860986098609862,12.200156471895546,100983.76998080402
9.865986598659866,12.20056971267996,100996.79755462783
9.870987098709872,12.200984783389494,100998.38260436237
9.875987598759876,12.201401682992406,100994.85860697727
9.880988098809881,12.201820410445526,100990.91818038732
9.885988598859887,12.202240964694251,100996.74501854365
9.890989098909891,12.202663344672558,100997.54445849366
9.895989598959897,12.203087549303019,100997.71352863466
9.900990099009901,12.20351357749679,100996.62279202996
9.905990599059907,12.203941428153632,100991.58866240144
9.91099109910991,12.204371100161916,100988.95614411269
9.915991599159916,12.204802592398622,100990.05920509191
9.920992099209922,12.205235903729351,100996.6190021963
9.925992599259926,12.205671033008338,100988.0072554971
9.930993099309932,12.20610797907845,100989.97328894508
9.935993599359936,12.206546740771197,100992.74554459793
9.940994099409941,12.206987316906739,100996.45180312257
9.945994599459947,12.207429706293896,100986.71755804481
9.950995099509951,12.207873907730148,100999.68974595722
9.955995599559957,12.20831992000165,100991.16513962673
9.960996099609961,12.208767741883237,100988.93162369031
9.965996599659967,12.209217372138436,100987.7893866735
9.97099709970997,12.209668809519462,101002.59619599245
9.975997599759976,12.210122052767236,100999.01747035644
9.980998099809982,12.210577100611392,101009.83529525752
9.985998599859986,12.21103395177028,100991.50772444726
9.990999099909992,12.211492604950982,100992.72765178487
9.995999599959996,12.211953058849307,100995.14063187996
10.001000100010002,12.212415312149815,100999.29612936212
10.006000600060007,12.212879363525815,101004.75620384974
10.011001100110011,12.213345211639373,100998.44419579484
10.016001600160017,12.213812855141327,101003.16042935904
10.021002100210021,12.21428229267129,100994.17598179847
10.026002600260027,12.214753522857661,100998.93184605271
10.03100310031003,12.215226544317627,100995.46751685209
10.036003600360036,12.215701355657188,101004.00295358467
10.041004100410042,12.21617795547115,100987.12384218958
10.046004600460046,12.216656342343128,100995.62588132861
10.051005100510052,12.217136514845587,100996.94829909864
10.056005600560056,12.217618471539812,100997.29783719846
10.061006100610062,12.21810221097594,101000.69766296427
10.066006600660067,12.21858773169297,100999.25508501324
10.071007100710071,12.219075032218756,101008.6210407832
10.076007600760077,12.21956411107003,100998.8734394465
10.081008100810081,12.220054966752407,101006.3896054966
10.086008600860087,12.220547597760397,100998.09427388958
10.09100910091009,12.22104200257741,101002.09263880897
10.096009600960096,12.221538179675763,100995.1473416984
10.101010101010102,12.222036127516706,101001.33064790285
10.106010601060106,12.222535844550405,100998.26965361905
10.111011101110112,12.223037329215977,100997.76332236841
10.116011601160116,12.223540579941487,101004.09620374456
10.121012101210122,12.224045595143956,100983.07832307254
10.126012601260127,12.224552373229375,100990.61562653916
10.131013101310131,12.225060912592722,101004.07543808756
10.136013601360137,12.225571211617957,101005.33578587272
10.141014101410141,12.226083268678044,100994.33641104224
10.146014601460147,12.226597082134957,100996.47191102532
10.15101510151015,12.227112650339686,101000.41083769985
10.156015601560156,12.227629971632254,101007.26906325443
10.161016101610162,12.228149044341732,100998.85014696278
10.166016601660166,12.228669866786234,100999.67701401084
10.171017101710172,12.229192437272934,101002.38139587642
10.176017601760176,12.229716754098087,101000.82496641221
10.181018101810182,12.230242815547026,101006.80258343567
10.186018601860187,12.230770619894178,100998.00665571568
10.191019101910191,12.231300165403079,100997.09395994295
10.196019601960197,12.231831450326375,100999.94210354915
10.201020102010201,12.232364472905841,100997.22151583032
10.206020602060207,12.232899231372388,101004.71568140596
10.21102110211021,12.233435723946078,101003.99551831088
10.216021602160216,12.233973948836132,101001.44529565761
10.221022102210222,12.23451390424094,101003.20098031212
10.226022602260226,12.235055588348077,101003.00417333106
10.231023102310232,12.235598999334309,101006.5103720965
10.236023602360236,12.236144135365606,101000.11493921146
10.241024102410242,12.236690994597161,101005.23972393235
10.246024602460247,12.237239575173387,101008.32824286087
10.251025102510251,12.237789875227936,100998.63353905184
10.256025602560257,12.23834189288372,101007.24344621498
10.261026102610261,12.238895626252908,101002.54787148435
10.266026602660267,12.239451073436939,101003.77589032044
10.271027102710272,12.240008232526549,101008.24172729066
10.276027602760276,12.240567101601764,101006.96756998725
10.281028102810282,12.241127678731923,100995.27336014876
10.286028602860286,12.241689961975691,101013.79652524799
10.291029102910292,12.242253949381062,101004.62493283312
10.296029602960296,12.24281963898538,101009.1523814667
10.301030103010302,12.243387028815347,101013.072521902
10.306030603060307,12.24395611688704,100997.14730070949
10.311031103110311,12.244526901205912,101009.62226222092
10.316031603160317,12.245099379766824,101004.60310202229
10.321032103210321,12.245673550554033,101005.29443134737
10.326032603260327,12.246249411541227,101008.02882813824
10.331033103310332,12.246826960691523,101009.20311509253
10.336033603360336,12.247406195957488,101010.17925939766
10.341034103410342,12.247987115281148,101008.60956178977
10.346034603460346,12.248569716593996,101003.43613952925
10.351035103510352,12.249153997817023,101014.21825451871
10.356035603560356,12.249739956860706,101004.30769726737
10.361036103610362,12.25032759162504,101007.26018264417
10.366036603660367,12.25091689999954,101010.3613401896
10.371037103710371,12.251507879863267,101008.34121661773
10.376037603760377,12.252100529084823,101011.20690709578
10.381038103810381,12.252694845522383,101017.49962996757
10.386038603860387,12.253290827023694,101010.60038625404
10.391039103910392,12.253888471426096,101009.41449425173
10.396039603960396,12.25448777655654,101011.59248176565
10.401040104010402,12.255088740231582,101015.92466926154
10.406040604060406,12.25569136025742,101011.48543946675
10.411041104110412,12.256295634429899,101003.65980123912
10.416041604160416,12.256901560534516,101023.04164758297
10.421042104210422,12.257509136346446,101009.03027126771
10.426042604260427,12.258118359630553,101008.77878915236
10.431043104310431,12.258729228141396,101010.3461895013
10.436043604360437,12.259341739623256,101007.41579556836
10.441044104410441,12.259955891810142,101008.2099827845
10.446044604460447,12.260571682425802,101007.4018120121
10.451045104510452,12.261189109183745,101009.76357421928
10.456045604560456,12.261808169787251,101016.71283459444
10.461046104610462,12.26242886192939,101009.54069633415
10.466046604660466,12.26305118329303,101013.59733758542
10.471047104710472,12.263675131550853,101007.5491247264
10.476047604760476,12.264300704365374,101021.7977027255
10.481048104810482,12.26492789938895,101012.7215040183
10.486048604860487,12.265556714263795,101005.3478000119
10.491049104910491,12.266187146622006,101015.31824229141
10.496049604960497,12.266819194085558,101020.78473970536
10.501050105010501,12.267452854266335,101009.69058455997
10.506050605060507,12.268088124766141,101014.8461540385
10.511051105110512,12.26872500317671,101020.33137141058
10.516051605160516,12.269363487079726,101017.17811878341
10.521052105210522,12.270003574046836,101008.75438826984
10.526052605260526,12.270645261639666,101010.97735694333
10.531053105310532,12.271288547409837,101015.71394559219
10.536053605360536,12.27193342889898,101017.76143663669
10.541054105410542,12.272579903638748,101008.5271041196
10.546054605460547,12.273227969150835,101018.61120891193
10.551055105510551,12.273877622946994,101015.238380865
10.556055605560557,12.274528862529046,101020.48787086573
10.561056105610561,12.275181685388896,101011.93476432448
10.566056605660567,12.27583608900856,101018.1288727736
10.571057105710572,12.276492070860167,101012.7504156573
10.576057605760576,12.277149628405978,101011.08737239368
10.581058105810582,12.277808759098408,101019.50694901223
10.586058605860586,12.278469460380034,101015.13834830256
10.591059105910592,12.27913172968362,101010.1107657805
10.596059605960596,12.279795564432124,101013.73309674897
10.601060106010602,12.28046096203872,101010.47886746745
10.606060606060607,12.281127919906812,101015.31956281044
10.611061106110611,12.281796435430044,101019.36842617503
10.616061606160617,12.282466505992335,101005.87127041529
10.621062106210621,12.283138128967874,101013.8170435972
10.626062606260627,12.283811301721146,101007.80979119922
10.631063106310632,12.284486021606956,101020.76323309909
10.636063606360636,12.285162285970424,101017.68942935864
10.641064106410642,12.285840092147026,101017.01574593305
10.646064606460646,12.286519437462598,101010.57223619027
10.651065106510652,12.28720031923335,101016.20224235176
10.656065606560656,12.287882734765889,101019.9308534095
10.661066106610662,12.288566681357239,101015.58420275248
10.666066606660667,12.289252156294847,101013.31304279545
10.671067106710671,12.289939156856605,101018.46537235004
10.676067606760677,12.290627680310875,101024.90203575177
10.681068106810681,12.291317723916496,101016.1226654762
10.686068606860687,12.292009284922797,101020.3002199289
10.691069106910692,12.292702360569633,101007.53952725885
10.696069606960696,12.293396948087382,101014.71049050393
10.701070107010702,12.294093044696973,101019.10654336454
10.706070607060706,12.294790647609908,101020.53691305914
10.711071107110712,12.295489754028262,101012.17613481349
10.716071607160716,12.296190361144715,101023.12576789533
10.721072107210722,12.296892466142573,101017.2227295567
10.726072607260727,12.297596066195768,101006.5303522902
10.731073107310731,12.298301158468888,101015.71721957036
10.736073607360737,12.299007740117199,101012.3684003038
10.741074107410741,12.299715808286653,101016.67713728189
10.746074607460747,12.300425360113907,101012.99019554784
10.751075107510752,12.301136392726345,101019.50454250249
10.756075607560756,12.301848903242098,101013.00456897265
10.761076107610762,12.302562888770051,101013.40255549418
10.766076607660766,12.303278346409874,101015.0087264428
10.771077107710772,12.303995273252033,101022.52517012658
10.776077607760776,12.30471366637781,101017.37762355182
10.781078107810782,12.305433522859314,101030.07009753297
10.786078607860787,12.306154839759522,101020.52922823965
10.791079107910791,12.306877614132265,101019.9761387303
10.796079607960797,12.307601843022272,101020.14891644953
10.801080108010801,12.30832752346518,101014.28313281848
10.806080608060807,12.309054652487546,101030.71164320892
10.811081108110812,12.309783227106875,101019.16462367449
10.816081608160816,12.310513244331638,101019.75564615153
10.821082108210822,12.311244701161282,101024.28531760427
10.826082608260826,12.311977594586258,101019.89333578423
10.831083108310832,12.312711921588038,101030.79159925619
10.836083608360836,12.31344767913913,101016.13927660204
10.841084108410842,12.314184864203101,101021.48683364732
10.846084608460847,12.314923473734591,101018.01926391078
10.851085108510851,12.315663504679339,101021.51251536909
10.856085608560857,12.316404953974196,101030.19541278027
10.861086108610861,12.317147818547147,101024.27076127336
10.866086608660867,12.317892095317331,101022.98385866117
10.871087108710872,12.31863778119506,101030.68903240061
10.876087608760876,12.31938487308183,101028.00087721081
10.881088108810882,12.320133367870358,101026.87044802676
10.886088608860886,12.320883262444587,101022.28014788452
10.891089108910892,12.321634553679704,101021.15131035328
10.896089608960896,12.322387238442174,101026.01328168958
10.901090109010902,12.323141313589746,101024.72764664209
10.906090609060907,12.323896775971475,101029.88363152389
10.911091109110911,12.324653622427752,101022.64712491092
10.916091609160917,12.32541184979031,101016.34130553136
10.921092109210921,12.326171454882246,101021.78865172002
10.926092609260927,12.326932434518053,101035.59211835137
10.931093109310932,12.327694785503628,101020.86110099069
10.936093609360936,12.328458504636291,101021.90805890663
10.941094109410942,12.329223588704819,101020.94710800455
10.946094609460946,12.329990034489446,101025.55896459093
10.951095109510952,12.330757838761897,101024.25716970178
10.956095609560956,12.33152699828541,101030.10273951008
10.961096109610962,12.332297509814747,101032.96534335999
10.966096609660967,12.333069370096213,101028.90705947723
10.971097109710971,12.333842575867692,101033.097021166
10.976097609760977,12.334617123858651,101022.78614747367
10.981098109810981,12.335393010790163,101027.21133644956
10.986098609860987,12.336170233374942,101020.8502147296
10.991099109910992,12.336948788317342,101025.47745525833
10.996099609960996,12.33772867231339,101018.46570454111
11.001100110011002,12.33850988205081,101018.86467804718
11.006100610061006,12.339292414209034,101029.34178692057
11.011101110111012,12.340076265459228,101028.52353940479
11.016101610161016,12.34086143246431,101017.88602961777
11.021102110211022,12.34164791187898,101030.33122537161
11.026102610261027,12.342435700349725,101029.7063674838
11.031103110311031,12.343224794514855,101035.07358517998
11.036103610361037,12.344015191004514,101033.08597590272
11.041104110411041,12.34480688644071,101024.5625140844
11.046104610461047,12.345599877437321,101027.6688481494
11.051105110511052,12.346394160600138,101021.29733313009
11.056105610561056,12.347189732526868,101028.07574196189
11.061106110611062,12.347986589807158,101027.25852570856
11.066106610661066,12.348784729022631,101033.77199538439
11.071107110711072,12.349584146746887,101027.26031145187
11.076107610761076,12.350384839545532,101023.4829918996
11.081108110811082,12.351186803976214,101029.09610163554
11.086108610861087,12.351990036588617,101032.7235189335
11.091109110911091,12.352794533924504,101028.2029921422
11.096109610961097,12.353600292517735,101035.68756923353
11.101110111011101,12.354407308894281,101033.97708131945
11.106110611061107,12.355215579572247,101034.94678452806
11.111111111111112,12.356025101061908,101032.14936080755
11.116111611161116,12.35683586986571,101030.07155133817
11.121112111211122,12.357647882478306,101025.53862637223
11.126112611261126,12.35846113538657,101036.6429166134
11.131113111311132,12.359275625069628,101032.27111528268
11.136113611361136,12.360091347998873,101022.4099934309
11.141114111411142,12.360908300637984,101040.45613882085
11.146114611461147,12.361726479442957,101022.0961808412
11.151115111511151,12.362545880862127,101034.02316128805
11.156115611561157,12.363366501336174,101020.87678038105
11.161116111611161,12.36418833729817,101034.74769582221
11.166116611661167,12.365011385173583,101028.85524114063
11.171117111711172,12.365835641380302,101040.8998981478
11.176117611761176,12.366661102328672,101037.51023180985
11.181118111811182,12.367487764421497,101039.4627487804
11.186118611861186,12.368315624054073,101032.17482369722
11.191119111911192,12.369144677614221,101032.98797575681
11.196119611961196,12.369974921482285,101041.2209016243
11.201120112011202,12.370806352031172,101029.16298950085
11.206120612061207,12.371638965626378,101026.04944408301
11.211121112111211,12.372472758625994,101028.85986982449
11.216121612161217,12.373307727380743,101026.5817433577
11.221122112211221,12.374143868233997,101033.87409283576
11.226122612261227,12.374981177521802,101034.5194570082
11.231123112311233,12.375819651572897,101034.65372575655
11.236123612361236,12.376659286708744,101024.41048060413
11.241124112411242,12.377500079243543,101036.90491955791
11.246124612461246,12.378342025484258,101030.38001545734
11.251125112511252,12.37918512173065,101037.36920871091
11.256125612561256,12.380029364275279,101039.95645621758
11.261126112611262,12.380874749403544,101040.54489772976
11.266126612661267,12.381721273393703,101028.48855416161
11.271127112711271,12.382568932516895,101032.31569721669
11.276127612761277,12.38341772303716,101029.65072595244
11.281128112811281,12.384267641211467,101033.53951206016
11.286128612861287,12.385118683289736,101036.36218697569
11.291129112911293,12.385970845514862,101037.9655119073
11.296129612961296,12.386824124122732,101037.34144231894
11.301130113011302,12.387678515342266,101044.59707204015
11.306130613061306,12.388534015395415,101038.69813009493
11.311131113111312,12.389390620497208,101039.04931044206
11.316131613161316,12.390248326855762,101041.03173646607
11.321132113211322,12.391107130672314,101034.22766788214
11.326132613261327,12.39196702814123,101037.67386814435
11.331133113311331,12.392828015450055,101035.55556636187
11.336133613361337,12.393690088779508,101034.13621386871
11.341134113411341,12.394553244303523,101049.02275798304
11.346134613461347,12.395417478189273,101039.79645812728
11.351135113511353,12.396282786597187,101040.9411641919
11.356135613561356,12.39714916568097,101035.08330356824
11.361136113611362,12.398016611587648,101035.46271125347
11.366136613661366,12.398885120457567,101040.2274332337
11.371137113711372,12.399754688424432,101037.81006643474
11.376137613761376,12.400625311615327,101032.99947651441
11.381138113811382,12.401496986150741,101037.01566415305
11.386138613861387,12.402369708144587,101040.64249191625
11.391139113911391,12.403243473704231,101026.42909038623
11.396139613961397,12.404118278930522,101035.26806403405
11.401140114011401,12.404994119917797,101049.09407441452
11.406140614061407,12.405870992753934,101039.43772756169
11.411141114111413,12.406748893520348,101029.92398218854
11.416141614161416,12.407627818292033,101034.9923052132
11.421142114211422,12.40850776313758,101033.78063146208
11.426142614261426,12.409388724119209,101027.59891737509
11.431143114311432,12.410270697292779,101034.1405650202
11.436143614361436,12.411153678707825,101038.87621365466
11.441144114411442,12.412037664407585,101043.19004985607
11.446144614461447,12.41292265042901,101034.7514196838
11.451145114511451,12.413808632802803,101041.19311544277
11.456145614561457,12.414695607553439,101040.72674506094
11.461146114611461,12.415583570699187,101044.35399243393
11.466146614661467,12.416472518252137,101040.16921908325
11.471147114711473,12.417362446218227,101043.3834276361
11.476147614761476,12.418253350597267,101046.3866681678
11.481148114811482,12.419145227382959,101043.91391676341
11.486148614861486,12.420038072562932,101039.80266721231
11.491149114911492,12.420931882118756,101043.71873429007
11.496149614961496,12.421826652025974,101035.97219357431
11.501150115011502,12.42272237825413,101037.58577841592
11.506150615061507,12.423619056766785,101042.6375592267
11.511151115111511,12.424516683521546,101046.71578983526
11.516151615161517,12.425415254470098,101035.61013439573
11.521152115211521,12.426314765558217,101045.27565732424
11.526152615261527,12.427215212725805,101042.26219917632
11.531153115311533,12.428116591906916,101044.00884236491
11.536153615361536,12.42901889902977,101050.22034939924
11.541154115411542,12.429922130016793,101034.82360252444
11.546154615461546,12.430826280784633,101051.76067959082
11.551155115511552,12.431731347244186,101047.33897653173
11.556155615561556,12.432637325300629,101035.75490341574
11.561156115611562,12.433544210853436,101042.52603412121
11.566156615661567,12.43445199979641,101041.0380279436
11.571157115711571,12.435360688017706,101038.93030499847
11.576157615761577,12.436270271399856,101041.45569095966
11.581158115811581,12.437180745819802,101040.82179256107
11.586158615861587,12.438092107148908,101036.4609085818
11.591159115911593,12.439004351252995,101038.87064841489
11.596159615961597,12.439917473992375,101044.27899487947
11.601160116011602,12.440831471221856,101040.99693738457
11.606160616061606,12.44174633879078,101044.17783652297
11.611161116111612,12.44266207254306,101046.8327796179
11.616161616161616,12.443578668317182,101050.34023680675
11.621162116211622,12.444496121946246,101040.2039601497
11.626162616261627,12.445414429257994,101050.89864985774
11.631163116311631,12.446333586074827,101042.98875101282
11.636163616361637,12.447253588213833,101050.247147942
11.641164116411641,12.448174431486827,101047.44630951657
11.646164616461647,12.449096111700353,101045.21075623111
11.651165116511653,12.45001862465573,101038.40551227053
11.656165616561657,12.45094196614907,101046.61704572439
11.661166116611662,12.451866131971304,101048.59031354124
11.666166616661666,12.452791117908214,101044.50693769932
11.671167116711672,12.453716919740447,101042.48167569075
11.676167616761676,12.454643533243562,101047.47824408415
11.681168116811682,12.455570954188035,101052.27410265428
11.686168616861687,12.456499178339293,101045.65171220196
11.691169116911691,12.45742820145775,101051.39517645433
11.696169616961697,12.45835801929882,101049.36665534246
11.701170117011701,12.459288627612949,101037.27896233158
11.706170617061707,12.460220022145643,101051.0501749292
11.711171117111713,12.461152198637494,101040.62060247426
11.716171617161717,12.462085152824203,101043.71760694805
11.721172117211722,12.463018880436612,101045.0240993207
11.726172617261726,12.463953377200728,101049.9333404004
11.731173117311732,12.464888638837746,101037.83897024488
11.736173617361736,12.465824661064085,101048.4235336592
11.741174117411742,12.466761439591409,101052.90709295384
11.746174617461747,12.467698970126646,101054.5399735654
11.751175117511751,12.468637248372035,101040.270849465
11.756175617561757,12.469576270025133,101047.02096634365
11.761176117611761,12.47051603077885,101047.33456199142
11.766176617661767,12.47145652632148,101051.7940549882
11.771177117711773,12.472397752336722,101053.47529815244
11.776177617761777,12.473339704503703,101040.5853947108
11.781178117811782,12.47428237849702,101049.16235680672
11.786178617861786,12.475225769986752,101051.30610818109
11.791179117911792,12.476169874638494,101053.00456106375
11.796179617961796,12.477114688113378,101044.85369028333
11.801180118011802,12.478060206068118,101050.4751779664
11.806180618061807,12.479006424155012,101039.31439391871
11.811181118111811,12.479953338021982,101048.97497230196
11.816181618161817,12.480900943312609,101045.57070908762
11.821182118211821,12.481849235666143,101053.66419665093
11.826182618261827,12.482798210717542,101053.33096956783
11.831183118311833,12.4837478640975,101050.3578550313
11.836183618361837,12.484698191432464,101055.63149983116
11.841184118411842,12.485649188344672,101047.44250764203
11.846184618461846,12.486600850452177,101044.51663162676
11.851185118511852,12.487553173368871,101042.01640286636
11.856185618561856,12.488506152704515,101051.15072889246
11.861186118611862,12.48945978406477,101053.69720757745
11.866186618661867,12.490414063051219,101053.28990681925
11.871187118711871,12.491368985261392,101044.3891357658
11.876187618761877,12.49232454628881,101051.10742672265
11.881188118811881,12.493280741722987,101050.53403444294
11.886188618861887,12.49423756714948,101048.36451797665
11.891189118911893,12.495195018149905,101045.70301468672
11.896189618961897,12.496153090301966,101047.73565089193
11.901190119011902,12.497111779179486,101055.84319440958
11.906190619061906,12.498071080352434,101049.95817324484
11.911191119111912,12.499030989386947,101051.96647623196
11.916191619161916,12.499991501845363,101049.39070888943
11.921192119211922,12.500952613286255,101061.66249741893
11.926192619261927,12.501914319264444,101051.21087011926
11.931193119311931,12.502876615331033,101059.16880281192
11.936193619361937,12.503839497033443,101055.6564316427
11.941194119411941,12.50480295991543,101048.45239565663
11.946194619461947,12.50576699951712,101048.52819708844
11.951195119511953,12.506731611375026,101052.42291288846
11.956195619561957,12.507696791022093,101054.78976029358
11.961196119611962,12.508662533987712,101046.22631315733
11.966196619661966,12.509628835797752,101048.16001001299
11.971197119711972,12.510595691974594,101046.41720960694
11.976197619761976,12.511563098037144,101052.28712341665
11.981198119811982,12.512531049500877,101053.60010291814
11.986198619861987,12.513499541877861,101050.02447611783
11.991199119911991,12.514468570676778,101056.71222666389
11.996199619961997,12.515438131402952,101051.12597130533
12.001200120012001,12.516408219558395,101060.54886035214
12.006200620062007,12.51737883064181,101042.74089675187
12.011201120112013,12.518349960148637,101054.78987456526
12.016201620162017,12.519321603571074,101063.87190769384
12.021202120212022,12.520293756398106,101054.16580390718
12.026202620262026,12.52126641411553,101047.641497935
12.031203120312032,12.522239572205995,101059.53309195724
12.036203620362036,12.523213226149018,101054.90681609866
12.041204120412042,12.524187371421014,101059.10018112462
12.046204620462047,12.525162003495327,101052.63812470918
12.051205120512051,12.52613711784226,101052.99116083361
12.056205620562057,12.527112709929101,101061.91251334296
12.061206120612061,12.528088775220152,101060.52409089553
12.066206620662067,12.529065309176755,101047.2281235255
12.071207120712073,12.530042307257323,101057.17062562327
12.076207620762077,12.531019764917366,101052.40932309584
12.081208120812082,12.531997677609526,101052.31627977444
12.086208620862086,12.532976040783597,101048.27057015893
12.091209120912092,12.533954849886554,101061.04466144423
12.096209620962096,12.534934100362591,101051.84998437809
12.101210121012102,12.53591378765314,101048.35664702611
12.106210621062107,12.536893907196896,101042.46286477437
12.111211121112111,12.537874454429865,101043.2973817644
12.116211621162117,12.53885542478537,101053.77031637354
12.121212121212121,12.539836813694086,101061.66620711774
12.126212621262127,12.540818616584085,101054.60360925266
12.131213121312133,12.541800828880836,101057.56900824224
12.136213621362137,12.542783446007258,101051.66882543542
12.141214121412142,12.543766463383738,101066.31257387974
12.146214621462146,12.54474987642816,101056.02122318301
12.151215121512152,12.545733680555928,101058.79834294358
12.156215621562156,12.546717871180014,101053.34292353742
12.161216121612162,12.547702443710968,101065.20430840475
12.166216621662167,12.548687393556948,101049.45123058044
12.171217121712171,12.549672716123757,101061.81765845699
12.176217621762177,12.550658406814872,101062.19833002628
12.181218121812181,12.551644461031461,101047.01928973857
12.186218621862187,12.55263087417243,101054.14275292953
12.191219121912193,12.553617641634428,101067.91355071888
12.196219621962197,12.554604758811902,101058.16820343203
12.201220122012202,12.555592221097099,101047.85970489772
12.206220622062206,12.556580023880125,101053.48900213125
12.211221122112212,12.557568162548943,101065.20715868662
12.216221622162216,12.558556632489424,101054.66981919581
12.221222122212222,12.559545429085366,101063.7884168042
12.226222622262227,12.560534547718529,101061.22022169504
12.231223122312231,12.56152398376865,101067.07871911333
12.236223622362237,12.562513732613493,101059.99307077202
12.241224122412241,12.563503789628859,101061.72905798728
12.246224622462247,12.564494150188624,101056.38792508168
12.251225122512253,12.565484809664772,101055.69972879499
12.256225622562257,12.56647576342741,101059.9665120554
12.261226122612262,12.567467006844812,101059.94596239609
12.266226622662266,12.568458535283437,101059.75488418333
12.271227122712272,12.569450344107965,101053.17426603597
12.276227622762276,12.57044242868132,101054.08035198708
12.281228122812282,12.571434784364707,101055.85421059388
12.286228622862287,12.572427406517633,101052.37845629327
12.291229122912291,12.573420290497937,101064.00870503673
12.296229622962297,12.57441343166183,101066.1513839015
12.301230123012301,12.575406825363904,101056.80364232197
12.306230623062307,12.576400466957178,101062.16893803657
12.311231123112313,12.577394351793126,101058.00961759614
12.316231623162317,12.578388475221692,101062.70450350991
12.321232123212322,12.579382832591333,101059.40775711984
12.326232623262326,12.580377419249045,101061.26451946556
12.331233123312332,12.58137223054039,101066.74034682746
12.336233623362336,12.582367261809521,101059.52913272881
12.341234123412342,12.583362508399226,101074.3381949058
12.346234623462347,12.584357965650938,101058.34336986607
12.351235123512351,12.585353628904775,101061.75023835896
12.356235623562357,12.586349493499567,101061.17202941459
12.361236123612361,12.58734555477289,101062.51384980604
12.366236623662367,12.588341808061084,101055.8800754442
12.371237123712373,12.589338248699294,101061.239723075
12.376237623762377,12.59033487202149,101058.18434305245
12.381238123812382,12.591331673360504,101058.66460374123
12.386238623862386,12.592328648048047,101062.20039288858
12.391239123912392,12.59332579141476,101067.44882359351
12.396239623962396,12.594323098790216,101062.5412050322
12.401240124012402,12.595320565502968,101059.4082950673
12.406240624062407,12.596318186880577,101067.00072227862
12.411241124112411,12.597315958249633,101063.99173318934
12.416241624162417,12.598313874935785,101065.66406150468
12.421242124212421,12.599311932263781,101062.0548167025
12.426242624262427,12.600310125557487,101060.35795194114
12.431243124312433,12.601308450139912,101067.8011734321
12.436243624362437,12.60230690133326,101067.70866824377
12.441244124412442,12.603305474458926,101061.81879294495
12.446244624462446,12.604304164837556,101064.9839634445
12.451245124512452,12.605302967789052,101064.73168666678
12.456245624562456,12.606301878632625,101060.03487353855
12.461246124612462,12.6073008926868,101065.2800403806
12.466246624662467,12.608300005269465,101064.41619422035
12.471247124712471,12.609299211697884,101066.95363490366
12.476247624762477,12.610298507288745,101063.41390845424
12.481248124812481,12.611297887358164,101065.4125835621
12.486248624862487,12.612297347221746,101072.75708875142
12.491249124912493,12.613296882194586,101069.2853168363
12.496249624962497,12.614296487591309,101063.95445313786
12.501250125012502,12.615296158726105,101066.41293606431
12.506250625062506,12.616295890912752,101056.54191870194
12.511251125112512,12.617295679464643,101066.42256876858
12.516251625162516,12.618295519694824,101068.62545687109
12.521252125212522,12.619295406916013,101067.17782303372
12.526252625262527,12.620295336440634,101063.364457642
12.531253125312531,12.621295303580853,101071.4369326189
12.536253625362537,12.622295303648594,101070.96614743686
12.541254125412541,12.623295331955577,101062.96310480246
12.546254625462547,12.624295383813347,101065.03904916797
12.551255125512553,12.625295454533303,101062.86893745666
12.556255625562557,12.62629553942672,101054.04642224123
12.561256125612562,12.62729563380479,101063.39017041812
12.566256625662566,12.628295732978646,101070.52657308173
12.571257125712572,12.62929583225939,101066.99175185728
12.576257625762576,12.630295926958116,101065.07280544765
12.581258125812582,12.63129601238596,101057.34135636415
12.586258625862587,12.632296083854103,101059.63904854197
12.591259125912591,12.633296136673826,101073.16356731381
12.596259625962597,12.634296166156515,101073.39927209336
12.601260126012601,12.63529616761371,101063.02286238989
12.606260626062607,12.63629613635712,101063.04889509761
12.611261126112613,12.637296067698664,101064.87369362423
12.616261626162617,12.638295956950492,101070.25888151968
12.621262126212622,12.639295799425012,101063.58690038418
12.626262626262626,12.640295590434938,101069.41353525348
12.631263126312632,12.641295325293296,101065.89833983616
12.636263626362636,12.642294999313458,101072.6734363464
12.641264126412642,12.64329460780919,101068.69898967496
12.646264626462647,12.644294146094659,101062.56153854454
12.651265126512651,12.645293609484467,101067.47282208277
12.656265626562657,12.646292993293697,101068.41818029735
12.661266126612661,12.64729229283792,101076.24275466365
12.666266626662667,12.648291503433231,101063.51483569546
12.671267126712673,12.649290620396293,101073.09041441702
12.676267626762677,12.650289639044344,101077.5498842955
12.681268126812682,12.651288554695236,101074.27340080246
12.686268626862686,12.652287362667476,101064.81701061377
12.691269126912692,12.653286058280232,101064.06102627282
12.696269626962696,12.65428463685338,101063.76352915165
12.701270127012702,12.655283093707526,101064.9027992568
12.706270627062707,12.656281424164039,101072.1098770841
12.711271127112711,12.657279623545076,101074.82854150467
12.716271627162717,12.658277687173616,101065.94438225118
12.721272127212721,12.659275610373482,101061.9284065106
12.726272627262727,12.660273388469381,101072.39874612053
12.731273127312733,12.66127101678692,101069.5102271955
12.736273627362737,12.662268490652648,101069.41593252427
12.741274127412742,12.66326580539408,101065.33830828266
12.746274627462746,12.664262956339718,101063.68538387559
12.751275127512752,12.665259938819098,101079.96202863702
12.756275627562756,12.666256748162802,101067.90101399986
12.761276127612762,12.667253379702496,101064.64756076434
12.766276627662767,12.66824982877096,101062.70551412637
12.771277127712771,12.669246090702114,101067.0639632799
12.776277627762777,12.670242160831043,101065.48434399106
12.781278127812781,12.671238034494037,101076.41099608762
12.786278627862787,12.672233707028612,101066.17934266075
12.791279127912793,12.673229173773539,101071.85088874791
12.796279627962797,12.67422443006888,101070.99747856535
12.801280128012802,12.67521947125601,101072.8042637553
12.806280628062806,12.676214292677647,101064.19271460784
12.811281128112812,12.677208889677887,101073.43835068423
12.816281628162818,12.678203257602227,101063.9971034435
12.821282128212822,12.67919739179759,101067.53564673063
12.826282628262828,12.680191287612374,101065.49001324872
12.831283128312831,12.681184940396452,101064.6343985521
12.836283628362837,12.682178345501226,101067.72959890374
12.841284128412841,12.683171498279643,101072.79133429068
12.846284628462847,12.68416439408623,101073.7834059766
12.851285128512853,12.685157028277114,101070.59910388508
12.856285628562857,12.686149396210064,101072.1507134278
12.861286128612862,12.68714149324451,101070.58484898314
12.866286628662866,12.688133314741577,101070.22563427608
12.871287128712872,12.689124856064115,101065.0906278553
12.876287628762878,12.690116112576717,101077.96963480546
12.881288128812882,12.691107079645766,101069.09990566115
12.886288628862888,12.692097752639446,101069.83562894267
12.891289128912891,12.693088126927789,101066.17112797352
12.896289628962897,12.694078197882686,101072.04237361174
12.901290129012901,12.695067960877923,101076.53449170924
12.906290629062907,12.696057411289223,101070.62635711799
12.911291129112913,12.697046544494249,101070.26773252353
12.916291629162917,12.698035355872655,101065.94906307173
12.921292129212922,12.699023840806106,101072.99489129554
12.926292629262926,12.700011994678306,101071.93490205315
12.931293129312932,12.700999812875027,101072.92856040287
12.936293629362938,12.701987290784146,101079.95867458761
12.941294129412942,12.702974423795661,101069.93168759736
12.946294629462948,12.703961207301724,101083.47761905356
12.951295129512951,12.704947636696682,101076.610902515
12.956295629562957,12.705933707377085,101073.47806623856
12.961296129612961,12.706919414741728,101073.90248985414
12.966296629662967,12.707904754191686,101076.30846630396
12.971297129712973,12.708889721130321,101070.60793160289
12.976297629762977,12.70987431096333,101071.58724450348
12.981298129812982,12.71085851909877,101064.09711009591
12.986298629862986,12.711842340947078,101078.69840202373
12.991299129912992,12.712825771921107,101066.02806407871
12.996299629962998,12.71380880743616,101078.59944938793
13.001300130013002,12.714791442910006,101068.49800144111
13.006300630063008,12.715773673762914,101067.34614027897
13.011301130113011,12.716755495417685,101078.63378387527
13.016301630163017,12.717736903299677,101076.64941199473
13.021302130213021,12.718717892836839,101062.35530965157
13.026302630263027,12.719698459459725,101068.63780410802
13.031303130313033,12.720678598601543,101075.84371896449
13.036303630363037,12.72165830569817,101078.65191472346
13.041304130413042,12.722637576188179,101067.4216753153
13.046304630463046,12.72361640551288,101066.23651385673
13.051305130513052,12.724594789116335,101084.231227252
13.056305630563058,12.725572722445396,101075.95719050117
13.061306130613062,12.726550200949728,101073.62889730778
13.066306630663068,12.72752722008184,101076.41448873786
13.071307130713071,12.728503775297108,101084.65221414031
13.076307630763077,12.729479862053818,101075.4766936307
13.081308130813081,12.730455475813178,101073.36818650957
13.086308630863087,12.731430612039349,101071.0941189773
13.091309130913093,12.732405266199487,101073.27054947546
13.096309630963097,12.733379433763753,101073.71290155039
13.101310131013102,12.734353110205355,101069.43166701308
13.106310631063106,12.735326291000565,101064.41977775529
13.111311131113112,12.736298971628763,101072.68917794342
13.116311631163118,12.737271147572445,101077.98913133082
13.121312131213122,12.738242814317273,101071.16864062303
13.126312631263128,12.739213967352082,101063.91073755022
13.131313131313131,12.740184602168924,101079.98260578568
13.136313631363137,12.741154714263088,101084.5817483728
13.141314131413141,12.742124299133135,101066.47187521413
13.146314631463147,12.743093352280916,101072.87915366759
13.151315131513153,12.744061869211606,101077.79194978092
13.156315631563157,12.74502984543374,101076.77826671247
13.161316131613162,12.745997276459223,101078.07343081593
13.166316631663166,12.746964157803374,101071.95712524942
13.171317131713172,12.74793048498495,101066.3872480193
13.176317631763178,12.748896253526167,101082.51884358583
13.181318131813182,12.749861458952735,101074.9442749712
13.186318631863188,12.750826096793885,101075.30443869854
13.191319131913191,12.751790162582395,101079.8012813488
13.196319631963197,12.75275365185462,101068.84291155003
13.201320132013201,12.75371656015052,101078.03187822006
13.206320632063207,12.754678883013685,101069.2861097548
13.211321132113213,12.755640615991364,101079.54619067603
13.216321632163217,12.756601754634495,101075.64321371228
13.221322132213222,12.757562294497733,101073.36382122489
13.226322632263226,12.758522231139471,101072.97202825238
13.231323132313232,12.759481560121879,101076.02899192582
13.236323632363238,12.760440277010922,101066.47023016922
13.241324132413242,12.761398377376388,101073.86329328736
13.246324632463248,12.76235585679193,101076.37164608236
13.251325132513252,12.76331271083507,101069.3184175664
13.256325632563257,12.764268935087248,101080.9975005217
13.261326132613261,12.765224525133837,101075.17413759556
13.266326632663267,12.766179476564176,101074.549860393
13.271327132713273,12.767133784971596,101071.36004187452
13.276327632763277,12.768087445953448,101086.77919201305
13.281328132813282,12.76904045511113,101077.54275722629
13.286328632863286,12.769992808050112,101077.20752527827
13.291329132913292,12.77094450037997,101073.17777555778
13.296329632963298,12.77189552771441,101084.41173152572
13.301330133013302,12.772845885671291,101072.77481147047
13.306330633063308,12.77379556987266,101068.84860599037
13.311331133113312,12.774744575944775,101083.51743388052
13.316331633163317,12.775692899518132,101084.82657515872
13.321332133213321,12.776640536227491,101080.55395979645
13.326332633263327,12.777587481711917,101075.15552525515
13.331333133313333,12.77853373161478,101076.49028740007
13.336333633363337,12.779479281583809,101072.657175819
13.341334133413342,12.780424127271107,101079.03419691544
13.346334633463346,12.78136826433318,101076.21108516226
13.351335133513352,12.782311688430955,101071.77673828592
13.356335633563358,12.78325439522983,101074.08777578772
13.361336133613362,12.784196380399678,101074.40966016028
13.366336633663368,12.785137639614883,101072.01475977882
13.371337133713372,12.786078168554372,101071.13712737938
13.376337633763377,12.787017962901633,101071.91293627124
13.381338133813381,12.787957018344748,101080.04231616996
13.386338633863387,12.788895330576416,101074.70327007785
13.391339133913393,12.789832895293987,101079.60345801708
13.396339633963397,12.790769708199477,101081.45508023347
13.401340134013402,12.791705764999607,101077.61757594178
13.406340634063406,12.792641061405824,101077.88947362108
13.411341134113412,12.793575593134326,101070.8478908984
13.416341634163418,12.794509355906088,101083.5695502869
13.421342134213422,12.795442345446904,101073.58000843102
13.426342634263428,12.796374557487391,101073.10099074189
13.431343134313432,12.797305987763027,101067.80611085397
13.436343634363437,12.798236632014182,101079.5389644866
13.441344134413441,12.799166485986136,101076.99436569375
13.446344634463447,12.80009554542911,101080.4196292508
13.451345134513453,12.801023806098295,101074.80257822454
13.456345634563457,12.80195126375387,101080.00975260978
13.461346134613462,12.802877914161032,101090.14119428917
13.466346634663466,12.803803753090037,101079.83231508668
13.471347134713472,12.8047287763162,101082.09649275981
13.476347634763478,12.80565297961994,101086.13792553099
13.481348134813482,12.806576358786803,101076.47931678759
13.486348634863488,12.807498909607487,101079.81535645324
13.491349134913492,12.808420627877865,101076.07087715247
13.496349634963497,12.80934150939902,101085.77874232139
13.501350135013501,12.81026154997726,101072.4051116037
13.506350635063507,12.811180745424153,101084.14886298784
13.511351135113513,12.812099091556545,101073.82003689144
13.516351635163517,12.813016584196601,101088.26819850822
13.521352135213522,12.813933219171814,101082.49187679496
13.526352635263526,12.81484899231504,101073.55411235758
13.531353135313532,12.815763899464525,101078.53861183049
13.536353635363538,12.816677936463925,101086.13176926902
13.541354135413542,12.817591099162334,101078.68750622585
13.546354635463548,12.81850338341432,101074.32204552401
13.551355135513552,12.819414785079935,101076.12057129001
13.556355635563557,12.820325300024749,101081.03158256195
13.561356135613561,12.821234924119876,101078.62724486341
13.566356635663567,12.822143653242001,101073.67994642525
13.571357135713573,12.8230514832734,101072.56498670072
13.576357635763577,12.823958410101975,101079.10637433467
13.581358135813582,12.824864429621266,101079.92713014735
13.586358635863586,12.825769537730489,101074.22789132822
13.591359135913592,12.826673730334562,101083.55073818986
13.596359635963598,12.827577003344121,101085.92976626566
13.601360136013602,12.828479352675547,101069.98920043095
13.606360636063608,12.829380774251005,101070.8761972591
13.611361136113612,12.830281263998451,101080.62912991422
13.616361636163617,12.831180817851669,101084.15840653836
13.621362136213621,12.832079431750296,101079.80740215759
13.626362636263627,12.832977101639843,101077.00049848268
13.631363136313633,12.833873823471718,101084.30449085342
13.636363636363637,12.83476959320326,101080.36113244148
13.641364136413642,12.835664406797765,101072.84825702634
13.646364636463646,12.836558260224493,101076.78948607955
13.651365136513652,12.837451149458719,101080.66857166452
13.656365636563658,12.838343070481738,101077.99276933132
13.661366136613662,12.839234019280898,101073.47803680817
13.666366636663668,12.840123991849627,101076.79278709134
13.671367136713672,12.841012984187456,101078.94952768368
13.676367636763677,12.841900992300042,101084.29041708379
13.681368136813681,12.842788012199192,101091.02863572474
13.686368636863687,12.843674039902899,101089.0682237066
13.691369136913693,12.844559071435349,101086.95085596503
13.696369636963697,12.845443102826959,101082.88889702607
13.701370137013702,12.846326130114402,101080.63490666296
13.706370637063706,12.847208149340622,101077.86431754859
13.711371137113712,12.848089156554867,101086.99292560556
13.716371637163718,12.848969147812712,101077.61898500718
13.721372137213722,12.849848119176084,101076.77638928877
13.726372637263728,12.85072606671328,101081.89415359785
13.731373137313732,12.851602986499005,101090.84189487611
13.736373637363737,12.852478874614382,101085.56336841449
13.741374137413741,12.853353727146988,101074.52397078891
13.746374637463747,12.854227540190871,101077.50039763968
13.751375137513753,12.85510030984658,101087.24172846251
13.756375637563757,12.85597203222118,101083.92351303033
13.761376137613762,12.856842703428292,101067.12146419156
13.766376637663766,12.857712319588101,101077.4006549012
13.771377137713772,12.85858087682739,101086.45990278646
13.776377637763778,12.859448371279559,101083.75514331313
13.781378137813782,12.860314799084659,101084.01201615718
13.786378637863788,12.8611801563894,101083.80548392783
13.791379137913792,12.862044439347187,101069.27857618342
13.796379637963797,12.862907644118145,101080.02335522816
13.801380138013801,12.863769766869133,101071.22576081126
13.806380638063807,12.864630803773782,101081.60106746202
13.811381138113813,12.8654907510125,101078.16059330857
13.816381638163817,12.866349604772514,101079.35092844148
13.821382138213822,12.867207361247885,101084.82940264481
13.826382638263826,12.868064016639536,101089.49870842179
13.831383138313832,12.868919567155269,101070.61560061599
13.836383638363838,12.869774009009792,101083.26581863653
13.841384138413842,12.87062733842475,101079.51481483676
13.846384638463848,12.871479551628736,101086.55567507634
13.851385138513852,12.872330644857323,101076.6206535717
13.856385638563857,12.873180614353085,101077.15090591159
13.861386138613861,12.874029456365623,101063.9047987631
13.866386638663867,12.87487716715158,101088.67242000414
13.871387138713873,12.875723742974678,101075.72415038265
13.876387638763877,12.87656918010573,101084.36105331116
13.881388138813882,12.877413474822665,101079.08210406925
13.886388638863886,12.878256623410559,101077.98805649727
13.891389138913892,12.879098622161651,101074.89662147485
13.896389638963898,12.879939467375364,101074.01776542026
13.901390139013902,12.880779155358336,101085.28827038773
13.906390639063908,12.881617682424439,101068.32985259434
13.911391139113912,12.882455044894801,101077.37364254857
13.916391639163917,12.883291239097828,101081.61767533365
13.921392139213921,12.884126261369236,101091.74903620298
13.926392639263927,12.884960108052057,101080.38515001608
13.931393139313933,12.885792775496684,101082.51324758156
13.936393639363937,12.886624260060872,101075.12714981174
13.941394139413942,12.887454558109773,101073.3012329988
13.946394639463946,12.888283666015957,101071.25306936941
13.951395139513952,12.889111580159435,101075.63786164236
13.956395639563958,12.88993829692768,101075.0836227438
13.961396139613962,12.890763812715644,101086.38365607325
13.966396639663968,12.8915881239258,101075.32055437384
13.971397139713972,12.892411226968138,101077.49347449584
13.976397639763977,12.893233118260206,101071.76188325576
13.981398139813981,12.894053794227128,101079.78591138242
13.986398639863987,12.894873251301624,101075.01782375081
13.991399139913993,12.89569148592403,101075.22238712755
13.996399639963997,12.896508494542333,101076.53465447163
14.001400140014002,12.897324273612174,101081.96462769878
14.006400640064006,12.898138819596886,101072.63297561527
14.011401140114012,12.898952128967512,101075.60897402902
14.016401640164018,12.899764198202817,101083.43097948335
14.021402140214022,12.900575023789326,101087.05395605204
14.026402640264028,12.901384602221338,101076.23481119939
14.031403140314032,12.902192930000943,101081.61829244351
14.036403640364037,12.903000003638056,101068.56377915764
14.041404140414041,12.903805819650424,101079.69863722993
14.046404640464047,12.904610374563665,101079.24147171983
14.051405140514053,12.90541366491127,101078.63056518948
14.056405640564057,12.906215687234647,101087.10934386292
14.061406140614062,12.907016438083122,101076.57823955544
14.066406640664066,12.90781591401397,101073.6764777621
14.071407140714072,12.908614111592437,101082.2860340997
14.076407640764078,12.909411027391766,101075.95441440726
14.081408140814082,12.910206657993202,101085.93328633906
14.086408640864088,12.911000999986031,101077.12482222483
14.091409140914092,12.911794049967595,101077.27040873059
14.096409640964097,12.91258580454331,101081.20059965856
14.101410141014101,12.91337626032669,101083.7090775032
14.106410641064107,12.914165413939369,101083.42861090653
14.111411141114113,12.914953262011123,101082.35380479741
14.116411641164117,12.915739801179882,101079.24744935293
14.121412141214122,12.916525028091769,101078.33493211158
14.126412641264126,12.917308939401101,101072.90835934844
14.131413141314132,12.918091531770425,101079.58053453217
14.136413641364138,12.918872801870531,101076.19897752078
14.141414141414142,12.919652746380473,101073.2020153832
14.146414641464148,12.920431361987593,101083.25392295478
14.151415141514152,12.921208645387544,101075.10930632276
14.156415641564157,12.9219845932843,101081.64826172429
14.161416141614161,12.922759202390187,101076.41903334654
14.166416641664167,12.923532469425906,101076.32572425871
14.171417141714173,12.924304391120534,101079.79345690914
14.176417641764177,12.92507496421157,101070.35687590047
14.181418141814182,12.925844185444939,101082.65031043728
14.186418641864186,12.926612051575018,101081.34353126395
14.191419141914192,12.927378559364653,101075.79781266586
14.196419641964198,12.928143705585182,101075.80422301902
14.201420142014202,12.928907487016456,101082.98118463003
14.206420642064208,12.929669900446857,101084.69764140238
14.211421142114212,12.930430942673317,101083.53661580925
14.216421642164217,12.931190610501343,101075.74721512041
14.221422142214221,12.93194890074503,101086.44140393933
14.226422642264227,12.932705810227088,101085.93711560854
14.231423142314233,12.933461335778857,101075.31165725143
14.236423642364237,12.934215474240327,101088.903585493
14.241424142414242,12.93496822246016,101082.65406898237
14.246424642464246,12.93571957729571,101069.51203181736
14.251425142514252,12.936469535613043,101067.75299456873
14.256425642564258,12.937218094286946,101083.86217806056
14.261426142614262,12.93796525020097,101080.17456347891
14.266426642664268,12.93871100024742,101075.00994036664
14.271427142714272,12.939455341327397,101087.14242050659
14.276427642764277,12.940198270350814,101072.71505663295
14.281428142814281,12.940939784236402,101079.7297230255
14.286428642864287,12.941679879911744,101076.09314308231
14.291429142914293,12.942418554313289,101080.72716443258
14.296429642964297,12.943155804386365,101083.76724077959
14.301430143014302,12.94389162708521,101069.2508088251
14.306430643064306,12.944626019372983,101081.16133267606
14.311431143114312,12.945358978221785,101078.31820866406
14.316431643164318,12.946090500612675,101079.74141215131
14.321432143214322,12.946820583535693,101076.69022069851
14.326432643264328,12.947549223989885,101081.14632080335
14.331433143314332,12.9482764189833,101083.66098499382
14.336433643364337,12.949002165533035,101081.98509141587
14.341434143414341,12.949726460665238,101079.8729830524
14.346434643464347,12.950449301415125,101079.8088709513
14.351435143514353,12.951170684827009,101075.1012967465
14.356435643564357,12.951890607954315,101074.08644432698
14.361436143614362,12.952609067859592,101076.17156726366
14.366436643664366,12.953326061614538,101082.82845442653
14.371437143714372,12.954041586300017,101073.1256422506
14.376437643764378,12.954755639006073,101080.50518599874
14.381438143814382,12.955468216831955,101081.2954378229
14.386438643864388,12.956179316886134,101079.1888284455
14.391439143914392,12.956888936286314,101076.2336061046
14.396439643964397,12.957597072159455,101082.15782057481
14.401440144014401,12.958303721641796,101090.49635533399
14.406440644064407,12.959008881878862,101076.01080434815
14.411441144114413,12.959712550025491,101079.14361849618
14.416441644164417,12.96041472324585,101082.70069746133
14.421442144214422,12.961115398713448,101080.201041174
14.426442644264426,12.961814573611154,101076.85036227781
14.431443144314432,12.962512245131224,101074.52784375071
14.436443644364438,12.96320841047531,101080.78316369005
14.441444144414442,12.963903066854478,101070.54591652163
14.446444644464448,12.964596211489225,101074.10234275898
14.451445144514452,12.965287841609504,101081.88898247888
14.456445644564457,12.96597795445473,101076.80323554791
14.461446144614461,12.966666547273807,101070.0225108537
14.466446644664467,12.96735361732514,101079.60619059163
14.471447144714473,12.96803916187665,101081.95679151715
14.476447644764477,12.968723178205796,101073.47340230155
14.481448144814483,12.969405663599593,101082.90835493275
14.486448644864486,12.970086615354626,101079.71458155783
14.491449144914492,12.970766030777062,101072.63841193053
14.496449644964498,12.971443907182678,101076.98056616125
14.501450145014502,12.972120241896869,101074.77954858725
14.506450645064508,12.972795032254664,101076.73448995233
14.511451145114512,12.973468275600755,101069.20201233459
14.516451645164517,12.974139969289498,101085.43176173091
14.521452145214521,12.974810110684935,101086.7806396003
14.526452645264527,12.97547869716082,101072.68370095678
14.531453145314533,12.976145726100619,101079.4121587943
14.536453645364537,12.976811194897534,101076.64812947481
14.541454145414543,12.977475100954528,101078.22357809082
14.546454645464546,12.97813744168433,101070.95718436458
14.551455145514552,12.978798214509446,101073.58122448005
14.556455645564558,12.979457416862195,101073.1002725452
14.561456145614562,12.980115046184707,101073.7436098252
14.566456645664568,12.980771099928946,101071.30632994263
14.571457145714572,12.981425575556726,101070.4505099401
14.576457645764577,12.982078470539728,101074.66189969372
14.581458145814581,12.98272978235951,101073.6724346976
14.586458645864587,12.98337950850753,101081.82932335559
14.591459145914593,12.98402764648516,101074.76056223355
14.596459645964597,12.984674193803695,101079.89300842922
14.601460146014603,12.985319147984374,101075.49550933704
14.606460646064606,12.985962506558401,101073.35853062087
14.611461146114612,12.986604267066948,101082.51448180349
14.616461646164618,12.98724442706118,101074.03579659681
14.621462146214622,12.98788298410227,101076.81887523324
14.626462646264628,12.988519935761405,101066.31280164915
14.631463146314632,12.98915527961981,101072.88436641224
14.636463646364637,12.989789013268766,101065.0948059478
14.641464146414641,12.990421134309612,101077.82028766656
14.646464646464647,12.99105164035377,101079.27051109466
14.651465146514653,12.991680529022766,101082.77336019422
14.656465646564657,12.992307797948222,101082.74537116711
14.661466146614663,12.992933444771895,101075.12555278072
14.666466646664666,12.993557467145683,101089.55280754821
14.671467146714672,12.994179862731636,101076.71131961566
14.676467646764678,12.994800629201968,101065.39442356973
14.681468146814682,12.99541976423909,101073.61499034341
14.686468646864688,12.9960372655356,101090.89512294794
14.691469146914692,12.99665313079431,101076.8262418454
14.696469646964697,12.99726735772827,101065.84401465081
14.701470147014701,12.997879944060758,101077.99853419478
14.706470647064707,12.998490887525314,101067.93864319212
14.711471147114713,12.99910018586575,101079.43329051204
14.716471647164717,12.999707836836158,101075.32838588484
14.721472147214723,13.000313838200931,101080.77861164026
14.726472647264726,13.000918187734769,101078.57007858377
14.731473147314732,13.001520883222707,101065.18854531365
14.736473647364738,13.002121922460113,101081.59252968171
14.741474147414742,13.002721303252708,101077.67612403042
14.746474647464748,13.003319023416585,101072.58786279519
14.751475147514752,13.003915080778217,101074.07429097265
14.756475647564757,13.004509473174465,101079.66241850586
14.761476147614761,13.00510219845261,101066.92696257954
14.766476647664767,13.005693254470344,101073.58220843163
14.771477147714773,13.006282639095797,101079.77446074599
14.776477647764777,13.006870350207553,101072.42202493697
14.781478147814783,13.007456385694647,101073.71738458781
14.786478647864786,13.008040743456597,101080.65249683375
14.791479147914792,13.008623421403408,101065.46696350566
14.796479647964798,13.009204417455583,101073.0091592434
14.801480148014802,13.00978372954414,101072.57716419405
14.806480648064808,13.010361355610623,101069.25748308483
14.811481148114812,13.01093729360712,101076.00108203401
14.816481648164817,13.011511541496263,101069.98545746942
14.821482148214821,13.012084097251263,101075.81321486218
14.826482648264827,13.012654958855894,101072.05562448775
14.831483148314833,13.013224124304525,101078.9519250423
14.836483648364837,13.01379159160214,101067.43321699812
14.841484148414843,13.01435735876432,101075.30350383077
14.846484648464847,13.014921423817286,101073.47528347996
14.851485148514852,13.015483784797894,101081.87822827176
14.856485648564858,13.01604443975366,101070.11784614094
14.861486148614862,13.016603386742753,101074.7829088677
14.866486648664868,13.01716062383403,101079.2694722557
14.871487148714872,13.01771614910703,101073.81735790356
14.876487648764877,13.018269960651999,101075.24748655077
14.881488148814881,13.018822056569887,101067.88180995522
14.886488648864887,13.019372434972377,101068.71424026393
14.891489148914893,13.019921093981885,101076.22468591593
14.896489648964897,13.020468031731575,101074.78357512639
14.901490149014903,13.021013246365376,101072.38015178239
14.906490649064907,13.021556736037983,101069.5008760995
14.911491149114912,13.022098498914872,101079.72493367302
14.916491649164918,13.022638533172321,101071.66205880772
14.921492149214922,13.023176836997413,101067.98072897474
14.926492649264928,13.023713408588039,101072.66223914121
14.931493149314932,13.024248246152933,101073.49754789003
14.936493649364937,13.024781347911658,101071.99471935816
14.941494149414941,13.025312712094628,101064.94946132188
14.946494649464947,13.025842336943127,101072.82558082778
14.951495149514953,13.026370220709307,101072.9983841576
14.956495649564957,13.0268963616562,101069.42266586437
14.961496149614963,13.027420758057744,101074.27489060216
14.966496649664967,13.027943408198771,101062.03415117983
14.971497149714972,13.028464310375034,101071.37455384064
14.976497649764978,13.028983462893212,101075.39876702627
14.981498149814982,13.029500864070926,101072.66465406767
14.986498649864988,13.030016512236738,101070.29846627932
14.991499149914992,13.030530405730175,101073.05632253387
14.996499649964997,13.031042542901728,101064.72210657729
15.001500150015001,13.031552922112871,101068.04262337617
15.006500650065007,13.032061541736061,101074.73803304714
15.011501150115013,13.032568400154766,101075.66509374265
15.016501650165017,13.03307349576345,101068.4852515644
15.021502150215023,13.033576826967607,101069.65135658256
15.026502650265027,13.03407839218376,101065.79444945844
15.031503150315032,13.034578189839465,101074.31835315871
15.036503650365038,13.03507621837333,101069.4387726768
15.041504150415042,13.03557247623503,101068.94959824216
15.046504650465048,13.036066961885298,101080.00883766913
15.051505150515052,13.03655967379595,101067.17271605108
15.056505650565057,13.037050610449892,101075.38205339704
15.061506150615061,13.037539770341127,101073.93496412443
15.066506650665067,13.038027151974758,101073.90390140541
15.071507150715073,13.038512753867018,101081.96962671769
15.076507650765077,13.038996574545251,101068.72221986354
15.081508150815083,13.039478612547946,101069.99231432051
15.086508650865087,13.039958866424731,101068.94151457417
15.091509150915092,13.04043733473639,101066.62321354444
15.096509650965098,13.040914016054867,101071.33603977357
15.101510151015102,13.041388908963274,101075.54676311844
15.106510651065108,13.041862012055912,101070.68481229096
15.111511151115112,13.04233332393826,101071.68428821559
15.116511651165117,13.042802843227003,101072.72425386842
15.121512151215121,13.043270568550025,101066.55011654468
15.126512651265127,13.04373649854643,101064.56304157904
15.131513151315133,13.044200631866538,101076.64943860602
15.136513651365137,13.04466296717191,101070.50937033858
15.141514151415143,13.04512350313534,101073.62713235542
15.146514651465147,13.04558223844087,101070.85827399226
15.151515151515152,13.046039171783805,101061.52288531719
15.156515651565158,13.046494301870707,101073.42884752354
15.161516151615162,13.046947627419412,101063.37433869262
15.166516651665168,13.047399147159041,101065.20414928689
15.171517151715172,13.04784885983,101063.87249750142
15.176517651765177,13.048296764183988,101064.55949115384
15.181518151815181,13.048742858984019,101070.56951071593
15.186518651865187,13.04918714300441,101061.34364081439
15.191519151915193,13.049629615030796,101069.4128230705
15.196519651965197,13.050070273860149,101061.06038608438
15.201520152015203,13.050509118300765,101064.65898070708
15.206520652065207,13.050946147172288,101070.71682497037
15.211521152115212,13.051381359305715,101070.53676946342
15.216521652165218,13.051814753543391,101071.28624219955
15.221522152215222,13.05224632873903,101070.74983518751
15.226522652265228,13.052676083757717,101066.87473195215
15.231523152315232,13.053104017475919,101072.40822245835
15.236523652365237,13.053530128781478,101071.34121181078
15.241524152415241,13.053954416573642,101066.42873698432
15.246524652465247,13.054376879763048,101071.47607037847
15.251525152515253,13.05479751727174,101063.82819180127
15.256525652565257,13.05521632803318,101068.34710261573
15.261526152615263,13.055633310992247,101067.30701233834
15.266526652665267,13.056048465105244,101057.24629003668
15.271527152715272,13.05646178933991,101056.90233098963
15.276527652765278,13.056873282675419,101060.52448198017
15.281528152815282,13.057282944102393,101066.5767887466
15.286528652865288,13.057690772622907,101060.63684210452
15.291529152915292,13.05809676725049,101062.8814561586
15.296529652965297,13.05850092701014,101067.02785907076
15.301530153015301,13.058903250938318,101062.51153461321
15.306530653065307,13.05930373808297,101064.17142438756
15.311531153115313,13.05970238750352,101062.56255355228
15.316531653165317,13.060099198270878,101062.50261232459
15.321532153215323,13.06049416946745,101056.34627071535
15.326532653265327,13.060887300187144,101063.61534167836
15.331533153315332,13.061278589535368,101062.16387359395
15.336533653365338,13.061668036629046,101068.80376402383
15.341534153415342,13.062055640596613,101067.7917397948
15.346534653465348,13.062441400578031,101064.26058864518
15.351535153515352,13.062825315724789,101068.92644996475
15.356535653565357,13.063207385199904,101055.92995389794
15.361536153615361,13.063587608177931,101054.82746001087
15.366536653665367,13.063965983844977,101063.5755329733
15.371537153715373,13.064342511398685,101062.5142867108
15.376537653765377,13.06471719004826,101063.59357692297
15.381538153815383,13.065090019014455,101059.96772570265
15.386538653865387,13.0654609975296,101068.23879832131
15.391539153915392,13.065830124837579,101066.7107011562
15.396539653965398,13.066197400193857,101064.2460192121
15.401540154015402,13.066562822865473,101061.56753080216
15.406540654065408,13.066926392131046,101057.9668749725
15.411541154115412,13.067288107280783,101069.82814256957
15.416541654165417,13.067647967616482,101065.44308725049
15.421542154215423,13.068005972451537,101063.22600891162
15.426542654265427,13.068362121110935,101059.97315125023
15.431543154315433,13.068716412931275,101069.49376975406
15.436543654365437,13.069068847260759,101056.29122402071
15.441544154415443,13.069419423459196,101047.5860592799
15.446544654465447,13.069768140898022,101057.36246451394
15.451545154515452,13.070114998960284,101067.51414249468
15.456545654565458,13.070459997040652,101058.40025387329
15.461546154615462,13.07080313454543,101062.67409901999
15.466546654665468,13.071144410892547,101054.96975115631
15.471547154715472,13.071483825511566,101056.88590106418
15.476547654765477,13.071821377843694,101062.36633093243
15.481548154815483,13.072157067341776,101059.32002528095
15.486548654865487,13.072490893470299,101054.03763751528
15.491549154915493,13.072822855705404,101057.43732042871
15.496549654965497,13.07315295353488,101059.19116566557
15.501550155015503,13.073481186458173,101061.1644747838
15.506550655065507,13.073807553986383,101058.136271489
15.511551155115512,13.074132055642279,101060.19128667844
15.516551655165518,13.074454690960284,101058.059392917
15.521552155215522,13.074775459486496,101054.39697996498
15.526552655265528,13.07509436077868,101062.93652846369
15.531553155315532,13.075411394406274,101058.03945439335
15.536553655365537,13.075726559950384,101049.1630490328
15.541554155415543,13.07603985700381,101058.59145621592
15.546554655465547,13.076351285171016,101058.06862289603
15.551555155515553,13.076660844068158,101067.4479915835
15.556555655565557,13.076968533323075,101056.10223262399
15.561556155615563,13.077274352575293,101054.48884346224
15.566556655665567,13.077578301476027,101061.36145747745
15.571557155715572,13.07788037968819,101055.87291474096
15.576557655765578,13.078180586886381,101056.23056049648
15.581558155815582,13.078478922756897,101053.18772202444
15.586558655865588,13.078775386997739,101052.63367259143
15.591559155915592,13.079069979318602,101056.2684182637
15.596559655965597,13.079362699440882,101053.70755238901
15.601560156015603,13.079653547097687,101062.22043934297
15.606560656065607,13.07994252203382,101068.57055441463
15.611561156115613,13.080229624005796,101070.61380622043
15.616561656165617,13.080514852781839,101068.49026952343
15.621562156215623,13.080798208141882,101048.64188962265
15.626562656265627,13.081079689877566,101065.40095615727
15.631563156315632,13.08135929779225,101057.69336697106
15.636563656365638,13.081637031701003,101048.37788583021
15.641564156415642,13.081912891430608,101046.9853325902
15.646564656465648,13.082186876819568,101048.82530169895
15.651565156515652,13.082458987718102,101046.76305096621
15.656565656565657,13.082729223988142,101057.1460882184
15.661566156615663,13.082997585503342,101054.33058757996
15.666566656665667,13.083264072149081,101054.98519885103
15.671567156715673,13.083528683822449,101057.25325941718
15.676567656765677,13.08379142043226,101059.47954643419
15.681568156815683,13.084052281899055,101048.59417264262
15.686568656865687,13.08431126815509,101051.94891555006
15.691569156915692,13.084568379144347,101055.25605349027
15.696569656965698,13.084823614822529,101055.12976759704
15.701570157015702,13.085076975157063,101048.26787355045
15.706570657065708,13.085328460127098,101053.03512919141
15.711571157115712,13.085578069723509,101054.59080064441
15.716571657165717,13.085825803948893,101055.37744890497
15.721572157215723,13.086071662817567,101051.29378919383
15.726572657265727,13.086315646355578,101048.42778957362
15.731573157315733,13.086557754600694,101058.37309031338
15.736573657365737,13.086797987602399,101060.97134470979
15.741574157415743,13.08703634542191,101054.59749171154
15.746574657465747,13.087272828132159,101045.60383215664
15.751575157515752,13.087507435817802,101050.59348217868
15.756575657565758,13.08774016857522,101057.81207359412
15.761576157615762,13.087971026512507,101050.72546240332
15.766576657665768,13.088200009749482,101043.44169079767
15.771577157715772,13.088427118417684,101055.0156798641
15.776577657765777,13.088652352660368,101056.30961368728
15.781578157815783,13.088875712632507,101051.38870499274
15.786578657865787,13.089097198500788,101055.14920091866
15.791579157915793,13.089316810443622,101047.93999333183
15.796579657965797,13.089534548651121,101053.06592916127
15.801580158015803,13.089750413325126,101051.48624267877
15.806580658065807,13.089964404679176,101058.59097711588
15.811581158115812,13.090176522938528,101049.5192030641
15.816581658165818,13.090386768340144,101054.67592551609
15.821582158215822,13.0905951411327,101053.32448410067
15.826582658265828,13.090801641576574,101051.3037565753
15.831583158315832,13.091006269943843,101047.70668251676
15.836583658365837,13.091209026518301,101051.10391993787
15.841584158415843,13.09140991159543,101042.89533451808
15.846584658465847,13.091608925482415,101051.4907156536
15.851585158515853,13.09180606849814,101051.45313568527
15.856585658565857,13.092001340973185,101053.96813051263
15.861586158615863,13.09219474324982,101039.38144537491
15.866586658665867,13.092386275682008,101055.92586533526
15.871587158715872,13.0925759386354,101052.28329214305
15.876587658765878,13.092763732487334,101046.87104368252
15.881588158815882,13.092949657626836,101047.40355185156
15.886588658865888,13.093133714454604,101047.00452832598
15.891589158915892,13.093315903383024,101043.0284218124
15.896589658965897,13.093496224836157,101044.71285342606
15.901590159015903,13.093674679249737,101048.64415884
15.906590659065907,13.093851267071168,101044.95914845512
15.911591159115913,13.094025988759524,101046.9792221151
15.916591659165917,13.094198844785547,101053.89648686322
15.921592159215923,13.094369835631635,101041.1784564539
15.926592659265927,13.094538961791857,101053.9315685305
15.931593159315932,13.094706223771924,101041.72785375021
15.936593659365938,13.094871622089213,101037.68077578508
15.941594159415942,13.095035157272743,101042.34580732774
15.946594659465948,13.095196829863188,101046.65899778114
15.951595159515952,13.095356640412856,101044.31589253426
15.956595659565957,13.0955145894857,101044.98930245964
15.961596159615963,13.095670677657314,101048.0922086227
15.966596659665967,13.095824905514915,101037.21093716323
15.971597159715973,13.095977273657358,101050.45541178407
15.976597659765977,13.096127782695119,101043.05365791645
15.981598159815983,13.096276433250296,101045.17123952956
15.986598659865987,13.096423225956606,101045.49253886321
15.991599159915992,13.09656816145938,101033.2886149233
15.996599659965998,13.096711240415562,101045.36677379583
16.001600160016004,13.09685246349369,101050.18270257495
16.006600660066006,13.09699183137392,101054.55036642968
16.01160116011601,13.097129344747993,101039.3388797901
16.016601660166017,13.097265004319246,101052.46647411406
16.021602160216023,13.097398810802607,101039.54668948297
16.02660266026603,13.097530764924587,101035.82525224453
16.03160316031603,13.097660867423274,101046.23754354744
16.036603660366037,13.097789119048338,101038.71917234616
16.041604160416043,13.09791552056101,101046.45215521405
16.04660466046605,13.098040072734092,101044.01823391097
16.051605160516054,13.098162776351947,101041.8099107444
16.056605660566056,13.098283632210492,101041.53213491633
16.061606160616062,13.098402641117193,101041.56888267749
16.066606660666068,13.098519803891065,101033.72641217944
16.071607160716074,13.098635121362666,101038.37913647109
16.076607660766076,13.098748594374081,101038.24696044906
16.08160816081608,13.098860223778933,101041.53329413642
16.086608660866087,13.098970010442368,101041.3098992667
16.091609160916093,13.099077955241048,101046.24320719775
16.0966096609661,13.099184059063152,101036.70221703818
16.1016101610161,13.099288322808368,101047.54944489963
16.106610661066107,13.099390747387885,101039.5559436749
16.111611161116112,13.099491333724387,101036.99898235362
16.116611661166118,13.099590082752059,101044.15384829366
16.121612161216124,13.099686995416558,101027.44227102221
16.126612661266126,13.099782072675028,101030.88153551918
16.13161316131613,13.099875315496087,101045.40454582755
16.136613661366138,13.09996672485982,101041.51127228276
16.141614161416143,13.100056301757771,101030.96749832439
16.14661466146615,13.100144047192941,101030.14093674916
16.15161516151615,13.10022996217978,101039.52498120697
16.156615661566157,13.10031404774418,101031.89364080242
16.161616161616163,13.10039630492347,101046.90182963175
16.16661666166617,13.100476734766406,101044.89320299965
16.171617161716174,13.10055533833317,101033.77995924022
16.176617661766176,13.100632116695362,101038.1721516517
16.181618161816182,13.10070707093599,101047.64171433124
16.186618661866188,13.10078020214946,101039.81874088317
16.191619161916194,13.10085151144158,101043.40069424194
16.196619661966196,13.10092099992955,101031.10441609746
16.2016201620162,13.100988668741943,101030.00705514729
16.206620662066207,13.101054519018716,101036.95105375828
16.211621162116213,13.101118551911192,101038.68555069949
16.21662166216622,13.10118076858205,101036.92786843379
16.22162216221622,13.101241170205327,101043.12761220684
16.226622662266227,13.101299757966407,101028.26120439946
16.231623162316232,13.101356533062011,101029.34038477672
16.236623662366238,13.101411496700191,101032.68181730116
16.241624162416244,13.101464650100326,101042.05573872049
16.246624662466246,13.101515994493107,101036.38836221705
16.251625162516252,13.101565531120533,101032.04335720037
16.256625662566258,13.101613261235913,101037.94967931566
16.261626162616263,13.101659186103838,101029.38465161397
16.26662666266627,13.101703307000188,101034.4565932722
16.27162716271627,13.101745625212121,101029.92261403338
16.276627662766277,13.101786142038065,101040.94614270798
16.281628162816283,13.101824858787705,101035.94948832742
16.28662866286629,13.101861776781984,101034.92177262456
16.291629162916294,13.101896897353084,101032.92289578219
16.296629662966296,13.101930221844425,101035.39858454773
16.301630163016302,13.10196175161066,101028.4052658213
16.306630663066308,13.101991488017651,101032.89925975077
16.311631163116314,13.102019432442479,101034.79959219748
16.316631663166316,13.102045586273425,101033.34409756088
16.32163216321632,13.102069950909963,101023.75736436128
16.326632663266327,13.102092527762748,101029.87117500295
16.331633163316333,13.10211331825362,101030.07117816494
16.33663366336634,13.102132323815578,101038.38578611669
16.34163416341634,13.102149545892784,101029.77776214384
16.346634663466347,13.10216498594054,101025.73787028232
16.351635163516352,13.102178645425301,101033.86244183134
16.356635663566358,13.102190525824644,101024.59359053588
16.361636163616364,13.10220062862727,101028.10962229752
16.366636663666366,13.102208955332992,101028.33598664972
16.371637163716372,13.102215507452724,101031.43374817634
16.376637663766378,13.102220286508476,101035.18496086447
16.381638163816383,13.102223294033344,101031.25781920111
16.38663866386639,13.102224531571492,101025.47666108132
16.39163916391639,13.10222400067815,101031.83456922685
16.396639663966397,13.10222170291961,101024.7935636755
16.401640164016403,13.102217639873201,101029.0137480491
16.40664066406641,13.102211813127289,101031.51084313367
16.411641164116414,13.10220422428127,101031.27489506955
16.416641664166416,13.102194874945548,101026.66797506236
16.421642164216422,13.102183766741536,101031.34579359178
16.426642664266428,13.102170901301648,101036.4201751435
16.431643164316434,13.10215628026927,101031.26936995938
16.436643664366436,13.102139905298772,101022.61158858502
16.44164416441644,13.102121778055489,101031.80115117593
16.446644664466447,13.102101900215704,101024.52448868117
16.451645164516453,13.102080273466646,101024.60084618042
16.45664566456646,13.102056899506477,101035.74580775845
16.46164616461646,13.102031780044285,101023.06218946534
16.466646664666467,13.102004916800063,101032.04956743802
16.471647164716472,13.101976311504705,101026.13358249013
16.476647664766478,13.101945965900004,101018.8812755862
16.481648164816484,13.101913881738623,101025.17217915841
16.486648664866486,13.101880060784094,101025.70097969935
16.491649164916492,13.101844504810812,101026.55131276304
16.496649664966498,13.101807215604012,101026.20199927973
16.501650165016503,13.101768194959766,101027.2231790722
16.50665066506651,13.10172744468497,101017.77956252873
16.51165116511651,13.101684966597333,101026.00526902208
16.516651665166517,13.10164076252536,101014.30782079046
16.521652165216523,13.101594834308356,101031.50813741772
16.52665266526653,13.101547183796395,101020.28433560772
16.531653165316534,13.101497812850317,101025.16733854775
16.536653665366536,13.101446723341724,101029.76028782417
16.541654165416542,13.101393917152956,101024.78300336278
16.546654665466548,13.101339396177085,101023.66195715593
16.551655165516554,13.101283162317904,101025.84265669328
16.556655665566556,13.101225217489912,101023.19249405428
16.56165616561656,13.101165563618304,101022.57949384981
16.566656665666567,13.10110420263896,101017.17240215305
16.571657165716573,13.10104113649843,101015.95134677249
16.57665766576658,13.100976367153924,101011.5984875582
16.58165816581658,13.100909896573302,101020.54549209354
16.586658665866587,13.100841726735053,101019.37188492509
16.591659165916592,13.100771859628292,101019.59352916211
16.596659665966598,13.100700297252743,101026.7296466918
16.601660166016604,13.100627041618731,101022.70067167145
16.606660666066606,13.100552094747158,101023.08330720096
16.611661166116612,13.100475458669509,101022.31313938822
16.616661666166618,13.10039713542782,101021.04264678368
16.621662166216623,13.100317127074677,101013.56728264967
16.62666266626663,13.100235435673198,101020.68805503301
16.63166316631663,13.100152063297031,101021.28566572112
16.636663666366637,13.100067012030319,101020.5209657114
16.641664166416643,13.099980283967708,101011.99387921921
16.64666466646665,13.099891881214326,101012.44733557431
16.651665166516654,13.099801805885768,101015.46822896837
16.656665666566656,13.099710060108082,101011.3212363611
16.661666166616662,13.099616646017767,101017.99072776231
16.666666666666668,13.099521565761743,101008.04869596999
16.671667166716674,13.099424821497344,101015.53102168262
16.676667666766676,13.09932641539232,101014.2410410396
16.68166816681668,13.09922634962479,101018.66851824308
16.686668666866687,13.099124626383261,101016.97252700361
16.691669166916693,13.099021247866602,101017.81771291982
16.6966696669667,13.098916216284023,101010.8250360516
16.7016701670167,13.098809533855068,101013.75854518801
16.706670667066707,13.098701202809607,101020.27778469231
16.711671167116712,13.098591225387812,101013.12081583845
16.716671667166718,13.098479603840143,101014.55517646416
16.721672167216724,13.098366340427345,101011.97858008767
16.726672667266726,13.098251437420425,101013.30909214653
16.731673167316732,13.098134897100634,101008.80766166445
16.736673667366738,13.098016721759466,101013.36510260042
16.741674167416743,13.09789691369863,101011.10657187532
16.74667466746675,13.097775475230046,101013.75432846963
16.75167516751675,13.09765240867582,101009.79294335238
16.756675667566757,13.097527716368244,101023.22705100298
16.761676167616763,13.097401400649765,100998.76883923235
16.76667666766677,13.097273463872984,101012.21922224542
16.771677167716774,13.097143908400632,101009.94176267911
16.776677667766776,13.097012736605562,101012.30821185085
16.781678167816782,13.096879950870726,101014.60114369527
16.786678667866788,13.096745553589173,101004.3857910044
16.791679167916794,13.096609547164018,101010.01325194127
16.796679667966796,13.09647193400844,101009.96095127954
16.8016801680168,13.096332716545662,101016.22642602505
16.806680668066807,13.096191897208934,101000.52147238773
16.811681168116813,13.096049478441516,101005.31565122913
16.81668166816682,13.09590546269668,101007.31851041377
16.82168216821682,13.095759852437665,101007.46085499384
16.826682668266827,13.095612650137685,101006.88901899755
16.831683168316832,13.09546385827991,101006.82760899114
16.836683668366838,13.095313479357442,101002.80966692365
16.841684168416844,13.0951615158733,101005.33613247385
16.846684668466846,13.095007970340417,101019.37995783206
16.851685168516852,13.094852845281613,101011.64762664918
16.856685668566858,13.094696143229577,101006.42845943898
16.861686168616863,13.094537866726865,101010.81083099061
16.86668666866687,13.094378018325868,100988.24458290946
16.87168716871687,13.094216600588808,101014.98339741083
16.876687668766877,13.09405361608771,101009.14057188042
16.881688168816883,13.093889067404405,101003.69552347732
16.88668866886689,13.09372295713049,101000.4722833326
16.891689168916894,13.093555287867332,101008.6542994958
16.896689668966896,13.093386062226042,101007.84008389882
16.901690169016902,13.093215282827456,101001.7056382513
16.906690669066908,13.09304295230213,101013.0801477815
16.911691169116914,13.09286907329031,100997.31009326657
16.916691669166916,13.092693648441927,101003.14150006618
16.92169216921692,13.09251668041657,100998.66726749954
16.926692669266927,13.092338171883478,101006.21157634737
16.931693169316933,13.092158125521525,100999.31437269457
16.93669366936694,13.091976544019186,101003.95948418192
16.94169416941694,13.091793430074546,101008.0548881325
16.946694669466947,13.09160878639526,101003.5661936744
16.951695169516952,13.091422615698551,100992.98521378155
16.956695669566958,13.091234920711186,100999.45381263034
16.961696169616964,13.09104570416946,101003.9839524843
16.966696669666966,13.09085496881918,101003.51406435392
16.971697169716972,13.090662717415649,101000.91407519208
16.976697669766978,13.090468952723644,100990.3571758756
16.981698169816983,13.090273677517404,101004.05683172648
16.98669866986699,13.090076894580614,101003.98302301498
16.99169916991699,13.08987860670638,100999.60138895817
16.996699669966997,13.089678816697214,101006.11377135741
17.001700170017003,13.08947752736502,100993.4134992661
17.00670067006701,13.089274741531078,100998.07997654579
17.011701170117014,13.08907046202602,101003.61856293367
17.016701670167016,13.088864691689814,101003.01436121564
17.021702170217022,13.088657433371752,101001.3707366708
17.026702670267028,13.088448689930422,100984.81323201091
17.031703170317034,13.088238464233699,100998.9191260416
17.036703670367036,13.088026759158728,101002.49241345849
17.04170417041704,13.087813577591895,100991.70732937234
17.046704670467047,13.087598922428814,101001.6872961761
17.051705170517053,13.087382796574323,100996.77276348548
17.05670567056706,13.087165202942442,100998.25373213769
17.06170617061706,13.086946144456371,100998.64376025138
17.066706670667067,13.08672562404847,100999.17169798941
17.071707170717072,13.086503644660228,100995.93414549668
17.076707670767078,13.086280209242265,100994.98849395863
17.081708170817084,13.086055320754301,100996.71629339899
17.086708670867086,13.085828982165134,100995.62991220664
17.091709170917092,13.08560119645263,100989.98783010746
17.096709670967098,13.085371966603706,100999.76263842566
17.101710171017103,13.0851412956143,100996.67695983147
17.10671067106711,13.084909186489359,101008.0298389179
17.11171117111711,13.084675642242825,100990.77536961241
17.116711671167117,13.08444066589761,101000.65588660265
17.121712171217123,13.084204260485576,100992.30975275498
17.12671267126713,13.083966429047516,100991.9713088608
17.131713171317134,13.083727174633147,100998.54009650984
17.136713671367136,13.08348650030107,100987.51855700077
17.141714171417142,13.083244409118773,100989.00334995872
17.146714671467148,13.083000904162594,100991.82126210077
17.151715171517154,13.08275598851771,100990.8948305169
17.156715671567156,13.082509665278113,100991.91647098691
17.16171617161716,13.082261937546606,100989.38657028996
17.166716671667167,13.082012808434762,100991.5536798656
17.171717171717173,13.081762281062911,100996.65054513761
17.17671767176718,13.081510358560138,100998.39505268891
17.18171817181718,13.081257044064236,100991.78218934718
17.186718671867187,13.081002340721703,100994.52083423929
17.191719171917192,13.080746251687724,100999.43505936598
17.196719671967198,13.080488780126142,100986.93555606675
17.201720172017204,13.080229929209441,100986.65488279109
17.206720672067206,13.079969702118735,100983.10565505041
17.211721172117212,13.079708102043732,100990.6010830957
17.216721672167218,13.079445132182725,100982.45215217595
17.221722172217223,13.079180795742577,100987.11376993552
17.22672267226723,13.078915095938683,100985.62285792458
17.23172317231723,13.07864803599497,100996.70474554207
17.236723672367237,13.078379619143861,100988.75853327426
17.241724172417243,13.078109848626267,100986.56282499427
17.24672467246725,13.077838727691557,100991.92650406255
17.251725172517254,13.077566259597539,100992.19915398392
17.256725672567256,13.077292447610452,100982.93324883429
17.261726172617262,13.077017295004925,100980.54610573327
17.266726672667268,13.076740805063979,100990.58354234738
17.271727172717274,13.076462981078986,100986.6246438129
17.276727672767276,13.076183826349661,100986.25624270197
17.28172817281728,13.075903344184034,100998.64404065351
17.286728672867287,13.07562153789844,100991.32173469006
17.291729172917293,13.075338410817487,100983.78486228985
17.2967296729673,13.075053966274037,100978.92481995872
17.3017301730173,13.074768207609198,100983.07418945064
17.306730673067307,13.07448113817228,100977.88663054882
17.311731173117312,13.074192761320793,100987.3176055173
17.316731673167318,13.073903080420424,100983.16569359317
17.321732173217324,13.073612098845006,100992.93481688485
17.326732673267326,13.073319819976502,100986.13899614914
17.331733173317332,13.073026247204993,100978.92878387457
17.336733673367338,13.072731383928637,100985.86210110724
17.341734173417343,13.07243523355367,100990.9414120606
17.34673467346735,13.072137799494365,100985.97309571893
17.35173517351735,13.071839085173028,100978.632208625
17.356735673567357,13.07153909401996,100974.6775717477
17.361736173617363,13.07123782947345,100995.78264959018
17.36673667366737,13.070935294979746,100975.49097550899
17.371737173717374,13.070631493993032,100974.0680725533
17.376737673767376,13.07032642997541,100980.2459586895
17.381738173817382,13.070020106396882,100979.61779510383
17.386738673867388,13.069712526735316,100988.11538908866
17.391739173917394,13.069403694476442,100974.21861352069
17.396739673967396,13.069093613113811,100979.06038702068
17.4017401740174,13.068782286148787,100979.46983791146
17.406740674067407,13.068469717090517,100969.79183345428
17.411741174117413,13.068155909455921,100981.10908374796
17.41674167416742,13.067840866769652,100977.00739698688
17.42174217421742,13.067524592564089,100975.3634090847
17.426742674267427,13.067207090379307,100968.37764290879
17.431743174317432,13.066888363763061,100966.37097668745
17.436743674367438,13.066568416270755,100979.60351756413
17.441744174417444,13.06624725146543,100976.07356327854
17.446744674467446,13.065924872917735,100974.50199540376
17.451745174517452,13.065601284205902,100974.89360486572
17.456745674567458,13.065276488915735,100975.95135732615
17.461746174617463,13.064950490640578,100977.09921676655
17.46674667466747,13.064623292981294,100972.80720387313
17.47174717471747,13.064294899546244,100972.55936859248
17.476747674767477,13.063965313951266,100982.60635454879
17.481748174817483,13.063634539819645,100974.67044149619
17.48674867486749,13.063302580782103,100980.14524469708
17.491749174917494,13.062969440476769,100971.33488347687
17.496749674967496,13.062635122549146,100971.84108202731
17.501750175017502,13.062299630652111,100972.99450213686
17.506750675067508,13.061962968445876,100968.72182982763
17.511751175117514,13.061625139597961,100972.7384564574
17.516751675167516,13.061286147783193,100974.7073084474
17.52175217521752,13.060945996683657,100968.65454400513
17.526752675267527,13.060604689988692,100970.9214514928
17.531753175317533,13.060262231394853,100966.37703003928
17.53675367536754,13.05991862460591,100972.36688693473
17.54175417541754,13.059573873332795,100974.51515426567
17.546754675467547,13.059227981293605,100968.81738969508
17.551755175517552,13.058880952213563,100968.71778810391
17.55675567556756,13.058532789825003,100968.87247060695
17.561756175617564,13.05818349786734,100972.5991715829
17.566756675667566,13.057833080087054,100972.07630567288
17.571757175717572,13.05748154023766,100964.67345078001
17.576757675767578,13.057128882079688,100976.914553919
17.581758175817583,13.056775109380661,100964.8733427872
17.58675867586759,13.056420225915067,100959.58334440576
17.59175917591759,13.056064235464335,100967.60537624205
17.596759675967597,13.055707141816823,100958.72598389097
17.601760176017603,13.055348948767778,100963.80090261168
17.60676067606761,13.054989660119316,100963.94791789855
17.611761176117614,13.054629279680414,100960.86917391972
17.616761676167616,13.054267811266863,100967.68066840088
17.621762176217622,13.05390525870126,100963.28417530953
17.626762676267628,13.05354162581298,100971.84672236584
17.631763176317634,13.053176916438149,100964.52861052797
17.636763676367636,13.052811134419622,100967.61790196213
17.64176417641764,13.052444283606965,100965.86468015307
17.646764676467647,13.052076367856417,100957.38166299372
17.651765176517653,13.051707391030881,100969.46669488822
17.65676567656766,13.051337356999886,100960.21262850345
17.66176617661766,13.050966269639579,100960.41303720532
17.666766676667667,13.050594132832682,100963.5716702155
17.671767176717672,13.050220950468487,100957.20565959997
17.67676767676768,13.049846726442816,100951.93896750048
17.681768176817684,13.049471464658001,100956.26997674303
17.686768676867686,13.049095169022866,100964.56820452712
17.691769176917692,13.048717843452696,100959.92081196788
17.696769676967698,13.048339491869216,100950.8073927647
17.701770177017703,13.047960118200558,100954.90581974002
17.70677067706771,13.047579726381255,100959.07270788818
17.71177117711771,13.047198320352194,100956.67676463381
17.716771677167717,13.046815904060606,100967.94041037576
17.721772177217723,13.046432481460041,100957.06266901657
17.72677267726773,13.046048056510335,100962.65961227247
17.731773177317734,13.045662633177587,100953.43452830063
17.736773677367736,13.04527621543415,100959.53867959605
17.741774177417742,13.044888807258578,100954.95679012708
17.746774677467748,13.044500412635625,100946.81447922396
17.751775177517754,13.04411103555621,100965.23663993426
17.756775677567756,13.043720680017394,100959.86602973955
17.76177617761776,13.04332935002235,100963.93136089171
17.766776677667767,13.042937049580354,100954.77002850843
17.771777177717773,13.042543782706735,100948.05031318458
17.77677767776778,13.042149553422872,100963.89165544733
17.78177817781778,13.041754365756155,100954.96497592829
17.786778677867787,13.04135822373997,100936.29513520215
17.791779177917793,13.040961131413663,100954.65167100179
17.7967796779678,13.04056309282253,100957.31712220446
17.801780178017804,13.040164112017775,100954.28679627994
17.806780678067806,13.039764193056492,100948.6935770283
17.811781178117812,13.039363340001637,100955.02369102483
17.816781678167818,13.038961556922018,100944.82529196703
17.821782178217823,13.038558847892244,100953.20176018694
17.82678267826783,13.038155216992715,100940.75981754583
17.83178317831783,13.037750668309599,100950.11391296393
17.836783678367837,13.037345205934795,100952.49605865197
17.841784178417843,13.036938833965916,100959.10120095283
17.84678467846785,13.036531556506265,100956.10194006906
17.851785178517854,13.0361233776648,100945.05401740386
17.856785678567856,13.035714301556114,100950.55189761332
17.861786178617862,13.035304332300415,100950.69474898695
17.866786678667868,13.034893474023486,100955.41646440864
17.871787178717874,13.034481730856672,100950.63455505884
17.876787678767876,13.034069106936853,100946.25281454607
17.88178817881788,13.033655606406407,100946.09248556745
17.886788678867887,13.033241233413197,100948.18941239023
17.891789178917893,13.03282599211054,100945.51368541503
17.8967896789679,13.032409886657181,100944.07930701876
17.9017901790179,13.031992921217261,100943.0993469768
17.906790679067907,13.031575099960309,100940.41996718878
17.911791179117913,13.031156427061191,100943.40463672673
17.91679167916792,13.030736906700103,100947.55186927228
17.921792179217924,13.030316543062543,100945.94377300727
17.926792679267926,13.029895340339273,100948.34518035798
17.931793179317932,13.029473302726304,100939.35460826037
17.936793679367938,13.02905043442486,100944.39998573263
17.941794179417943,13.028626739641373,100952.04657812335
17.94679467946795,13.028202222587426,100946.24426539283
17.95179517951795,13.027776887479746,100956.75285498812
17.956795679567957,13.02735073854018,100941.52547216526
17.961796179617963,13.02692377999566,100929.45285063752
17.96679667966797,13.026496016078168,100945.01302148291
17.971797179717974,13.026067451024739,100939.11131338995
17.976797679767976,13.025638089077406,100949.17051362494
17.981798179817982,13.025207934483179,100935.22852728245
17.986798679867988,13.024776991494035,100929.66425384163
17.991799179917994,13.024345264366868,100942.47059994258
17.996799679968,13.023912757363481,100941.35803992438
18.001800180018,13.023479474750554,100946.25763887374
18.006800680068007,13.023045420799605,100936.11936900472
18.011801180118013,13.022610599786983,100941.86324972032
18.01680168016802,13.022175015993831,100937.60094249155
18.02180218021802,13.021738673706057,100939.04035713588
18.026802680268027,13.021301577214313,100943.29290586783
18.031803180318033,13.020863730813966,100931.87206825436
18.03680368036804,13.02042513880507,100940.27653708249
18.041804180418044,13.019985805492338,100932.84370686772
18.046804680468046,13.019545735185122,100941.10910753766
18.051805180518052,13.019104932197376,100935.48247594382
18.056805680568058,13.018663400847638,100940.56122143258
18.061806180618063,13.018221145458993,100936.16367225588
18.06680668066807,13.017778170359064,100945.10594025961
18.07180718071807,13.017334479879958,100940.69159770645
18.076807680768077,13.016890078358268,100933.89931621896
18.081808180818083,13.016444970135023,100935.33742192181
18.08680868086809,13.015999159555674,100931.10065943738
18.091809180918094,13.015552650970058,100939.11362317625
18.096809680968097,13.015105448732381,100932.93164648535
18.101810181018102,13.014657557201183,100945.49065600443
18.106810681068108,13.014208980739308,100937.7820141169
18.111811181118114,13.013759723713893,100932.04106589628
18.11681168116812,13.013309790496319,100933.88807194668
18.12181218121812,13.012859185462197,100934.07153997298
18.126812681268127,13.01240791299134,100927.33921447219
18.131813181318133,13.011955977467732,100922.39122654826
18.13681368136814,13.011503383279498,100926.54454710419
18.14181418141814,13.01105013481889,100935.47027349124
18.146814681468147,13.01059623648224,100933.61594648378
18.151815181518153,13.010141692669945,100929.34378447162
18.15681568156816,13.009686507786444,100930.50573271385
18.161816181618164,13.009230686240175,100927.00458309188
18.166816681668166,13.008774232443557,100926.37607877121
18.171817181718172,13.008317150812967,100936.02249009986
18.176817681768178,13.007859445768704,100933.68477105803
18.181818181818183,13.00740112173496,100923.99263818208
18.18681868186819,13.006942183139799,100929.92697302862
18.19181918191819,13.00648263441513,100931.01739774134
18.196819681968197,13.006022479996673,100924.7705869714
18.201820182018203,13.005561724323936,100927.495099646
18.20682068206821,13.005100371840184,100920.77498446034
18.211821182118214,13.004638426992413,100933.16790049113
18.216821682168217,13.00417589423132,100932.03629722373
18.221822182218222,13.003712778011284,100924.2080847342
18.226822682268228,13.003249082790322,100922.8597133312
18.231823182318234,13.002784813030079,100921.73722384413
18.23682368236824,13.002319973195787,100925.50104317378
18.24182418241824,13.001854567756244,100921.49998557585
18.246824682468247,13.001388601183777,100924.13657846462
18.251825182518253,13.000922077954232,100924.69479886159
18.25682568256826,13.000455002546929,100927.40686968429
18.26182618261826,12.999987379444635,100920.97533501351
18.266826682668267,12.99951921313355,100930.94505094764
18.271827182718273,12.999050508103261,100918.74501418596
18.27682768276828,12.99858126884673,100913.14580041077
18.281828182818284,12.998111499860256,100927.26271965157
18.286828682868286,12.997641205643447,100920.22981280618
18.291829182918292,12.997170390699196,100923.04698260134
18.296829682968298,12.996699059533654,100928.3194189695
18.301830183018303,12.996227216656196,100921.01484874338
18.30683068306831,12.995754866579395,100919.9951051732
18.31183118311831,12.995282013818995,100918.72899610092
18.316831683168317,12.994808662893885,100910.23180139542
18.321832183218323,12.994334818326067,100909.98141133365
18.32683268326833,12.993860484640628,100910.35029817633
18.331833183318334,12.993385666365713,100920.25886727197
18.336833683368337,12.992910368032495,100907.80891257313
18.341834183418342,12.992434594175151,100920.01862872229
18.346834683468348,12.99195834933083,100917.88765579749
18.351835183518354,12.991481638039621,100915.54904168249
18.35683568356836,12.991004464844533,100917.78284850041
18.36183618361836,12.990526834291463,100907.31196593712
18.366836683668367,12.990048750929164,100921.17317832394
18.371837183718373,12.98957021930922,100914.2372677178
18.37683768376838,12.989091243986024,100915.14878741883
18.38183818381838,12.988611829516731,100915.8763040857
18.386838683868387,12.98813198046125,100921.95771974763
18.391839183918393,12.987651701382203,100903.3662918166
18.3968396839684,12.987170996844903,100906.78401757883
18.401840184018404,12.986689871417315,100913.97794898388
18.406840684068406,12.986208329670049,100910.29793893178
18.411841184118412,12.985726376176306,100908.92965112867
18.416841684168418,12.98524401551186,100913.1189032188
18.421842184218423,12.984761252255042,100907.23878031765
18.42684268426843,12.98427809098669,100917.29700379503
18.43184318431843,12.983794536290128,100915.01805726014
18.436843684368437,12.983310592751149,100899.69331024752
18.441844184418443,12.98282626495797,100914.83352970149
18.44684468446845,12.98234155750121,100904.32523317703
18.451845184518454,12.981856474973865,100904.80223054152
18.456845684568457,12.981371021971276,100894.73466171365
18.461846184618462,12.980885203091093,100909.62277842952
18.466846684668468,12.980399022933257,100902.88301675065
18.471847184718474,12.979912486099973,100911.78438047247
18.47684768476848,12.97942559719567,100899.56581683789
18.48184818481848,12.978938360826977,100897.79126606345
18.486848684868487,12.978450781602696,100902.91762654517
18.491849184918493,12.977962864133776,100897.12213662741
18.4968496849685,12.977474613033275,100896.68796488178
18.5018501850185,12.976986032916342,100902.18956336922
18.506850685068507,12.976497128400178,100900.61348172139
18.511851185118513,12.976007904104012,100903.22872960915
18.51685168516852,12.97551836464908,100899.94192172818
18.521852185218524,12.975028514658577,100907.42213865655
18.526852685268526,12.974538358757643,100902.17065284943
18.531853185318532,12.974047901573337,100905.10664340825
18.536853685368538,12.973557147734594,100897.39757634925
18.541854185418543,12.9730661018722,100894.12479635623
18.54685468546855,12.972574768618781,100898.73998739524
18.55185518551855,12.972083152608747,100911.13001686404
18.556855685568557,12.971591258478274,100905.57187760755
18.561856185618563,12.971099090865287,100905.92600110018
18.56685668566857,12.970606654409416,100890.9993023497
18.571857185718574,12.970113953751968,100905.4248119882
18.576857685768577,12.969620993535907,100895.04733428262
18.581858185818582,12.969127778405815,100905.69737109762
18.586858685868588,12.96863431300787,100892.19813468783
18.591859185918594,12.968140601989813,100900.21284328715
18.5968596859686,12.967646650000924,100892.74542253526
18.6018601860186,12.967152461691985,100890.97465548753
18.606860686068607,12.96665804171526,100889.56161232735
18.611861186118613,12.966163394724456,100897.27623034394
18.61686168616862,12.965668525374701,100890.8601051755
18.62186218621862,12.965173438322514,100900.22404379875
18.626862686268627,12.964678138225777,100886.41985507388
18.631863186318633,12.964182629743698,100893.02530714871
18.63686368636864,12.96368691753679,100892.73098821336
18.641864186418644,12.963191006266845,100890.98097335108
18.646864686468646,12.962694900596892,100897.75297703953
18.651865186518652,12.962198605191176,100889.44202333807
18.656865686568658,12.961702124715135,100892.6038857186
18.661866186618663,12.961205463835356,100886.53636735072
18.66686668666867,12.960708627219557,100889.02627960981
18.67186718671867,12.960211619536555,100896.92489884124
18.676867686768677,12.959714445456235,100889.40929109156
18.681868186818683,12.959217109649524,100896.0393488216
18.68686868686869,12.95871961678836,100881.79118396524
18.691869186918694,12.95822197154566,100892.12525304306
18.696869686968697,12.957724178595292,100888.2781527418
18.701870187018702,12.957226242612059,100884.5366921034
18.706870687068708,12.956728168271644,100901.22468486658
18.711871187118714,12.956229960250601,100885.1453928246
18.71687168716872,12.955731623226319,100880.49389619302
18.72187218721872,12.955233161876997,100889.00938317656
18.726872687268727,12.954734580881604,100885.56589992098
18.731873187318733,12.954235884919864,100880.34245113119
18.73687368736874,12.953737078672217,100891.19098998439
18.74187418741874,12.95323816681979,100879.74545845142
18.746874687468747,12.952739154044373,100892.82832718192
18.751875187518753,12.952240045028386,100885.26906762888
18.75687568756876,12.951740844454852,100887.9952426389
18.761876187618764,12.95124155700736,100876.27272202716
18.766876687668766,12.950742187370054,100879.29945374206
18.771877187718772,12.950242740227582,100880.7079438177
18.776877687768778,12.949743220265077,100883.45275066735
18.781878187818783,12.949243632168134,100885.3854875053
18.78687868786879,12.948743980622769,100872.4594704442
18.79187918791879,12.94824427031539,100881.8777595894
18.796879687968797,12.947744505932786,100886.83669832571
18.801880188018803,12.947244692162068,100880.02014339912
18.80688068806881,12.946744833690666,100890.50311957789
18.811881188118814,12.946244935206288,100884.91754265878
18.816881688168817,12.945745001396892,100885.4349822318
18.821882188218822,12.94524503695065,100881.15718416766
18.826882688268828,12.944745046555937,100877.67336093934
18.831883188318834,12.944245034901282,100882.98883519131
18.83688368836884,12.943745006675352,100871.32810493381
18.84188418841884,12.943244966566908,100875.55422401846
18.846884688468847,12.9427449192648,100867.1492687613
18.851885188518853,12.94224486945791,100872.32794370055
18.85688568856886,12.941744821835147,100877.33824699395
18.86188618861886,12.941244781085395,100878.21602820922
18.866886688668867,12.9407447518975,100881.46926507186
18.871887188718873,12.940244738960237,100877.91403918093
18.87688768876888,12.93974474696228,100869.70180138935
18.881888188818884,12.939244780592167,100871.30977481534
18.886888688868886,12.938744844538283,100870.67464996538
18.891889188918892,12.938244943488819,100876.36652654465
18.896889688968898,12.937745082131746,100874.30077531358
18.901890189018903,12.93724526515479,100871.4725627238
18.90689068906891,12.936745497245399,100864.94167205498
18.91189118911891,12.936245783090712,100868.26490756833
18.916891689168917,12.935746127377534,100877.4905772189
18.921892189218923,12.935246534792306,100869.89673525894
18.92689268926893,12.934747010021072,100876.67395987822
18.931893189318934,12.934247557749451,100875.0003920732
18.936893689368937,12.933748182662614,100868.94587384391
18.941894189418942,12.933248889445242,100868.30007231639
18.946894689468948,12.932749682781507,100863.85575030495
18.951895189518954,12.932250567355048,100867.36749528805
18.95689568956896,12.931751547848922,100876.12599679893
18.96189618961896,12.931252628945591,100858.20628749827
18.966896689668967,12.930753815326891,100866.68385807263
18.971897189718973,12.930255111673997,100869.73246471249
18.97689768976898,12.929756522667391,100865.79294726462
18.98189818981898,12.929258052986851,100864.53772224298
18.986898689868987,12.9287597073114,100872.2686722866
18.991899189918993,12.928261490319287,100868.02243356104
18.996899689969,12.927763406687955,100865.83769677876
19.001900190019004,12.92726546109402,100864.73214933263
19.006900690069006,12.92676765821323,100866.21062557312
19.011901190119012,12.92627000272044,100861.03923282657
19.016901690169018,12.925772499289588,100873.36503252253
19.021902190219024,12.925275152593658,100868.20555365126
19.02690269026903,12.924777967304651,100853.05052761764
19.03190319031903,12.92428094809357,100856.1562237347
19.036903690369037,12.92378409963037,100861.62675109316
19.041904190419043,12.923287426583936,100867.95319956518
19.04690469046905,12.92279093362207,100865.31557962482
19.051905190519054,12.922294625411437,100862.62382348701
19.056905690569057,12.921798506617549,100857.76266825185
19.061906190619062,12.921302581904737,100851.26655357964
19.066906690669068,12.920806855936116,100861.8907603784
19.071907190719074,12.920311333373556,100853.76472293248
19.07690769076908,12.919816018877667,100861.0203305616
19.08190819081908,12.919320917107745,100852.00023652992
19.086908690869087,12.918826032721759,100859.74696507886
19.091909190919093,12.918331370376327,100851.08581010332
19.0969096909691,12.917836934726672,100859.74760719117
19.1019101910191,12.917342730426599,100857.94192510711
19.106910691069107,12.91684876212847,100849.17877856716
19.111911191119113,12.916355034483173,100853.58366283325
19.11691169116912,12.915861552140088,100845.10660867333
19.121912191219124,12.915368319747062,100849.8438736496
19.126912691269126,12.914875341950383,100853.27914241882
19.131913191319132,12.91438262339474,100866.44133427889
19.136913691369138,12.913890168723212,100853.34645208491
19.141914191419144,12.913397982577221,100861.13637873704
19.14691469146915,12.912906069596513,100858.9745840018
19.15191519151915,12.912414434419121,100852.94305450802
19.156915691569157,12.911923081681351,100843.32168831161
19.161916191619163,12.911432016017738,100849.60689723937
19.16691669166917,12.910941242061018,100850.76026580794
19.171917191719174,12.910450764442114,100847.11928188367
19.176917691769177,12.909960587790088,100858.46428396516
19.181918191819182,12.909470716732121,100855.35243510763
19.186918691869188,12.908981155893493,100846.6778503574
19.191919191919194,12.908491909897531,100850.84179391859
19.1969196919692,12.908002983365602,100858.18188004507
19.2019201920192,12.907514380917076,100843.87291550574
19.206920692069207,12.907026107169296,100849.8591449072
19.211921192119213,12.906538166737546,100845.63910287432
19.21692169216922,12.906050564235036,100842.21624010311
19.22192219221922,12.905563304272853,100845.49150266717
19.226922692269227,12.905076391459948,100847.70088548861
19.231923192319233,12.904589830403104,100837.55944344419
19.23692369236924,12.9041036257069,100846.87918818934
19.241924192419244,12.903617781973692,100845.73211399057
19.246924692469246,12.903132303803572,100849.81264827534
19.251925192519252,12.902647195794358,100845.01964890369
19.256925692569258,12.902162462541543,100845.45765765186
19.261926192619264,12.901678108638286,100843.12857879794
19.26692669266927,12.90119413867537,100849.0131951522
19.27192719271927,12.900710557241178,100845.72002933793
19.276927692769277,12.900227368921662,100847.66846940672
19.281928192819283,12.899744578300327,100843.18765423063
19.28692869286929,12.89926218995818,100850.3691357046
19.291929192919294,12.898780208473713,100845.45320094966
19.296929692969297,12.89829863842289,100832.31916907485
19.301930193019302,12.897817484379084,100845.57427534397
19.306930693069308,12.897336750913077,100837.38779252346
19.311931193119314,12.896856442593023,100840.15966846577
19.31693169316932,12.896376563984417,100831.23784471434
19.32193219321932,12.89589711965006,100844.00411287443
19.326932693269328,12.895418114150054,100833.07544416534
19.331933193319333,12.894939552041741,100837.8944878202
19.33693369336934,12.894461437879704,100840.86950867042
19.34193419341934,12.893983776215718,100835.40974266533
19.346934693469347,12.893506571598733,100828.91713466357
19.351935193519353,12.893029828574841,100835.25957440826
19.35693569356936,12.892553551687248,100833.90343180095
19.361936193619364,12.892077745476247,100836.20942242317
19.366936693669366,12.891602414479186,100845.67723700688
19.371937193719372,12.891127563230448,100837.61645374895
19.376937693769378,12.890653196261413,100837.39547919198
19.381938193819384,12.89017931810043,100843.8193753718
19.38693869386939,12.8897059332728,100840.5090667294
19.39193919391939,12.889233046300738,100837.56230485454
19.396939693969397,12.888760661703342,100827.77593121333
19.401940194019403,12.888288783996572,100828.40295070494
19.40694069406941,12.887817417693222,100836.34823796457
19.411941194119414,12.88734656730289,100819.1075613667
19.416941694169417,12.88687623733194,100824.67305248367
19.421942194219422,12.886406432283493,100842.32579205124
19.426942694269428,12.885937156657384,100828.16435812452
19.431943194319434,12.885468414950136,100819.60481348918
19.43694369436944,12.885000211654942,100837.4321082078
19.44194419441944,12.884532551261621,100820.78265478527
19.446944694469448,12.884065438256602,100827.82467787113
19.451945194519453,12.883598877122893,100833.34046612175
19.45694569456946,12.883132872340049,100827.03533100555
19.46194619461946,12.882667428384151,100828.15786215944
19.466946694669467,12.88220254972777,100819.29769332465
19.471947194719473,12.88173824083995,100822.71061241475
19.47694769476948,12.88127450618616,100833.00421633858
19.481948194819484,12.880811350228296,100813.31989237656
19.486948694869486,12.880348777424626,100826.21731788917
19.491949194919492,12.87988679222977,100826.814361024
19.496949694969498,12.879425399094687,100824.08606153229
19.501950195019504,12.878964602466626,100822.36550535583
19.50695069506951,12.878504406789101,100821.6442652844
19.51195119511951,12.878044816501887,100815.25468906268
19.516951695169517,12.87758583604096,100828.77736677365
19.521952195219523,12.877127469838488,100827.14081315794
19.52695269526953,12.876669722322795,100820.25464107234
19.531953195319534,12.87621259791835,100819.48744876987
19.536953695369537,12.875756101045715,100817.57805491459
19.541954195419542,12.87530023612153,100822.37144189552
19.546954695469548,12.874845007558493,100826.06032484342
19.551955195519554,12.874390419765314,100815.52437735749
19.55695569556956,12.873936477146701,100813.43929581318
19.561956195619562,12.873483184103332,100820.06925602088
19.566956695669568,12.87303054503182,100820.6726511467
19.571957195719573,12.872578564324693,100810.7753923355
19.57695769576958,12.872127246370361,100806.55917020992
19.58195819581958,12.871676595553094,100816.93875261521
19.586958695869587,12.871226616252985,100816.49619249828
19.591959195919593,12.870777312845938,100816.12666804325
19.5969596959696,12.870328689703628,100823.9855278089
19.601960196019604,12.869880751193472,100814.30048671838
19.606960696069606,12.86943350167862,100822.2990073529
19.611961196119612,12.8689869455179,100817.84497830966
19.616961696169618,12.868541087065815,100817.30680034857
19.621962196219624,12.868095930672505,100812.04614883206
19.62696269626963,12.867651480683723,100808.09574057782
19.63196319631963,12.867207741440799,100818.66859477169
19.636963696369637,12.866764717280628,100817.22395397241
19.641964196419643,12.866322412535629,100820.76406383308
19.64696469646965,12.86588083153373,100805.25818702378
19.651965196519654,12.865439978598324,100815.06058035074
19.656965696569657,12.864999858048268,100809.03343402945
19.661966196619662,12.864560474197825,100804.21644433198
19.666966696669668,12.864121831356666,100818.42519388936
19.671967196719674,12.86368393382982,100807.65058658856
19.67696769676968,12.863246785917662,100810.14250632848
19.681968196819682,12.862810391915877,100801.9752213691
19.686968696869688,12.862374756115445,100813.1661534979
19.691969196919693,12.861939882802597,100807.47974152444
19.6969696969697,12.861505776258799,100795.14550046517
19.7019701970197,12.861072440760733,100807.0850533531
19.706970697069707,12.860639880580251,100806.16479890393
19.711971197119713,12.860208099984359,100808.7578126171
19.71697169716972,12.859777103235196,100808.12670415972
19.721972197219724,12.859346894589995,100800.93906077465
19.726972697269726,12.858917478301064,100803.81987719228
19.731973197319732,12.858488858615761,100799.59010750067
19.736973697369738,12.85806103977646,100814.5704242465
19.741974197419744,12.857634026020529,100797.34390234019
19.74697469746975,12.857207821580307,100797.05380112035
19.75197519751975,12.85678243068307,100799.98328625466
19.756975697569757,12.856357857551007,100807.0757162675
19.761976197619763,12.855934106401202,100803.06291814434
19.76697669766977,12.855511181445594,100799.07862268854
19.771977197719774,12.85508908689096,100796.71861426474
19.776977697769777,12.854667826938883,100800.40083594601
19.781978197819782,12.854247405785733,100796.6505023904
19.786978697869788,12.853827827622633,100799.01066541836
19.791979197919794,12.85340909663544,100802.20017089469
19.7969796979698,12.852991217004712,100797.78435647416
19.801980198019802,12.852574192905687,100794.92943969277
19.806980698069808,12.85215802850825,100802.30442807893
19.811981198119813,12.85174272797692,100799.05817821516
19.81698169816982,12.851328295470806,100795.15762197903
19.82198219821982,12.850914735143599,100801.43535105904
19.826982698269827,12.850502051143536,100803.39314504858
19.831983198319833,12.850090247613373,100805.95006807805
19.83698369836984,12.849679328690362,100793.12130945559
19.841984198419844,12.849269298506231,100790.51009788447
19.846984698469846,12.848860161187146,100791.33499791483
19.851985198519852,12.84845192085369,100796.33319273002
19.856985698569858,12.848044581620846,100788.23578670213
19.861986198619864,12.847638147597959,100798.23389480206
19.86698669866987,12.847232622888717,100790.43572113654
19.87198719871987,12.846828011591123,100793.58332827904
19.876987698769877,12.846424317797469,100790.00202435265
19.881988198819883,12.846021545594313,100792.90781469549
19.88698869886989,12.845619699062453,100794.43823918303
19.891989198919894,12.845218782276898,100786.26365624946
19.896989698969897,12.844818799306847,100788.13350575227
19.901990199019902,12.844419754215657,100792.46066992602
19.906990699069908,12.84402165106083,100784.28395029687
19.911991199119914,12.84362449389397,100789.27306548558
19.91699169916992,12.843228286760777,100773.78202592043
19.921992199219922,12.842833033701007,100786.38702903298
19.926992699269928,12.84243873874845,100785.9083741196
19.931993199319933,12.842045405930909,100787.89075187061
19.93699369936994,12.841653039270177,100797.47886996383
19.94199419941994,12.841261642781998,100784.28845688647
19.946994699469947,12.84087122047606,100788.81969251392
19.951995199519953,12.840481776355956,100781.41666950229
19.95699569956996,12.840093314419164,100785.55252338827
19.961996199619964,12.839705838657022,100780.20704198205
19.966996699669966,12.83931935305471,100791.27678474793
19.971997199719972,12.83893386159121,100780.60485855135
19.976997699769978,12.838549368239292,100785.6738553687
19.981998199819984,12.838165876965487,100782.69270506925
19.98699869986999,12.837783391730063,100781.52332333739
19.99199919991999,12.837401916486995,100778.16576852612
19.996999699969997,12.83702145518395,100782.23911357867
20.002000200020003,12.836642011762253,100782.77384211635
20.00700070007001,12.836263590156863,100771.23560433747
20.012001200120014,12.83588619429636,100778.94566237964
20.017001700170017,12.835509828102905,100789.0666837594
20.022002200220022,12.835134495492222,100776.0352194444
20.027002700270028,12.834760200373578,100773.16805131688
20.032003200320034,12.834386946649753,100777.6244240989
20.03700370037004,12.83401473821701,100769.81322144579
20.042004200420042,12.833643578965095,100771.51866080244
20.047004700470048,12.833273472777176,100776.20327897862
20.052005200520053,12.832904423529847,100772.75269044175
20.05700570057006,12.832536435093095,100777.19762009148
20.06200620062006,12.832169511330276,100774.80849463867
20.067006700670067,12.831803656098085,100773.45821633097
20.072007200720073,12.831438873246547,100780.12996680947
20.07700770077008,12.831075166618975,100774.44678843374
20.082008200820084,12.830712540051957,100774.50508634148
20.087008700870086,12.830350997375326,100769.1399006768
20.092009200920092,12.82999054241215,100766.99702867084
20.097009700970098,12.829631178978683,100779.07776675347
20.102010201020104,12.829272910884365,100766.55004760386
20.10701070107011,12.828915741931787,100767.1525095221
20.11201120112011,12.82855967591667,100761.43833612453
20.117011701170117,12.828204716627834,100766.57060049557
20.122012201220123,12.82785086784719,100783.37680611879
20.12701270127013,12.8274981333497,100768.07671912792
20.132013201320134,12.82714651690336,100775.29415906362
20.137013701370137,12.826796022269184,100764.55046356344
20.142014201420142,12.826446653201167,100767.07561755902
20.147014701470148,12.826098413446266,100766.8119396963
20.152015201520154,12.825751306744385,100766.40585282489
20.15701570157016,12.825405336828341,100763.43081097705
20.162016201620162,12.825060507423846,100768.43402149892
20.167016701670168,12.824716822249481,100767.98025212351
20.172017201720173,12.824374285016676,100761.78046071032
20.17701770177018,12.824032899429683,100759.48464918761
20.18201820182018,12.823692669185554,100756.24903196823
20.187018701870187,12.823353597974123,100764.4750543575
20.192019201920193,12.823015689477973,100769.025358553
20.1970197019702,12.822678947372426,100769.00149620057
20.202020202020204,12.822343375325506,100759.90594559906
20.207020702070206,12.822008976997923,100766.20071462804
20.212021202120212,12.821675756043051,100762.78257090697
20.217021702170218,12.821343716106908,100762.11961079635
20.222022202220224,12.821012860828123,100759.98978055896
20.22702270227023,12.820683193837922,100753.60031635026
20.23202320232023,12.820354718760107,100767.39432301826
20.237023702370237,12.82002743921102,100760.3249121293
20.242024202420243,12.819701358799534,100762.71666372709
20.24702470247025,12.81937648112703,100761.65736789904
20.252025202520255,12.819052809787365,100757.6350022265
20.257025702570257,12.818730348366856,100750.89566896076
20.262026202620262,12.818409100444256,100756.08932819542
20.267026702670268,12.818089069590735,100760.49577903558
20.272027202720274,12.817770259369851,100754.36466297483
20.27702770277028,12.817452673337538,100748.86952168893
20.282028202820282,12.817136315042067,100752.52671970669
20.287028702870288,12.816821188024042,100766.20820188869
20.292029202920293,12.816507295816368,100759.95506339877
20.2970297029703,12.816194641944232,100754.66194422792
20.3020302030203,12.815883229925078,100756.23202134362
20.307030703070307,12.815573063268586,100751.28030044293
20.312031203120313,12.815264145476652,100755.85688099111
20.31703170317032,12.814956480043367,100758.80895954111
20.322032203220324,12.814650070454993,100755.81115481202
20.327032703270326,12.814344920189939,100751.53338572352
20.332033203320332,12.81404103271874,100755.78117748527
20.337033703370338,12.81373841150404,100744.55318959858
20.342034203420344,12.813437060000572,100743.98909204736
20.34703470347035,12.813136981655122,100743.2350857213
20.35203520352035,12.812838179906523,100748.68826455632
20.357035703570357,12.812540658185627,100744.95397871216
20.362036203620363,12.812244419915285,100749.77716447416
20.36703670367037,12.811949468510319,100747.72284522424
20.372037203720375,12.811655807377516,100738.294867271
20.377037703770377,12.81136343991559,100746.95437749669
20.382038203820382,12.81107236951517,100750.71572891076
20.387038703870388,12.81078259955878,100734.65544330815
20.392039203920394,12.810494133420809,100741.9926725113
20.3970397039704,12.810206974467496,100744.6438138386
20.402040204020402,12.809921126056915,100745.5543272347
20.407040704070408,12.80963659153894,100736.83208703635
20.412041204120413,12.809353374255235,100738.58086473565
20.41704170417042,12.80907147753923,100737.5674703798
20.42204220422042,12.808790904716101,100738.37418557759
20.427042704270427,12.808511659102741,100734.3473875512
20.432043204320433,12.808233744007756,100746.10240391197
20.43704370437044,12.807957162731428,100743.73023449021
20.442044204420444,12.8076819185657,100743.64737974577
20.447044704470446,12.807408014794165,100742.381224629
20.452045204520452,12.807135454692029,100740.46875670597
20.457045704570458,12.806864241526098,100741.61782321052
20.462046204620464,12.806594378554761,100746.37046028471
20.46704670467047,12.80632586902797,100742.81311657492
20.47204720472047,12.80605871618721,100735.36685936998
20.477047704770477,12.805792923265486,100740.8049468948
20.482048204820483,12.805528493487305,100732.77595345145
20.48704870487049,12.80526543006865,100742.63254084003
20.492049204920495,12.805003736216962,100736.87090869571
20.497049704970497,12.804743415131126,100736.44871130506
20.502050205020502,12.804484470001439,100740.45244404761
20.507050705070508,12.804226904009598,100737.90118719495
20.512051205120514,12.80397072032868,100741.30940750844
20.51705170517052,12.803715922123123,100742.8938523711
20.522052205220522,12.803462512548698,100732.23413244465
20.527052705270528,12.803210494752502,100732.83938364573
20.532053205320533,12.802959871872927,100736.81203360899
20.53705370537054,12.802710647039644,100738.41936664646
20.542054205420545,12.802462823373594,100728.80555017309
20.547054705470547,12.802216403986945,100738.78662643029
20.552055205520553,12.801971391983095,100729.16620272964
20.55705570557056,12.801727790456646,100728.53919417733
20.562056205620564,12.801485602493376,100721.61298462533
20.567056705670566,12.80124483117023,100731.78661486285
20.572057205720572,12.801005479555299,100722.99917172935
20.577057705770578,12.800767550707794,100719.55988308837
20.582058205820584,12.800531047678039,100726.29844237144
20.58705870587059,12.800295973507435,100731.5991648272
20.59205920592059,12.800062331228464,100725.63418993336
20.597059705970597,12.799830123864645,100726.76358683922
20.602060206020603,12.799599354430532,100735.04235821865
20.60706070607061,12.79937002593169,100729.26853442744
20.612061206120615,12.799142141364678,100729.36972722299
20.617061706170617,12.798915703717025,100726.19013557766
20.622062206220622,12.798690715967217,100718.61563598579
20.627062706270628,12.798467181084675,100723.90674005286
20.632063206320634,12.798245102029739,100725.11137354154
20.63706370637064,12.798024481753648,100725.4916027345
20.642064206420642,12.797805323198526,100725.96168809461
20.647064706470648,12.797587629297348,100733.18232947764
20.652065206520653,12.797371402973948,100725.55712019822
20.65706570657066,12.797156647142971,100722.59490629623
20.662066206620665,12.79694336470988,100721.70134091262
20.667066706670667,12.796731558570928,100716.06775128884
20.672067206720673,12.79652123161313,100718.29266129584
20.67706770677068,12.79631238671426,100729.79443691221
20.682068206820684,12.796105026742831,100717.53885029373
20.687068706870686,12.795899154558066,100716.73928119116
20.692069206920692,12.79569477300989,100719.98498014727
20.697069706970698,12.795491884938915,100720.9169512558
20.702070207020704,12.79529049317641,100721.62066673058
20.70707070707071,12.795090600544292,100720.3129928365
20.71207120712071,12.794892209855107,100717.13165232172
20.717071707170717,12.794695323912014,100723.50667139706
20.722072207220723,12.794499945508761,100719.59610059165
20.72707270727073,12.79430607742968,100713.65071756011
20.732073207320735,12.79411372244965,100713.66895804567
20.737073707370737,12.793922883334101,100707.58352518496
20.742074207420742,12.793733562838982,100702.72854999342
20.747074707470748,12.793545763710753,100726.20980739745
20.752075207520754,12.793359488686358,100716.79197952575
20.75707570757076,12.793174740493214,100718.40298370906
20.762076207620762,12.792991521849201,100721.56443171923
20.767076707670768,12.792809835462629,100712.61277516864
20.772077207720773,12.792629684032232,100719.40784794508
20.77707770777078,12.79245107024715,100711.87050020676
20.782078207820785,12.792273996786912,100707.00649261267
20.787078707870787,12.792098466321411,100705.02078364977
20.792079207920793,12.791924481510904,100709.91131386018
20.7970797079708,12.79175204500598,100712.02125516228
20.802080208020804,12.791581159447547,100707.02770444416
20.807080708070806,12.791411827466826,100706.34369053332
20.812081208120812,12.791244051685318,100710.01276639382
20.817081708170818,12.791077834714796,100710.21445515196
20.822082208220824,12.790913179157299,100707.4976439591
20.82708270827083,12.79075008760509,100717.48457257236
20.83208320832083,12.790588562640666,100709.79416402269
20.837083708370837,12.790428606836729,100704.46336836932
20.842084208420843,12.790270222756169,100699.76907506015
20.84708470847085,12.79011341295205,100702.64506756332
20.852085208520855,12.789958179967597,100707.43519142296
20.857085708570857,12.789804526336182,100693.27251583694
20.862086208620862,12.789652454581296,100692.25140675224
20.86708670867087,12.789501967216545,100708.15113257513
20.872087208720874,12.789353066745631,100709.0493385396
20.87708770877088,12.789205755662339,100705.51706509886
20.882088208820882,12.789060036450511,100702.77997391771
20.887088708870888,12.788915911584043,100705.0731935909
20.892089208920893,12.788773383526864,100704.4497801224
20.8970897089709,12.788632454732918,100696.44606086818
20.902090209020905,12.788493127646156,100697.24338531661
20.907090709070907,12.788355404700514,100691.60026479667
20.912091209120913,12.788219288319898,100701.09594884295
20.91709170917092,12.788084780918176,100698.27625104948
20.922092209220924,12.787951884899154,100697.7195646169
20.927092709270926,12.787820602656563,100701.04794648677
20.932093209320932,12.787690936574053,100684.55381880434
20.937093709370938,12.787562889025164,100688.8852414674
20.942094209420944,12.787436462373321,100690.1854294866
20.94709470947095,12.787311658971818,100692.11063713001
20.95209520952095,12.7871884811638,100699.07895477761
20.957095709570957,12.787066931282247,100694.87379564215
20.962096209620963,12.78694701164997,100684.06203394038
20.96709670967097,12.786828724579578,100689.9585777452
20.972097209720975,12.786712072373485,100697.36122299108
20.977097709770977,12.786597057323881,100689.18590738058
20.982098209820983,12.78648368171272,100696.27846204216
20.98709870987099,12.78637194781171,100690.23711357733
20.992099209920994,12.786261857882295,100694.52731594464
20.997099709971,12.78615341417564,100689.79334786793
21.002100210021002,12.786046618932625,100695.5331508608
21.007100710071008,12.785941474383819,100687.63413179501
21.012101210121013,12.785837982749477,100690.59263141105
21.01710171017102,12.785736146239516,100686.28413497485
21.022102210221025,12.78563596705351,100691.08242134047
21.027102710271027,12.785537447380674,100687.28677491184
21.032103210321033,12.785440589399844,100689.84838885306
21.03710371037104,12.785345395279471,100685.80645293492
21.042104210421044,12.785251867177609,100674.65899264274
21.047104710471046,12.78516000724189,100685.44596669223
21.052105210521052,12.78506981760952,100693.62879168642
21.057105710571058,12.784981300407267,100684.14606485314
21.062106210621064,12.784894457751443,100681.47144536389
21.06710671067107,12.784809291747887,100683.09938458295
21.07210721072107,12.784725804491966,100681.56804340736
21.077107710771077,12.784643998068542,100688.41691560802
21.082108210821083,12.784563874551978,100682.78787705714
21.08710871087109,12.784485436006115,100685.895924829
21.092109210921095,12.784408684484259,100683.3379238532
21.097109710971097,12.784333622029168,100680.343580857
21.102110211021103,12.784260250673046,100679.26007945315
21.10711071107111,12.784188572437525,100679.71926738195
21.112111211121114,12.78411858933365,100676.19254956627
21.11711171117112,12.78405030336187,100678.9140929568
21.122112211221122,12.783983716512026,100681.58541221636
21.127112711271128,12.783918830763337,100677.04774802069
21.132113211321133,12.783855648084389,100675.58143755718
21.13711371137114,12.783794170433119,100685.42562612475
21.142114211421145,12.783734399756806,100678.13747633983
21.147114711471147,12.78367633799206,100676.54072712359
21.152115211521153,12.783619987064812,100677.22589933488
21.15711571157116,12.783565348890289,100671.7557435766
21.162116211621164,12.783512425373013,100672.77208276825
21.167116711671166,12.783461218406797,100676.3353055335
21.172117211721172,12.783411729874713,100672.11916772461
21.177117711771178,12.783363961649092,100670.59171593165
21.182118211821184,12.783317915591516,100678.32304291021
21.18711871187119,12.7832735935528,100679.2629876966
21.19211921192119,12.783230997372971,100685.08948762211
21.197119711971197,12.783190128881289,100678.45723735355
21.202120212021203,12.783150989896193,100677.07161759016
21.20712071207121,12.783113582225317,100672.83345526234
21.212121212121215,12.78307790766548,100666.17757825545
21.217121712171217,12.783043968002657,100670.56222570025
21.222122212221223,12.78301176501198,100666.30168712487
21.22712271227123,12.78298130045773,100666.9074619246
21.232123212321234,12.782952576093312,100667.83331349441
21.23712371237124,12.782925593661261,100671.173048515
21.242124212421242,12.782900354893213,100676.20766718044
21.247124712471248,12.782876861509918,100669.4819758133
21.252125212521253,12.7828551152212,100666.51165705446
21.25712571257126,12.782835117725972,100674.68151805285
21.262126212621265,12.782816870712212,100677.95343138094
21.267126712671267,12.78280037585695,100677.77677566845
21.272127212721273,12.782785634826272,100672.08791394603
21.27712771277128,12.782772649275296,100667.75384131717
21.282128212821284,12.782761420848164,100673.06857177078
21.287128712871286,12.782751951178033,100658.56980147643
21.292129212921292,12.782744241887073,100666.52990396596
21.297129712971298,12.782738294586444,100665.14454380232
21.302130213021304,12.782734110876289,100676.56135336819
21.30713071307131,12.782731692345735,100663.44213724189
21.31213121312131,12.782731040572862,100666.19097444591
21.317131713171317,12.782732157124716,100669.27719932517
21.322132213221323,12.782735043557286,100663.40321078504
21.32713271327133,12.782739701415496,100668.69954121667
21.332133213321335,12.782746132233195,100666.39926687504
21.337133713371337,12.78275433753315,100664.78770697856
21.342134213421343,12.78276431882704,100669.40134202197
21.34713471347135,12.78277607761543,100658.99290115484
21.352135213521354,12.782789615387788,100667.49890295617
21.35713571357136,12.782804933622453,100660.82650585983
21.362136213621362,12.78282203378663,100665.5765470105
21.367136713671368,12.782840917336394,100656.8976114185
21.372137213721373,12.782861585716667,100661.74106461836
21.37713771377138,12.782884040361212,100657.27855526852
21.382138213821385,12.782908282692631,100653.3308737991
21.387138713871387,12.782934314122343,100652.64399718182
21.392139213921393,12.78296213605059,100656.3672648579
21.3971397139714,12.782991749866417,100660.19346347563
21.402140214021404,12.783023156947669,100660.07827758892
21.407140714071407,12.78305635866098,100661.25205559868
21.412141214121412,12.783091356361767,100658.975626643
21.417141714171418,12.78312815139422,100651.96303682738
21.422142214221424,12.78316674509129,100661.33649079263
21.42714271427143,12.783207138774685,100660.32605810037
21.43214321432143,12.783249333754867,100648.76961876961
21.437143714371437,12.783293331331027,100652.46310318231
21.442144214421443,12.783339132791097,100650.19411866374
21.44714471447145,12.783386739411728,100652.04309568937
21.452145214521455,12.78343615245829,100652.65779508917
21.457145714571457,12.783487373184851,100654.3190167219
21.462146214621463,12.783540402834191,100646.54233765259
21.46714671467147,12.783595242637777,100652.63351214431
21.472147214721474,12.783651893815755,100646.11256258978
21.47714771477148,12.783710357576958,100645.66391448498
21.482148214821482,12.78377063511888,100644.17537054257
21.487148714871488,12.78383272762768,100640.11842963652
21.492149214921493,12.783896636278168,100648.03031070916
21.4971497149715,12.783962362233808,100649.2555584616
21.502150215021505,12.784029906646694,100649.95286482103
21.507150715071507,12.78409927065756,100649.85943436569
21.512151215121513,12.784170455395763,100641.1767961985
21.51715171517152,12.784243461979276,100648.91115176649
21.522152215221524,12.784318291514683,100646.02533898992
21.527152715271527,12.78439494509718,100642.65409965061
21.532153215321532,12.784473423810548,100644.06775270427
21.537153715371538,12.78455372872717,100643.56706802237
21.542154215421544,12.784635860908006,100647.7151147795
21.54715471547155,12.784719821402597,100641.15958904692
21.55215521552155,12.784805611249048,100639.09633000295
21.557155715571557,12.784893231474042,100644.61355583656
21.562156215621563,12.784982683092805,100645.81100418206
21.56715671567157,12.785073967109122,100642.58270913115
21.572157215721575,12.785167084515326,100635.59708323148
21.577157715771577,12.78526203629228,100642.8438802399
21.582158215821583,12.785358823409386,100627.36950189802
21.58715871587159,12.785457446824575,100643.37051998773
21.592159215921594,12.785557907484295,100632.58989746707
21.5971597159716,12.785660206323504,100642.48309096783
21.602160216021602,12.785764344265683,100638.89532038136
21.607160716071608,12.785870322222802,100629.19982222035
21.612161216121613,12.785978141095336,100638.07618500307
21.61716171617162,12.786087801772254,100638.4924828112
21.622162216221625,12.786199305131005,100633.33115523992
21.627162716271627,12.78631265203752,100625.52307442903
21.632163216321633,12.786427843346212,100635.26376179927
21.63716371637164,12.786544879899958,100638.91942019641
21.642164216421644,12.7866637625301,100630.51894912288
21.647164716471647,12.786784492056443,100631.43097885126
21.652165216521652,12.786907069287246,100635.2828174464
21.657165716571658,12.787031495019212,100629.80733984911
21.662166216621664,12.7871577700375,100640.50882668684
21.66716671667167,12.787285895115696,100629.26102425663
21.67216721672167,12.787415871015828,100637.55737551827
21.677167716771677,12.787547698488352,100644.17462249099
21.682168216821683,12.787681378272152,100623.99016680432
21.68716871687169,12.78781691109453,100633.00601250079
21.692169216921695,12.787954297671204,100624.4644035849
21.697169716971697,12.788093538706306,100628.61242939637
21.702170217021703,12.788234634892374,100634.035102428
21.70717071707171,12.788377586910345,100633.0902528422
21.712171217121714,12.788522395429563,100626.37625004184
21.71717171717172,12.788669061107763,100626.03927559473
21.722172217221722,12.788817584591063,100629.51982640641
21.727172717271728,12.788967966513983,100624.51527096207
21.732173217321733,12.78912020749941,100618.0752993083
21.73717371737174,12.789274308158618,100634.91218820628
21.742174217421745,12.789430269091255,100627.42923302
21.747174717471747,12.789588090885337,100626.15918479895
21.752175217521753,12.789747774117249,100628.58125560575
21.75717571757176,12.789909319351741,100614.8136185088
21.762176217621764,12.790072727141922,100630.17587578301
21.767176717671767,12.790237998029253,100623.72057481387
21.772177217721772,12.790405132543562,100625.59201857838
21.777177717771778,12.79057413120301,100623.03173091264
21.782178217821784,12.790744994514114,100626.75796449886
21.78717871787179,12.790917722971736,100616.02578678794
21.79217921792179,12.791092317059077,100622.68132371404
21.797179717971797,12.791268777247668,100617.551001729
21.802180218021803,12.791447103997385,100622.78344369789
21.80718071807181,12.791627297756431,100613.88488863136
21.812181218121815,12.79180935896134,100620.26981112928
21.817181718171817,12.791993288036966,100611.93060101687
21.822182218221823,12.792179085396496,100614.48981641489
21.82718271827183,12.792366751441431,100615.18499649284
21.832183218321834,12.79255628656159,100626.25469716423
21.83718371837184,12.792747691135112,100613.87299242594
21.842184218421842,12.79294096552845,100616.96542843801
21.847184718471848,12.793136110096361,100620.2175283623
21.852185218521853,12.79333312518192,100621.92622461956
21.85718571857186,12.793532011116506,100610.74780731472
21.862186218621865,12.793732768219797,100621.20928263868
21.867186718671867,12.793935396799784,100613.47555881586
21.872187218721873,12.794139897152752,100622.05703916574
21.87718771877188,12.794346269563283,100608.62741614397
21.882188218821884,12.794554514304266,100611.02859981825
21.887188718871887,12.794764631636879,100616.57972284559
21.892189218921892,12.794976621810589,100612.84826416077
21.897189718971898,12.795190485063168,100613.93040463804
21.902190219021904,12.79540622162067,100614.04107369359
21.90719071907191,12.795623831697435,100609.64891205696
21.91219121912191,12.795843315496105,100605.45685554638
21.917191719171917,12.796064673207598,100610.46540994721
21.922192219221923,12.796287905011118,100608.69808858159
21.92719271927193,12.796513011074156,100606.42570715497
21.932193219321935,12.796739991552489,100608.37478967677
21.937193719371937,12.79696884659017,100600.95941610476
21.942194219421943,12.797199576319542,100609.51149758585
21.94719471947195,12.797432180861225,100615.80501745749
21.952195219521954,12.797666660324115,100603.48065717124
21.95719571957196,12.79790301480539,100605.68514756873
21.962196219621962,12.798141244390512,100603.32438215426
21.967196719671968,12.798381349153217,100600.25097641001
21.972197219721973,12.798623329155514,100599.07604841374
21.97719771977198,12.7988671844477,100605.31942926039
21.982198219821985,12.79911291506834,100596.96991548516
21.987198719871987,12.79936052104428,100608.36047646338
21.992199219921993,12.799610002390642,100599.84813228156
21.997199719972,12.799861359110825,100601.01025089761
22.002200220022004,12.800114591196502,100599.20819686029
22.007200720072007,12.800369698627629,100593.80990274463
22.012201220122012,12.80062668137243,100603.5335156267
22.017201720172018,12.800885539387412,100599.43719983107
22.022202220222024,12.801146272617359,100602.12789655135
22.02720272027203,12.80140888099533,100606.1484819199
22.03220322032203,12.801673364442662,100605.5625523073
22.037203720372037,12.801939722868974,100605.96135504353
22.042204220422043,12.802207956172163,100603.05787951864
22.04720472047205,12.8024780642384,100602.0310678628
22.052205220522055,12.802750046942142,100599.61917068977
22.057205720572057,12.80302390414613,100597.84105130822
22.062206220622063,12.803299635701377,100595.58501009438
22.06720672067207,12.80357724144719,100594.01462518319
22.072207220722074,12.803856721211153,100595.92992429873
22.07720772077208,12.804138074809137,100591.2212977436
22.082208220822082,12.804421302045297,100599.18860950397
22.087208720872088,12.804706402712082,100593.59186826096
22.092209220922093,12.804993376590224,100588.95388303621
22.0972097209721,12.805282223448742,100592.52686807195
22.102210221022105,12.80557294304496,100589.79270165706
22.107210721072107,12.805865535124477,100596.48146808858
22.112211221122113,12.8061599994212,100588.77054298442
22.11721172117212,12.806456335657328,100592.19357592087
22.122212221222124,12.806754543543358,100597.07638159698
22.127212721272127,12.807054622778084,100594.25218214243
22.132213221322132,12.807356573048608,100600.71617484555
22.137213721372138,12.807660394030334,100594.14325050765
22.142214221422144,12.807966085386964,100583.18940920591
22.14721472147215,12.808273646770518,100586.86334575826
22.15221522152215,12.808583077821323,100582.99351195512
22.157215721572157,12.808894378168011,100586.61791012065
22.162216221622163,12.809207547427544,100584.33470803073
22.16721672167217,12.809522585205183,100589.12615460937
22.172217221722175,12.809839491094523,100590.79353806222
22.177217721772177,12.81015826467747,100584.98250798098
22.182218221822183,12.810478905524265,100586.8845021419
22.18721872187219,12.810801413193467,100600.49201509198
22.192219221922194,12.81112578723197,100571.43787064964
22.1972197219722,12.811452027175003,100587.61270483234
22.202220222022202,12.811780132546122,100594.71387013099
22.207220722072208,12.812110102857229,100587.43496262374
22.212221222122214,12.81244193760857,100585.10621072196
22.21722172217222,12.812775636288729,100587.8116003787
22.222222222222225,12.813111198374637,100582.57804971501
22.227222722272227,12.813448623331588,100578.20757384112
22.232223222322233,12.813787910613222,100587.79215773994
22.23722372237224,12.814129059661534,100579.894665815
22.242224222422244,12.81447206990689,100580.97332101266
22.247224722472247,12.814816940768011,100587.3709706285
22.252225222522252,12.815163671651996,100578.7326119473
22.257225722572258,12.815512261954314,100581.63283270817
22.262226222622264,12.815862711058806,100580.96356425853
22.26722672267227,12.816215018337695,100569.80384129354
22.27222722272227,12.816569183151595,100581.20206127141
22.277227722772277,12.816925204849495,100578.54528866826
22.282228222822283,12.817283082768787,100580.57936951585
22.28722872287229,12.817642816235258,100574.03154804472
22.292229222922295,12.81800440456309,100577.80925797821
22.297229722972297,12.818367847054875,100574.29766589029
22.302230223022303,12.81873314300161,100565.071035511
22.30723072307231,12.81910029168271,100573.87701091806
22.312231223122314,12.819469292366005,100581.05031897595
22.31723172317232,12.81984014430775,100573.29393197963
22.322232223222322,12.820212846752625,100571.79246729585
22.327232723272328,12.820587398933743,100568.5776898327
22.332233223322334,12.82096380007265,100574.72723424503
22.33723372337234,12.821342049379345,100577.20276520141
22.342234223422345,12.821722146052263,100583.64104430072
22.347234723472347,12.822104089278291,100571.70714906677
22.352235223522353,12.82248787823278,100581.18772465506
22.35723572357236,12.822873512079536,100576.48408674251
22.362236223622364,12.823260989970832,100560.58030153417
22.367236723672367,12.823650311047423,100574.706087547
22.372237223722372,12.82404147443853,100575.09295560469
22.377237723772378,12.824434479261862,100578.76067110055
22.382238223822384,12.82482932462362,100578.72835633792
22.38723872387239,12.825226009618493,100565.69287378009
22.39223922392239,12.825624533329673,100575.5445845964
22.397239723972397,12.826024894828862,100575.73911646454
22.402240224022403,12.826427093176266,100563.96460467004
22.40724072407241,12.826831127420611,100564.02082496691
22.412241224122415,12.827236996599149,100567.66560798368
22.417241724172417,12.827644699737661,100566.32228888043
22.422242224222423,12.828054235850457,100560.02190988098
22.42724272427243,12.8284656039404,100577.63377759651
22.432243224322434,12.828878802998892,100567.51255860558
22.43724372437244,12.829293832005888,100563.90326973067
22.442244224422442,12.829710689929913,100563.91370073686
22.447244724472448,12.830129375728049,100568.72164453892
22.452245224522454,12.830549888345958,100564.73347960137
22.45724572457246,12.83097222671788,100557.30253651986
22.462246224622465,12.831396389766638,100563.30824096275
22.467246724672467,12.831822376403656,100559.88020499435
22.472247224722473,12.832250185528954,100563.39195039097
22.47724772477248,12.83267981603116,100562.9848008026
22.482248224822484,12.833111266787514,100560.1659021986
22.487248724872487,12.833544536663876,100566.85364612778
22.492249224922492,12.833979624514743,100557.70825089917
22.497249724972498,12.834416529183239,100556.5175673206
22.502250225022504,12.83485524950113,100558.90440646916
22.50725072507251,12.835295784288839,100560.08768524192
22.51225122512251,12.835738132355441,100556.61869924192
22.517251725172517,12.836182292498677,100565.72438047895
22.522252225222523,12.836628263504961,100548.06177524826
22.52725272527253,12.837076044149386,100554.67048610652
22.532253225322535,12.83752563319573,100551.76120349743
22.537253725372537,12.837977029396473,100550.20586384014
22.542254225422543,12.838430231492792,100564.30768143667
22.54725472547255,12.838885238214575,100548.3892711329
22.552255225522554,12.839342048280434,100558.50176929757
22.55725572557256,12.839800660397703,100557.89094713154
22.562256225622562,12.84026107326245,100558.51655440839
22.567256725672568,12.840723285559493,100550.7264639982
22.572257225722574,12.841187295962396,100563.99729593872
22.57725772577258,12.841653103133481,100554.46076062934
22.582258225822585,12.84212070572384,100551.59233540675
22.587258725872587,12.842590102373345,100551.17753583477
22.592259225922593,12.843061291710645,100548.94082936978
22.5972597259726,12.843534272353192,100551.80585063621
22.602260226022604,12.844009042907235,100552.47151993937
22.607260726072607,12.84448560196783,100556.29929498877
22.612261226122612,12.84496394811886,100540.81701711525
22.617261726172618,12.845444079933033,100559.06362163683
22.622262226222624,12.845925995971893,100552.20602427154
22.62726272627263,12.846409694785832,100551.66086589433
22.63226322632263,12.846895174914097,100548.40055089438
22.637263726372638,12.847382434884803,100547.45654631904
22.642264226422643,12.847871473214932,100549.37100115477
22.64726472647265,12.848362288410355,100544.70847332271
22.652265226522655,12.848854878965831,100542.8241712054
22.657265726572657,12.849349243365022,100559.90396164439
22.662266226622663,12.849845380080508,100550.4325329773
22.66726672667267,12.850343287573779,100547.37882860813
22.672267226722674,12.850842964295259,100550.1132620192
22.67726772677268,12.851344408684316,100544.70387660553
22.682268226822682,12.851847619169266,100547.23124314501
22.687268726872688,12.852352594167384,100546.22084665569
22.692269226922694,12.852859332084911,100550.83802536262
22.6972697269727,12.853367831317078,100558.98655239386
22.702270227022705,12.853878090248092,100539.18246042765
22.707270727072707,12.854390107251167,100543.13725486638
22.712271227122713,12.854903880688532,100543.92879346182
22.71727172717272,12.855419408911423,100541.63046354686
22.722272227222724,12.85593669026012,100536.057910325
22.727272727272727,12.856455723063936,100536.52677169455
22.732273227322732,12.856976505641237,100522.22956350491
22.737273727372738,12.857499036299446,100540.55126441557
22.742274227422744,12.858023313335067,100527.05438416975
22.74727472747275,12.858549335033684,100542.28980885043
22.752275227522752,12.859077099669971,100535.70821943454
22.757275727572758,12.85960660550771,100550.0918693903
22.762276227622763,12.860137850799797,100538.15029978564
22.76727672767277,12.860670833788252,100541.1106643513
22.772277227722775,12.86120555270424,100538.51774971584
22.777277727772777,12.861742005768066,100535.83813880727
22.782278227822783,12.862280191189196,100538.25374232588
22.78727872787279,12.862820107166272,100528.26448723812
22.792279227922794,12.86336175188711,100536.30992649616
22.7972797279728,12.863905123528726,100531.87209670068
22.802280228022802,12.864450220257336,100530.3553844931
22.807280728072808,12.864997040228376,100540.29036991317
22.812281228122814,12.865545581586503,100534.0223271431
22.81728172817282,12.866095842465622,100532.23535874188
22.822282228222825,12.866647820988883,100543.33176059726
22.827282728272827,12.867201515268697,100528.54384821071
22.832283228322833,12.867756923406757,100524.45274458235
22.83728372837284,12.868314043494037,100536.46274215412
22.842284228422844,12.868872873610806,100527.52468447636
22.847284728472847,12.869433411826652,100540.46559687646
22.852285228522852,12.869995656200476,100527.93531702354
22.857285728572858,12.870559604780519,100530.06205932502
22.862286228622864,12.871125255604367,100531.95216509278
22.86728672867287,12.871692606698968,100528.15794798893
22.872287228722872,12.872261656080632,100526.93704749962
22.877287728772878,12.872832401755065,100539.37735873558
22.882288228822883,12.873404841717361,100537.63759693393
22.88728872887289,12.873978973952024,100538.22742126873
22.892289228922895,12.874554796432978,100526.11907823244
22.897289728972897,12.875132307123584,100526.40698665277
22.902290229022903,12.87571150397665,100522.77067886447
22.90729072907291,12.876292384934438,100532.12754894815
22.912291229122914,12.87687494792869,100522.94474692074
22.91729172917292,12.877459190880623,100526.13073009536
22.922292229222922,12.878045111700962,100519.60911754477
22.927292729272928,12.87863270828994,100520.98922196926
22.932293229322934,12.879221978537313,100528.33709985562
22.93729372937294,12.879812920322372,100518.58081421096
22.942294229422945,12.880405531513967,100524.55720069133
22.947294729472947,12.880999809970502,100513.7414952411
22.952295229522953,12.881595753539967,100524.89065370934
22.95729572957296,12.882193360059942,100523.36492713488
22.962296229622964,12.882792627357604,100524.7914800155
22.967296729672967,12.883393553249753,100521.78111382673
22.972297229722972,12.883996135542827,100517.49279326134
22.977297729772978,12.884600372032898,100515.07167953349
22.982298229822984,12.885206260505704,100523.68897700447
22.98729872987299,12.885813798736653,100516.7726929229
22.992299229922992,12.886422984490844,100522.24006891552
22.997299729972998,12.887033815523074,100519.71338873215
23.002300230023003,12.887646289577855,100514.6486772358
23.00730073007301,12.888260404389428,100513.85306527567
23.012301230123015,12.888876157681779,100517.658996964
23.017301730173017,12.889493547168646,100523.6863870093
23.022302230223023,12.89011257055355,100514.58171406036
23.02730273027303,12.890733225529786,100510.82310618524
23.032303230323034,12.891355509780455,100518.20977203317
23.03730373037304,12.891979420978474,100518.4328159234
23.042304230423042,12.892604956786588,100511.07724175847
23.047304730473048,12.893232114857383,100517.01325416414
23.052305230523054,12.893860892833311,100506.96128148166
23.05730573057306,12.894491288346693,100512.58885431846
23.062306230623065,12.895123299019737,100517.7867186415
23.067306730673067,12.895756922464557,100515.27104300239
23.072307230723073,12.896392156283186,100513.78409858407
23.07730773077308,12.897028998067587,100511.99230663407
23.082308230823084,12.897667445399673,100514.55671896762
23.08730873087309,12.898307495851322,100518.78115035231
23.092309230923092,12.898949146984384,100520.24352690805
23.097309730973098,12.89959239635071,100503.47043910268
23.102310231023104,12.900237241492162,100508.21077000428
23.10731073107311,12.900883679940614,100515.60086626331
23.112311231123112,12.901531709217991,100507.50660162876
23.117311731173118,12.902181326836272,100514.90438139315
23.122312231223123,12.9028325302975,100510.67687052004
23.12731273127313,12.903485317093816,100512.87435132188
23.132313231323135,12.904139684707452,100506.43404954032
23.137313731373137,12.904795630610764,100499.58977941763
23.142314231423143,12.905453152266238,100506.67202258816
23.14731473147315,12.906112247126515,100508.2364594863
23.152315231523154,12.906772912634397,100496.44383040325
23.15731573157316,12.907435146222866,100511.03900254663
23.162316231623162,12.908098945315109,100503.2811405816
23.167316731673168,12.90876430732452,100503.0757783724
23.172317231723174,12.909431229654723,100507.4066413922
23.17731773177318,12.910099709699594,100505.8718012894
23.182318231823185,12.910769744843265,100501.9377437112
23.187318731873187,12.911441332460145,100497.83628327426
23.192319231923193,12.912114469914949,100511.51304096352
23.1973197319732,12.912789154562693,100509.4988835034
23.202320232023204,12.913465383748724,100507.63475934445
23.20732073207321,12.914143154808736,100509.82721870375
23.212321232123212,12.914822465068783,100496.9348073717
23.217321732173218,12.915503311845294,100503.27217823936
23.222322232223224,12.916185692445099,100505.31791797801
23.22732273227323,12.916869604165436,100504.20175025381
23.232323232323232,12.917555044293968,100498.64649284794
23.237323732373238,12.918242010108814,100498.77045585471
23.242324232423243,12.918930498878545,100495.05668518068
23.24732473247325,12.919620507862215,100491.44863846144
23.252325232523255,12.920312034309378,100507.14745897759
23.257325732573257,12.921005075460098,100500.84510106558
23.262326232623263,12.921699628544973,100498.33028655387
23.26732673267327,12.922395690785146,100497.06226489975
23.272327232723274,12.92309325939233,100491.66611099521
23.27732773277328,12.92379233156882,100494.95343452088
23.282328232823282,12.924492904507506,100493.57167055228
23.287328732873288,12.925194975391909,100498.00335021623
23.292329232923294,12.925898541396176,100498.33938551291
23.2973297329733,12.926603599685105,100502.67497382573
23.302330233023305,12.927310147414179,100494.70884510386
23.307330733073307,12.928018181729556,100495.05668098025
23.312331233123313,12.928727699768107,100491.60823132198
23.31733173317332,12.929438698657432,100487.21469942394
23.322332233223324,12.930151175515865,100490.88147915824
23.32733273327333,12.930865127452504,100497.65840271709
23.332333233323332,12.931580551567233,100493.51918587575
23.337333733373338,12.932297444950724,100498.74102914685
23.342334233423344,12.933015804684464,100492.12347319773
23.34733473347335,12.933735627840782,100488.36902219045
23.352335233523352,12.934456911482854,100487.1217637293
23.357335733573358,12.935179652664722,100495.02815839199
23.362336233623363,12.935903848431323,100483.14603313645
23.36733673367337,12.936629495818497,100485.47676107471
23.372337233723375,12.937356591853012,100487.8797185526
23.377337733773377,12.938085133552581,100486.63297388297
23.382338233823383,12.938815117925875,100490.89051177543
23.38733873387339,12.93954654197255,100498.06838825365
23.392339233923394,12.940279402683261,100478.12771061086
23.3973397339734,12.941013697039686,100484.51674747517
23.402340234023402,12.941749422014535,100483.63692258461
23.407340734073408,12.942486574571578,100486.64709338073
23.412341234123414,12.943225151665661,100488.27380902415
23.41734173417342,12.943965150242725,100477.29099608965
23.422342234223425,12.94470656723982,100489.45212859887
23.427342734273427,12.945449399585138,100493.92880938097
23.432343234323433,12.946193644198017,100483.51602817561
23.43734373437344,12.946939297988967,100485.10598590579
23.442344234423445,12.947686357859693,100487.1009488115
23.44734473447345,12.948434820703104,100486.07906237316
23.452345234523452,12.949184683403342,100486.00156079877
23.457345734573458,12.949935942835802,100493.58670692489
23.462346234623464,12.950688595867142,100477.02550275484
23.46734673467347,12.951442639355307,100475.17864605926
23.472347234723472,12.952198070149555,100476.29287365187
23.477347734773478,12.952954885090472,100480.82735289524
23.482348234823483,12.953713081009985,100474.57698149724
23.48734873487349,12.954472654731397,100481.23823189463
23.492349234923495,12.955233603069388,100480.29303944601
23.497349734973497,12.955995922830052,100478.82432790272
23.502350235023503,12.95675961081091,100472.6800785694
23.50735073507351,12.957524663800925,100475.63665426898
23.512351235123514,12.958291078580531,100480.38548729967
23.51735173517352,12.959058851921649,100472.47694458472
23.522352235223522,12.959827980587704,100474.81014653791
23.527352735273528,12.960598461333651,100484.02291408155
23.532353235323534,12.961370290905995,100482.30912968959
23.53735373537354,12.962143466042807,100484.66618386083
23.542354235423545,12.962917983473744,100485.49925915543
23.547354735473547,12.963693839920074,100478.54040898422
23.552355235523553,12.964471032094696,100477.34459384547
23.55735573557356,12.96524955670216,100484.3026406804
23.562356235623565,12.96602941043868,100475.31778126748
23.56735673567357,12.966810589992168,100476.27278487768
23.572357235723572,12.967593092042247,100483.08436176674
23.577357735773578,12.968376913260268,100478.34987508482
23.582358235823584,12.969162050309343,100470.56317323277
23.58735873587359,12.969948499844355,100471.17802970519
23.592359235923592,12.970736258511975,100479.53631228082
23.597359735973598,12.971525322950704,100469.6681258962
23.602360236023603,12.972315689790872,100467.88359557153
23.60736073607361,12.973107355654665,100472.69240780112
23.612361236123615,12.973900317156156,100465.45107007511
23.617361736173617,12.974694570901315,100474.1823594331
23.622362236223623,12.97549011348803,100468.85293432524
23.62736273627363,12.976286941506142,100469.85887504288
23.632363236323634,12.977085051537445,100474.03448344783
23.63736373637364,12.977884440155727,100464.67417895948
23.642364236423642,12.978685103926777,100462.51537988905
23.647364736473648,12.97948703940842,100467.07077041794
23.652365236523654,12.980290243150524,100464.660868155
23.65736573657366,12.981094711695036,100471.05564953001
23.662366236623665,12.98190044157599,100470.86941659023
23.667366736673667,12.982707429319538,100470.42322357422
23.672367236723673,12.983515671443966,100465.59369632429
23.67736773677368,12.984325164459726,100467.45186349445
23.682368236823685,12.985135904869441,100467.805022086
23.68736873687369,12.98594788916794,100478.53707561958
23.692369236923692,12.986761113842283,100469.14898315154
23.697369736973698,12.987575575371764,100466.86782422649
23.702370237023704,12.98839127022795,100472.25508437773
23.70737073707371,12.989208194874704,100457.91202011799
23.712371237123712,12.990026345768193,100467.02573044166
23.717371737173718,12.990845719356923,100462.84094554707
23.722372237223723,12.991666312081755,100456.20421182521
23.72737273727373,12.99248812037593,100468.31390829883
23.732373237323735,12.993311140665085,100461.55905514357
23.737373737373737,12.994135369367292,100463.89466161781
23.742374237423743,12.994960802893058,100466.3217501302
23.74737473747375,12.995787437645362,100458.66756495605
23.752375237523754,12.996615270019676,100458.67878257288
23.75737573757376,12.997444296403982,100464.52595992669
23.762376237623762,12.998274513178798,100459.59180951021
23.767376737673768,12.999105916717205,100465.4373784975
23.772377237723774,12.999938503384861,100460.1275062891
23.77737773777378,13.000772269540029,100466.02255459123
23.782378237823785,13.0016072115336,100451.71764510675
23.787378737873787,13.00244332570911,100457.8903959851
23.792379237923793,13.003280608402775,100461.07489001086
23.7973797379738,13.004119055943498,100468.07516431142
23.802380238023805,13.00495866465291,100457.32564810678
23.80738073807381,13.005799430845373,100460.09446146958
23.812381238123812,13.00664135082802,100455.46788587168
23.817381738173818,13.007484420900768,100467.81514526515
23.822382238223824,13.008328637356348,100463.97947923858
23.82738273827383,13.009173996480317,100465.64510543502
23.832383238323832,13.010020494551103,100455.13379195746
23.837383738373838,13.01086812784,100452.7848061126
23.842384238423843,13.01171689261121,100457.31602876722
23.84738473847385,13.012566785121868,100455.55200007519
23.852385238523855,13.01341780162205,100459.90996580625
23.857385738573857,13.014269938354808,100452.57573450624
23.862386238623863,13.015123191556198,100449.38707736347
23.86738673867387,13.01597755745529,100453.80773593693
23.872387238723874,13.016833032274198,100455.12510009667
23.87738773877388,13.017689612228107,100451.78598236029
23.882388238823882,13.018547293525291,100444.88279167113
23.887388738873888,13.019406072367142,100453.08558664948
23.892389238923894,13.02026594494819,100457.16946106819
23.8973897389739,13.021126907456125,100459.49371815928
23.902390239023905,13.021988956071826,100458.02196836648
23.907390739073907,13.022852086969385,100451.79521597325
23.912391239123913,13.023716296316124,100451.78353786503
23.91739173917392,13.024581580272624,100452.54503707252
23.922392239223925,13.025447934992748,100451.16062905636
23.92739273927393,13.026315356623671,100449.32937660195
23.932393239323932,13.02718384130589,100443.74141386754
23.937393739373938,13.028053385173266,100447.33564516094
23.942394239423944,13.02892398435303,100453.80611395372
23.94739473947395,13.029795634965819,100446.00333502615
23.952395239523952,13.030668333125698,100445.15494098212
23.957395739573958,13.031542074940186,100443.9872120384
23.962396239623963,13.032416856510274,100448.162493242
23.96739673967397,13.03329267393045,100449.37289956865
23.972397239723975,13.034169523288739,100449.27008255823
23.977397739773977,13.035047400666702,100448.43088207487
23.982398239823983,13.035926302139478,100445.65655590154
23.98739873987399,13.036806223775809,100449.60204598418
23.992399239923994,13.037687161638052,100451.04382852354
23.997399739974,13.038569111782216,100452.16415690283
24.002400240024002,13.039452070257983,100444.89040324035
24.007400740074008,13.040336033108728,100441.72256927367
24.012401240124014,13.041220996371548,100447.00118622175
24.01740174017402,13.042106956077285,100451.70440739785
24.022402240224025,13.04299390825056,100450.89389408163
24.027402740274027,13.043881848909779,100450.14435637648
24.032403240324033,13.044770774067178,100450.58473080496
24.03740374037404,13.045660679728831,100453.16255738185
24.042404240424045,13.046551561894688,100444.00220048246
24.04740474047405,13.04744341655859,100449.95517055929
24.052405240524052,13.048336239708304,100450.68261553884
24.05740574057406,13.049230027325537,100444.84410062256
24.062406240624064,13.050124775385974,100450.05072878892
24.06740674067407,13.051020479859291,100443.02183485664
24.072407240724072,13.051917136709184,100435.11949814671
24.077407740774078,13.052814741893396,100438.25228779191
24.082408240824083,13.05371329136375,100437.67026812273
24.08740874087409,13.054612781066155,100446.82798593125
24.092409240924095,13.055513206940645,100439.55904542767
24.097409740974097,13.056414564921408,100439.88603132151
24.102410241024103,13.057316850936797,100445.88422286639
24.10741074107411,13.058220060909369,100429.40994544451
24.112411241124114,13.059124190755904,100443.64102474031
24.11741174117412,13.060029236387432,100441.64106011382
24.122412241224122,13.060935193709254,100444.51253454872
24.127412741274128,13.061842058620977,100443.13426233662
24.132413241324134,13.062749827016534,100436.01684263273
24.13741374137414,13.063658494784207,100441.37286075382
24.142414241424145,13.064568057806655,100433.99957429587
24.147414741474147,13.065478511960947,100444.76416732674
24.152415241524153,13.066389853118574,100433.38350861624
24.15741574157416,13.06730207714549,100436.78576635987
24.162416241624165,13.068215179902122,100436.96437171963
24.16741674167417,13.069129157243408,100427.54471192251
24.172417241724172,13.070044005018815,100429.11965335961
24.17741774177418,13.070959719072377,100440.18818861475
24.182418241824184,13.071876295242703,100431.09603050633
24.18741874187419,13.07279372936302,100445.4530888657
24.192419241924192,13.073712017261188,100431.50778359413
24.197419741974198,13.07463115475973,100429.55402481227
24.202420242024203,13.075551137675859,100432.45522638681
24.20742074207421,13.076471961821502,100428.09417788366
24.212421242124215,13.07739362300333,100435.0722287847
24.217421742174217,13.078316117022775,100431.27063760291
24.222422242224223,13.079239439676073,100431.88435818013
24.22742274227423,13.080163586754269,100434.35995891532
24.232423242324234,13.081088554043262,100432.46529353263
24.23742374237424,13.082014337323821,100440.5722771943
24.242424242424242,13.082940932371613,100434.3118274655
24.247424742474248,13.083868334957232,100424.87402076219
24.252425242524254,13.084796540846225,100427.44085383175
24.25742574257426,13.085725545799116,100426.73906886783
24.262426242624265,13.086655345571431,100430.67134639368
24.267426742674267,13.08758593591373,100425.79323842288
24.272427242724273,13.088517312571634,100425.89714839746
24.27742774277428,13.08944947128584,100419.39602905729
24.282428242824285,13.09038240779217,100426.94946089025
24.28742874287429,13.09131611782157,100430.33427807986
24.292429242924293,13.092250597100158,100426.31605156837
24.2974297429743,13.09318584134924,100428.37236812925
24.302430243024304,13.094121846285342,100430.91252110411
24.30743074307431,13.095058607620231,100430.24288129914
24.312431243124312,13.095996121060955,100430.5596989674
24.317431743174318,13.09693438230985,100425.22657092974
24.322432243224323,13.097873387064581,100424.1961665052
24.32743274327433,13.098813131018167,100425.44662303751
24.332433243324335,13.099753609859004,100412.02091218467
24.337433743374337,13.100694819270892,100423.17932307383
24.342434243424343,13.10163675493307,100430.25171005986
24.34743474347435,13.102579412520234,100422.70302341534
24.352435243524354,13.103522787702564,100429.54968996132
24.35743574357436,13.104466876145759,100415.787610948
24.362436243624362,13.105411673511055,100425.40481599464
24.367436743674368,13.10635717545526,100427.98737236798
24.372437243724374,13.107303377630775,100427.28495041652
24.37743774377438,13.108250275685625,100422.89650539575
24.382438243824385,13.109197865263486,100422.03324274773
24.387438743874387,13.110146142003703,100421.31361211867
24.392439243924393,13.111095101541341,100421.2181258574
24.3974397439744,13.112044739507185,100415.8248843158
24.402440244024405,13.112995051527777,100421.28789654128
24.40744074407441,13.113946033225455,100421.43562485017
24.412441244124413,13.114897680218363,100416.36596124244
24.41744174417442,13.115849988120491,100418.5445898409
24.422442244224424,13.11680295254169,100419.59066231409
24.42744274427443,13.11775656908772,100423.3989415544
24.432443244324432,13.118710833360248,100412.77656050446
24.437443744374438,13.119665740956908,100421.08830493246
24.442444244424443,13.1206212874713,100411.20285729603
24.44744474447445,13.121577468493038,100409.67064961013
24.452445244524455,13.122534279607763,100419.51907360613
24.457445744574457,13.123491716397181,100411.59551385838
24.462446244624463,13.124449774439089,100414.01813362302
24.46744674467447,13.125408449307397,100416.98229924635
24.472447244724474,13.126367736572158,100419.29081236075
24.47744774477448,13.127327631799599,100413.04050345572
24.482448244824482,13.128288130552145,100422.62333252736
24.487448744874488,13.129249228388453,100416.93978489997
24.492449244924494,13.130210920863426,100412.63838593473
24.4974497449745,13.131173203528258,100421.06840210008
24.502450245024505,13.13213607193045,100414.89127900457
24.507450745074507,13.133099521613842,100420.64292902508
24.512451245124513,13.134063548118638,100419.41927509641
24.51745174517452,13.135028146981442,100419.40850276162
24.522452245224525,13.135993313735275,100414.00988633925
24.52745274527453,13.136959043909608,100407.80470520978
24.532453245324533,13.137925333030392,100402.74331558327
24.53745374537454,13.138892176620084,100405.28190558532
24.542454245424544,13.139859570197672,100411.8333701451
24.54745474547455,13.140827509278708,100412.7887334118
24.552455245524552,13.141795989375337,100408.2896528858
24.557455745574558,13.142765005996315,100408.9168694825
24.562456245624563,13.143734554647052,100410.30536673024
24.56745674567457,13.144704630829624,100407.5946259572
24.572457245724575,13.145675230042816,100411.92942120618
24.577457745774577,13.146646347782136,100410.99073808367
24.582458245824583,13.147617979539863,100420.33609359292
24.58745874587459,13.148590120805046,100413.76038605187
24.592459245924594,13.149562767063568,100408.71152529055
24.5974597459746,13.150535913798137,100406.68239124824
24.602460246024602,13.151509556488344,100400.62350090181
24.607460746074608,13.152483690610673,100401.09340868519
24.612461246124614,13.153458311638545,100401.83620398492
24.61746174617462,13.154433415042327,100398.74872151205
24.622462246224625,13.155408996289372,100411.27985006534
24.627462746274627,13.156385050844056,100405.62220754648
24.632463246324633,13.157361574167785,100401.81521684228
24.63746374637464,13.158338561719038,100402.8315637518
24.642464246424645,13.159316008953395,100406.78194524662
24.64746474647465,13.160293911323558,100404.67802073108
24.652465246524653,13.161272264279386,100412.57070929214
24.65746574657466,13.162251063267922,100398.97120064171
24.662466246624664,13.16323030373342,100405.66859613353
24.66746674667467,13.164209981117374,100412.28481502832
24.672467246724672,13.165190090858543,100410.9069506729
24.677467746774678,13.166170628392994,100408.55984262205
24.682468246824683,13.167151589154106,100397.99151488695
24.68746874687469,13.168132968572623,100409.29238434881
24.692469246924695,13.169114762076669,100406.46577619555
24.697469746974697,13.170096965091775,100408.95696452422
24.702470247024703,13.171079573040917,100400.70425977033
24.70747074707471,13.172062581344539,100411.81044779613
24.712471247124714,13.173045985420577,100408.36754481142
24.71747174717472,13.174029780684505,100403.59285738337
24.722472247224722,13.175013962549338,100398.32977129042
24.727472747274728,13.175998526425683,100401.16515025057
24.732473247324734,13.176983467721753,100391.3467895617
24.73747374737474,13.177968781843408,100409.95158680607
24.742474247424745,13.178954464194174,100400.92728559375
24.747474747474747,13.179940510175271,100398.49985919114
24.752475247524753,13.180926915185655,100393.94942624429
24.75747574757476,13.181913674622033,100396.75034560847
24.762476247624765,13.18290078387889,100401.7954586272
24.76747674767477,13.183888238348537,100390.28329978739
24.772477247724773,13.184876033421117,100389.81374195284
24.77747774777478,13.185864164484649,100404.92180064562
24.782478247824784,13.186852626925047,100401.99077246188
24.78747874787479,13.18784141612616,100395.28341368107
24.792479247924792,13.188830527469786,100398.31163854829
24.797479747974798,13.189819956335718,100402.5950106894
24.802480248024803,13.190809698101758,100405.28354955664
24.80748074807481,13.191799748143751,100397.93668068825
24.812481248124815,13.192790101835625,100393.01827672523
24.817481748174817,13.193780754549396,100395.23982936167
24.822482248224823,13.19477170165522,100397.5365382164
24.82748274827483,13.195762938521408,100393.21637903804
24.832483248324834,13.196754460514464,100392.47625885498
24.83748374837484,13.197746262999106,100395.65416239014
24.842484248424842,13.1987383413383,100393.12553964333
24.847484748474848,13.19973069089329,100392.70305425301
24.852485248524854,13.200723307023619,100387.64470301686
24.85748574857486,13.201716185087163,100389.27089626387
24.862486248624865,13.20270932044017,100392.97260452829
24.867486748674867,13.203702708437271,100396.08270194657
24.872487248724873,13.204696344431524,100397.36501757674
24.87748774877488,13.205690223774429,100400.51447659734
24.882488248824885,13.206684341815969,100392.84466385625
24.88748874887489,13.207678693904635,100393.0244407586
24.892489248924893,13.208673275387454,100395.0645734508
24.8974897489749,13.209668081610024,100392.12026685609
24.902490249024904,13.210663107916528,100397.51128463894
24.90749074907491,13.211658349649783,100386.8232556675
24.912491249124912,13.212653802151253,100395.9341456084
24.917491749174918,13.213649460761086,100401.21614706752
24.922492249224923,13.214645320818144,100389.98484714305
24.92749274927493,13.21564137766003,100395.76670582035
24.932493249324935,13.216637626623108,100396.55862189364
24.937493749374937,13.217634063042553,100396.92448932343
24.942494249424943,13.218630682252364,100386.68148854282
24.94749474947495,13.219627479585393,100386.6221282774
24.952495249524954,13.22062445037338,100395.35785321724
24.95749574957496,13.221621589946988,100384.83509200583
24.962496249624962,13.222618893635813,100390.25766855293
24.967496749674968,13.223616356768439,100377.76417494834
24.972497249724974,13.22461397467244,100395.77479536303
24.97749774977498,13.225611742674431,100383.06454481334
24.982498249824985,13.226609656100083,100391.35502260842
24.987498749874987,13.227607710274162,100387.67644256132
24.992499249924993,13.228605900520552,100385.20608462507
24.997499749975,13.229604222162292,100382.06954828986
25.002500250025005,13.230602670521591,100389.34596337107
25.00750075007501,13.23160124091987,100389.33673548716
25.012501250125013,13.232599928677786,100388.57305950458
25.01750175017502,13.233598729115267,100382.78283204835
25.022502250225024,13.234597637551529,100378.60404602622
25.02750275027503,13.235596649305117,100390.55194269125
25.032503250325032,13.236595759693932,100392.41841915947
25.037503750375038,13.237594964035257,100395.77321142287
25.042504250425043,13.238594257645783,100382.65052312282
25.04750475047505,13.23959363584165,100382.8201969272
25.052505250525055,13.240593093938465,100386.69788884436
25.057505750575057,13.241592627251336,100375.44944405979
25.062506250625063,13.242592231094903,100389.6095051281
25.06750675067507,13.243591900783365,100394.91367778016
25.072507250725074,13.244591631630506,100383.50150829996
25.07750775077508,13.245591418949726,100377.1816781163
25.082508250825082,13.246591258054082,100389.31569161186
25.087508750875088,13.247591144256296,100386.61925161236
25.092509250925094,13.248591072868804,100378.66571854026
25.0975097509751,13.249591039203773,100385.55443494233
25.102510251025105,13.250591038573132,100383.18753967801
25.107510751075107,13.251591066288608,100384.9163217359
25.112511251125113,13.252591117661748,100391.06260449198
25.11751175117512,13.253591188003952,100385.48650790354
25.122512251225125,13.254591272626502,100372.26906063296
25.12751275127513,13.25559136684059,100374.7399876423
25.132513251325133,13.25659146595735,100384.5830583456
25.13751375137514,13.257591565287878,100378.82045926954
25.142514251425144,13.25859166014328,100390.29639659911
25.14751475147515,13.259591745834681,100383.3624843116
25.152515251525152,13.260591817673266,100381.32179920375
25.157515751575158,13.26159187097031,100377.21274001202
25.162516251625163,13.262591901037199,100376.80040018646
25.16751675167517,13.263591903185464,100370.22793252046
25.172517251725175,13.264591872726818,100377.0903436431
25.177517751775177,13.265591804973168,100382.42458657711
25.182518251825183,13.266591695236658,100379.68135886386
25.18751875187519,13.2675915388297,100386.6847614784
25.192519251925194,13.26859133106499,100376.31837944318
25.1975197519752,13.269591067255547,100380.90854343514
25.202520252025202,13.270590742714742,100375.99584691662
25.207520752075208,13.271590352756325,100378.28401103048
25.212521252125214,13.272589892694453,100374.88074808488
25.21752175217522,13.273589357843727,100376.72843883216
25.222522252225225,13.27458874351921,100377.50282706431
25.227522752275227,13.275588045036463,100378.02802671306
25.232523252325233,13.276587257711572,100375.55908703232
25.23752375237524,13.277586376861182,100367.315364505
25.242524252425245,13.278585397802518,100378.46729284603
25.24752475247525,13.279584315853425,100375.72350913969
25.252525252525253,13.280583126332386,100385.33914221243
25.25752575257526,13.281581824558558,100381.09108872907
25.262526252625264,13.282580405851798,100371.78315833292
25.26752675267527,13.283578865532698,100374.95793355913
25.272527252725272,13.284577198922607,100378.24628410458
25.277527752775278,13.285575401343666,100372.11560898501
25.282528252825283,13.286573468118831,100373.35399237125
25.28752875287529,13.287571394571913,100374.42617208434
25.292529252925295,13.288569176027586,100374.13638509146
25.297529752975297,13.289566807811449,100375.28641744125
25.302530253025303,13.290564285250024,100367.6349562819
25.30753075307531,13.291561603670798,100374.48537629405
25.312531253125314,13.292558758402263,100375.04533867094
25.31753175317532,13.29355574477392,100378.64597372561
25.322532253225322,13.29455255811633,100379.6163019914
25.327532753275328,13.295549193761136,100378.95484121826
25.332533253325334,13.296545647041091,100373.29502775783
25.33753375337534,13.297541913290086,100368.84554484468
25.342534253425345,13.298537987843185,100376.06648466634
25.347534753475347,13.299533866036645,100367.99274500937
25.352535253525353,13.300529543207956,100375.08679873418
25.35753575357536,13.30152501469586,100381.23818817444
25.362536253625365,13.30252027584039,100361.07144041506
25.36753675367537,13.303515321982886,100368.47325673717
25.372537253725373,13.304510148466042,100379.3694289851
25.37753775377538,13.305504750633917,100373.26109635484
25.382538253825384,13.306499123831978,100368.37825593395
25.38753875387539,13.307493263407116,100368.22625119088
25.392539253925392,13.308487164707692,100359.8954635757
25.397539753975398,13.309480823083547,100363.46882891384
25.402540254025403,13.310474233886051,100365.8054524781
25.40754075407541,13.31146739246811,100365.99088689934
25.412541254125415,13.312460294184216,100358.75056771966
25.417541754175417,13.313452934390462,100359.97042935902
25.422542254225423,13.314445308444576,100362.05168570405
25.42754275427543,13.315437411705954,100367.37612016858
25.432543254325434,13.316429239535676,100365.5569126106
25.43754375437544,13.317420787296557,100366.96878838625
25.442544254425442,13.318412050353148,100360.98880109935
25.447544754475448,13.31940302407179,100378.45493962128
25.452545254525454,13.320393703820631,100369.04879342143
25.45754575457546,13.321384084969653,100361.52053173792
25.462546254625465,13.322374162890705,100369.37675566108
25.467546754675467,13.32336393295754,100365.52355135012
25.472547254725473,13.324353390545824,100371.27949359368
25.47754775477548,13.325342531033183,100357.57755097584
25.482548254825485,13.32633134979922,100355.49026609986
25.48754875487549,13.327319842225558,100356.90417739835
25.492549254925493,13.32830800369585,100362.76688848574
25.4975497549755,13.329295829595827,100364.80995360819
25.502550255025504,13.330283315313313,100363.3295556662
25.50755075507551,13.331270456238256,100365.83883432508
25.512551255125512,13.332257247762762,100364.27520218233
25.517551755175518,13.333243685281126,100367.51196509789
25.522552255225524,13.334229764189848,100369.55465602058
25.52755275527553,13.335215479887674,100358.87261735802
25.532553255325535,13.336200827775622,100365.70030617059
25.537553755375537,13.337185803257004,100361.2943722113
25.542554255425543,13.338170401737461,100361.68981860518
25.54755475547555,13.339154618624999,100368.63440440633
25.552555255525554,13.34013844933,100359.84416580574
25.55755575557556,13.341121889265263,100363.6995944119
25.562556255625562,13.34210493384603,100370.82051379964
25.567556755675568,13.343087578490017,100354.1657855396
25.572557255725574,13.344069818617434,100358.48278910294
25.57755775577558,13.345051649651028,100359.4143762231
25.582558255825585,13.346033067016096,100364.46104147566
25.587558755875587,13.34701406614052,100355.88279917225
25.592559255925593,13.34799464245481,100349.81796305969
25.5975597559756,13.3489747913921,100354.38273106232
25.602560256025605,13.34995450838821,100365.27783718583
25.60756075607561,13.350933788881653,100365.98673333105
25.612561256125613,13.351912628313674,100359.30718056182
25.61756175617562,13.35289102212827,100351.6275793511
25.622562256225624,13.353868965772236,100351.15580502024
25.62756275627563,13.354846454695169,100362.24424570343
25.632563256325636,13.355823484349509,100356.91946484661
25.637563756375638,13.356800050190571,100356.23602252864
25.642564256425644,13.357776147676574,100361.74383030453
25.64756475647565,13.358751772268654,100354.63108468143
25.652565256525655,13.359726919430914,100358.13385111977
25.657565756575657,13.360701584630434,100354.78635780432
25.662566256625663,13.361675763337306,100355.09159740288
25.66756675667567,13.36264945102467,100346.3714878085
25.672567256725674,13.36362264316873,100349.46572195535
25.67756775677568,13.364595335248794,100358.54003898318
25.682568256825682,13.365567522747284,100352.84053874984
25.687568756875688,13.36653920114979,100349.3347324796
25.692569256925694,13.367510365945076,100355.32838803418
25.6975697569757,13.36848101262512,100356.2811675587
25.702570257025705,13.369451136685138,100364.90609705377
25.707570757075707,13.370420733623613,100356.3751153752
25.712571257125713,13.371389798942321,100354.11413446577
25.71757175717572,13.372358328146365,100355.44875063562
25.722572257225725,13.373326316744201,100350.39388925044
25.72757275727573,13.374293760247657,100355.96886925689
25.732573257325733,13.37526065417197,100351.98453235476
25.73757375737574,13.376226994035823,100359.03557317097
25.742574257425744,13.377192775361351,100346.83348844286
25.74757475747575,13.378157993674185,100356.03039096098
25.752575257525756,13.379122644503475,100351.3274297928
25.757575757575758,13.380086723381918,100350.41723903795
25.762576257625764,13.381050225845785,100349.95873749033
25.76757675767577,13.382013147434957,100351.95316386329
25.772577257725775,13.382975483692936,100358.25150027373
25.777577757775777,13.383937230166895,100347.68983445631
25.782578257825783,13.384898382407682,100346.53567376823
25.78757875787579,13.385858935969866,100347.56794488503
25.792579257925794,13.386818886411758,100353.59900799395
25.7975797579758,13.38777822929544,100352.1266512242
25.802580258025802,13.388736960186787,100345.84337269017
25.807580758075808,13.389695074655508,100348.77162067463
25.812581258125814,13.390652568275161,100353.16389775185
25.81758175817582,13.391609436623181,100350.80135874712
25.822582258225825,13.392565675280917,100347.796725955
25.827582758275828,13.393521279833655,100350.97120575505
25.832583258325833,13.394476245870642,100352.24498016496
25.83758375837584,13.395430568985116,100351.609756296
25.842584258425845,13.396384244774339,100352.1507085501
25.84758475847585,13.397337268839614,100345.78805838089
25.852585258525853,13.398289636786318,100341.98825971018
25.85758575857586,13.399241344223935,100353.253283472
25.862586258625864,13.400192386766076,100354.09934674021
25.86758675867587,13.401142760030503,100336.79319667188
25.872587258725876,13.402092459639169,100349.84209548438
25.877587758775878,13.403041481218235,100350.65709892241
25.882588258825884,13.4039898203981,100352.29049895519
25.88758875887589,13.40493747281343,100351.87063669125
25.892589258925895,13.405884434103184,100351.62380901657
25.897589758975897,13.406830699910639,100344.16758837899
25.902590259025903,13.407776265883426,100344.21521194356
25.90759075907591,13.408721127673545,100344.22131769723
25.912591259125914,13.4096652809374,100345.29784285591
25.91759175917592,13.41060872133582,100350.01951553774
25.922592259225922,13.411551444534098,100349.70891926202
25.927592759275928,13.412493446202005,100355.76533676045
25.932593259325934,13.413434722013825,100351.9810675298
25.93759375937594,13.41437526764838,100346.60729575098
25.942594259425945,13.415315078789053,100348.75629838061
25.947594759475948,13.416254151123818,100345.59663682937
25.952595259525953,13.417192480345273,100352.31621950427
25.95759575957596,13.418130062150661,100348.86853075417
25.962596259625965,13.419066892241888,100346.62787052129
25.96759675967597,13.42000296632557,100345.875641256
25.972597259725973,13.420938280113047,100348.89054667912
25.97759775977598,13.421872829320403,100356.97943666886
25.982598259825984,13.422806609668516,100330.81939483868
25.98759875987599,13.423739616883056,100352.56797900968
25.992599259925996,13.424671846694535,100340.35776205627
25.997599759975998,13.425603294838323,100350.93233859674
26.002600260026004,13.426533957054675,100352.51502822145
26.00760076007601,13.42746382908876,100351.11661215397
26.012601260126015,13.428392906690684,100345.35630187413
26.017601760176017,13.429321185615526,100346.65872239954
26.022602260226023,13.430248661623349,100346.12620589833
26.02760276027603,13.431175330479242,100339.75445489328
26.032603260326034,13.432101187953336,100346.10032978258
26.03760376037604,13.433026229820838,100339.44650907638
26.042604260426042,13.433950451862044,100342.48357583926
26.047604760476048,13.43487384986239,100340.81688816035
26.052605260526054,13.43579641961245,100341.20360461158
26.05760576057606,13.436718156907984,100349.00217953566
26.062606260626065,13.437639057549951,100345.29953008256
26.067606760676068,13.438559117344541,100353.74971130928
26.072607260726073,13.439478332103201,100344.70780075864
26.07760776077608,13.440396697642662,100333.31933031345
26.082608260826085,13.441314209784961,100347.12825568444
26.08760876087609,13.442230864357471,100347.15025855436
26.092609260926093,13.443146657192928,100346.67803070147
26.0976097609761,13.444061584129452,100342.25417116602
26.102610261026104,13.444975641010574,100344.92531474243
26.10761076107611,13.445888823685271,100337.88327605679
26.112611261126116,13.446801128007978,100335.97366052703
26.117611761176118,13.447712549838624,100341.97323994855
26.122612261226124,13.448623085042653,100343.41955950606
26.12761276127613,13.449532729491056,100337.36443865045
26.132613261326135,13.450441479060387,100349.86300561909
26.137613761376137,13.451349329632793,100346.24953665472
26.142614261426143,13.45225627709605,100336.06025909938
26.14761476147615,13.453162317343567,100336.70924602193
26.152615261526154,13.454067446274436,100334.45928927626
26.15761576157616,13.45497165979344,100341.86900165598
26.162616261626162,13.455874953811081,100338.3844759843
26.167616761676168,13.456777324243616,100337.80792985097
26.172617261726174,13.457678767013073,100344.10757298244
26.17761776177618,13.458579278047278,100343.47690750158
26.182618261826185,13.459478853279883,100332.76616510203
26.187618761876188,13.460377488650387,100337.20103211475
26.192619261926193,13.461275180104169,100348.99037186637
26.1976197619762,13.462171923592503,100345.23687250791
26.202620262026205,13.463067715072595,100333.96215721723
26.20762076207621,13.463962550507599,100332.82190653571
26.212621262126213,13.464856425866643,100330.04296455932
26.21762176217622,13.465749337124862,100343.70595399302
26.222622262226224,13.466641280263417,100339.90316225526
26.22762276227623,13.467532251269514,100339.32778137205
26.232623262326236,13.468422246136445,100343.66505103014
26.237623762376238,13.469311260863599,100327.44534826312
26.242624262426244,13.470199291456494,100338.49479715485
26.24762476247625,13.4710863339268,100337.58419693258
26.252625262526255,13.471972384292362,100339.20689527938
26.257625762576257,13.472857438577229,100352.6853813198
26.262626262626263,13.473741492811678,100335.71750292277
26.26762676267627,13.474624543032235,100332.54911702796
26.272627262726274,13.4755065852817,100342.47093212981
26.27762776277628,13.47638761560918,100335.90638015815
26.282628262826282,13.477267630070106,100337.81729056161
26.287628762876288,13.478146624726255,100341.6239533318
26.292629262926294,13.479024595645782,100331.56344910579
26.2976297629763,13.479901538903247,100335.39540674309
26.302630263026305,13.480777450579625,100332.03192651324
26.307630763076308,13.481652326762346,100341.49038389548
26.312631263126313,13.482526163545309,100331.29614323558
26.31763176317632,13.483398957028914,100330.32944922821
26.322632263226325,13.48427070332008,100340.85236140629
26.32763276327633,13.485141398532276,100339.8338573024
26.332633263326333,13.486011038785536,100328.15201622836
26.33763376337634,13.486879620206496,100330.14490804235
26.342634263426344,13.487747138928404,100334.4048338141
26.34763476347635,13.488613591091157,100331.6866956226
26.352635263526356,13.489478972841312,100344.02845099782
26.357635763576358,13.490343280332127,100329.86234964234
26.362636263626364,13.491206509723568,100328.84935537977
26.36763676367637,13.492068657182344,100333.07410671987
26.372637263726375,13.492929718881925,100341.12699458381
26.377637763776377,13.49378969100257,100331.97457101842
26.382638263826383,13.49464856973135,100329.8383031268
26.38763876387639,13.49550635126217,100336.33218523156
26.392639263926394,13.496363031795793,100336.91514184022
26.3976397639764,13.497218607539866,100327.21773728293
26.402640264026402,13.498073074708941,100332.07265356985
26.407640764076408,13.498926429524502,100333.52004468787
26.412641264126414,13.499778668214985,100328.99122837586
26.41764176417642,13.500629787015802,100323.78089275825
26.422642264226425,13.501479782169369,100332.92420608675
26.427642764276428,13.502328649925124,100332.00810000689
26.432643264326433,13.503176386539552,100337.17294479096
26.43764376437644,13.504022988276214,100332.50202480606
26.442644264426445,13.504868451405757,100336.34578213541
26.44764476447645,13.505712772205952,100330.60490814976
26.452645264526453,13.506555946961708,100333.68378308207
26.45764576457646,13.5073979719651,100328.70290792437
26.462646264626464,13.508238843515391,100328.653005696
26.46764676467647,13.509078557919056,100329.51649366312
26.472647264726476,13.509917111489795,100337.35260131181
26.477647764776478,13.51075450054857,100332.74477656916
26.482648264826484,13.51159072142363,100329.8038616319
26.48764876487649,13.512425770450518,100327.27656018615
26.492649264926495,13.513259643972098,100331.85077757349
26.497649764976497,13.514092338338596,100334.0992968729
26.502650265026503,13.5149238499076,100332.98714192802
26.50765076507651,13.51575417504409,100334.01402864052
26.512651265126514,13.516583310120474,100329.57152546861
26.51765176517652,13.517411251516586,100332.81018840185
26.522652265226522,13.518237995619728,100331.38116091788
26.527652765276528,13.519063538824689,100329.98907473266
26.532653265326534,13.519887877533764,100326.01179721631
26.53765376537654,13.520711008156772,100318.22953728742
26.542654265426545,13.521532927111089,100330.10585688044
26.547654765476548,13.522353630821668,100325.9497959655
26.552655265526553,13.52317311572105,100332.94632041389
26.55765576557656,13.523991378249407,100329.89104501602
26.562656265626565,13.524808414854544,100328.13900941925
26.56765676567657,13.525624221991928,100325.57677952519
26.572657265726573,13.526438796124715,100328.20714130967
26.57765776577658,13.527252133723776,100329.97535315741
26.582658265826584,13.528064231267697,100339.89447062323
26.58765876587659,13.528875085242829,100337.19879486543
26.592659265926596,13.52968469214329,100323.55110310487
26.597659765976598,13.530493048470994,100323.53336469177
26.602660266026604,13.531300150735674,100331.79113858886
26.60766076607661,13.532105995454906,100318.8864671072
26.612661266126615,13.53291057915412,100335.27982696833
26.617661766176617,13.533713898366631,100326.72493069153
26.622662266226623,13.534515949633667,100325.32967206305
26.62766276627663,13.535316729504371,100323.10634193652
26.632663266326634,13.536116234535836,100331.015951385
26.63766376637664,13.536914461293133,100332.20366106741
26.642664266426642,13.537711406349313,100325.10903699987
26.647664766476648,13.538507066285444,100336.6805547977
26.652665266526654,13.539301437690629,100322.7358488933
26.65766576657666,13.540094517162023,100317.96460432334
26.662666266626665,13.54088630130486,100320.54282445028
26.667666766676668,13.541676786732467,100329.44985885153
26.672667266726673,13.542465970066294,100326.22451481558
26.67766776677668,13.543253847935928,100325.12875591363
26.682668266826685,13.54404041697912,100328.2736530386
26.68766876687669,13.544825673841801,100325.0958438267
26.692669266926693,13.545609615178103,100319.90521785758
26.6976697669767,13.54639223765038,100325.26184052674
26.702670267026704,13.54717353792924,100334.99829697183
26.70767076707671,13.547953512693546,100323.60775331098
26.712671267126716,13.548732158630454,100321.44188314682
26.717671767176718,13.549509472435421,100325.43541252316
26.722672267226724,13.550285450812236,100326.36847005022
26.72767276727673,13.551060090473033,100320.88480978855
26.732673267326735,13.55183338813832,100330.77381192226
26.737673767376737,13.552605340536985,100327.11831021844
26.742674267426743,13.553375944406337,100326.81791200703
26.74767476747675,13.554145196492104,100320.18298883324
26.752675267526755,13.554913093548473,100334.06183519488
26.75767576757676,13.555679632338094,100330.95689761962
26.762676267626762,13.556444809632115,100327.95146621001
26.767676767676768,13.557208622210192,100333.14041568807
26.772677267726774,13.557971066860507,100324.87416856315
26.77767776777678,13.558732140379805,100332.65524746597
26.782678267826785,13.559491839573392,100329.09077857602
26.787678767876788,13.560250161255167,100326.39754262185
26.792679267926793,13.561007102247647,100327.74183974379
26.7976797679768,13.561762659381971,100322.43667967441
26.802680268026805,13.562516829497934,100327.72793366436
26.80768076807681,13.563269609444001,100321.56048009977
26.812681268126813,13.564020996077325,100332.21161766708
26.81768176817682,13.564770986263774,100319.67154335388
26.822682268226824,13.565519576877936,100324.10101924468
26.82768276827683,13.566266764803162,100322.13054054597
26.832683268326836,13.567012546931556,100318.2110772491
26.837683768376838,13.567756920164024,100326.76209220626
26.842684268426844,13.568499881410272,100325.31023652322
26.84768476847685,13.569241427588832,100316.01886638987
26.852685268526855,13.569981555627082,100333.43390827907
26.857685768576857,13.570720262461272,100324.19473662824
26.862686268626863,13.571457545036527,100320.74046576339
26.86768676867687,13.572193400306883,100314.12620888451
26.872687268726875,13.572927825235292,100323.00868753642
26.87768776877688,13.573660816793652,100316.70840909542
26.882688268826882,13.574392371962817,100323.68529235992
26.887688768876888,13.57512248773263,100321.40393144368
26.892689268926894,13.575851161101918,100315.53721516424
26.8976897689769,13.576578389078534,100330.14068127186
26.902690269026905,13.577304168679365,100315.72476588144
26.907690769076908,13.578028496930353,100321.41421014367
26.912691269126913,13.578751370866506,100314.2068699393
26.91769176917692,13.579472787531936,100318.86882986529
26.922692269226925,13.580192743979852,100320.29042227179
26.92769276927693,13.580911237272597,100326.93936284349
26.932693269326933,13.581628264481662,100321.93945029544
26.93769376937694,13.5823438226877,100316.0777863878
26.942694269426944,13.583057908980546,100315.43820267012
26.94769476947695,13.583770520459241,100317.954688711
26.952695269526956,13.584481654232043,100326.35157831306
26.957695769576958,13.585191307416444,100320.57512541543
26.962696269626964,13.585899477139199,100326.06732780219
26.96769676967697,13.586606160536329,100318.117328051
26.972697269726975,13.587311354753151,100320.63198232194
26.977697769776977,13.588015056944288,100316.35773226831
26.982698269826983,13.588717264273695,100316.21628701994
26.98769876987699,13.589417973914665,100317.82430103087
26.992699269926995,13.59011718304986,100316.65297085521
26.997699769977,13.59081488887132,100318.58587899197
27.002700270027002,13.591511088580479,100316.82868472803
27.007700770077008,13.592205779388186,100324.38817566124
27.012701270127014,13.592898958514732,100323.52933969557
27.01770177017702,13.593590623189849,100324.29806746535
27.022702270227025,13.594280770652734,100320.93981362933
27.027702770277028,13.594969398152077,100317.51867987518
27.032703270327033,13.595656502946065,100318.91373816112
27.03770377037704,13.596342082302403,100312.18629511097
27.042704270427045,13.597026133498336,100324.22905788828
27.04770477047705,13.597708653820655,100317.67679215818
27.052705270527053,13.598389640565726,100324.15580808833
27.05770577057706,13.599069091039503,100326.15841037221
27.062706270627064,13.599747002557542,100313.37303239899
27.06770677067707,13.600423372445016,100317.0798696001
27.072707270727076,13.601098198036736,100319.78024440102
27.077707770777078,13.601771476677174,100304.94906759242
27.082708270827084,13.602443205720462,100323.1375365816
27.08770877087709,13.60311338253043,100315.55839564974
27.092709270927095,13.603782004480598,100323.16228958427
27.097709770977097,13.604449068954219,100318.59695136036
27.102710271027103,13.605114573344272,100325.1519892154
27.10771077107711,13.605778515053496,100316.93815140413
27.112711271127115,13.606440891494392,100329.65734943746
27.11771177117712,13.607101700089252,100319.162250774
27.122712271227122,13.607760938270168,100318.32797272655
27.127712771277128,13.608418603479045,100323.77697081865
27.132713271327134,13.60907469316762,100319.88149090343
27.13771377137714,13.609729204797489,100319.81438106038
27.142714271427145,13.610382135840103,100333.83174834188
27.147714771477148,13.611033483776795,100316.21934629467
27.152715271527153,13.611683246098801,100324.95198598586
27.15771577157716,13.61233142030726,100311.06475808952
27.162716271627165,13.612978003913245,100320.38924792483
27.16771677167717,13.613622994437769,100314.42980426279
27.172717271727173,13.614266389411808,100321.20081686976
27.17771777177718,13.614908186376304,100324.25489880331
27.182718271827184,13.615548382882197,100321.01490134872
27.18771877187719,13.61618697649043,100313.89385840604
27.192719271927196,13.616823964771964,100311.52436078494
27.197719771977198,13.617459345307791,100311.01374993511
27.202720272027204,13.618093115688966,100314.96364020467
27.20772077207721,13.618725273516596,100316.53482721119
27.212721272127215,13.619355816401878,100312.90720052333
27.217721772177217,13.6199847419661,100316.30238054317
27.222722272227223,13.620612047840659,100322.79952114016
27.22772277227723,13.62123773166708,100319.11195718758
27.232723272327235,13.621861791097027,100317.1545271037
27.23772377237724,13.62248422379232,100308.84604646548
27.242724272427242,13.623105027424945,100321.1423584842
27.247724772477248,13.623724199677074,100322.73093678964
27.252725272527254,13.624341738241077,100312.23326222422
27.25772577257726,13.624957640819533,100316.21561486722
27.262726272627265,13.625571905125254,100311.08269614186
27.267726772677268,13.626184528881288,100316.98517477085
27.272727272727273,13.626795509820942,100318.93768686848
27.27772777277728,13.627404845687792,100315.35573151743
27.282728272827285,13.628012534235697,100312.53241648943
27.28772877287729,13.628618573228811,100325.99025733728
27.292729272927293,13.629222960441606,100317.20267830521
27.2977297729773,13.629825693658875,100319.46905396457
27.302730273027304,13.630426770675749,100318.55300850523
27.30773077307731,13.631026189297721,100313.74523033922
27.312731273127316,13.63162394734064,100308.72523497052
27.317731773177318,13.632220042630744,100318.72960549194
27.322732273227324,13.632814473004663,100317.29007690505
27.32773277327733,13.63340723630943,100311.36764385451
27.332733273327335,13.633998330402505,100335.59462418723
27.337733773377337,13.634587753151783,100313.80217715458
27.342734273427343,13.635175502435603,100322.24998983183
27.34773477347735,13.635761576142768,100310.82178017695
27.352735273527355,13.636345972172553,100321.16861199314
27.35773577357736,13.636928688434722,100318.87863699892
27.362736273627362,13.63750972284954,100307.22253147309
27.36773677367737,13.638089073347789,100311.67651109985
27.372737273727374,13.638666737870771,100319.40668617505
27.37773777377738,13.639242714370331,100309.68179985997
27.382738273827385,13.639817000808863,100314.38298582577
27.387738773877388,13.640389595159332,100312.81238871938
27.392739273927393,13.640960495405277,100317.18770461757
27.3977397739774,13.641529699540827,100320.28083557733
27.402740274027405,13.642097205570716,100325.01700517868
27.40774077407741,13.64266301151029,100313.84510368283
27.412741274127413,13.643227115385521,100313.20062982003
27.41774177417742,13.643789515233031,100316.10105806049
27.422742274227424,13.644350209100086,100316.0567863198
27.42774277427743,13.644909195044614,100323.31297162113
27.432743274327436,13.645466471135228,100323.26220249872
27.437743774377438,13.646022035451224,100313.92468457829
27.442744274427444,13.646575886082601,100319.1366053118
27.44774477447745,13.64712802113007,100321.7591227191
27.452745274527455,13.647678438705066,100312.47270857441
27.457745774577457,13.64822713692976,100309.90503207449
27.462746274627463,13.648774113937074,100306.33040636462
27.46774677467747,13.649319367870687,100313.09994377612
27.472747274727475,13.64986289688505,100315.94459384005
27.47774777477748,13.650404699145394,100306.39014488505
27.482748274827483,13.650944772827753,100311.24153260101
27.48774877487749,13.651483116118955,100312.52804633325
27.492749274927494,13.652019727216658,100319.43425429171
27.4977497749775,13.652554604329335,100313.25854072013
27.502750275027505,13.65308774567631,100311.20446848054
27.507750775077508,13.653619149487747,100326.19561966966
27.512751275127513,13.654148814004685,100313.2865364861
27.51775177517752,13.654676737479022,100316.52451470538
27.522752275227525,13.65520291817355,100319.15320131855
27.52775277527753,13.65572735436195,100306.07396320018
27.532753275327533,13.65625004432881,100315.42932575016
27.53775377537754,13.656770986369635,100317.14784747071
27.542754275427544,13.657290178790854,100319.7834636867
27.54775477547755,13.657807619909837,100312.06809062058
27.552755275527556,13.658323308054896,100320.05987920096
27.557755775577558,13.65883724156531,100318.63027038537
27.562756275627564,13.65934941879132,100324.17359370712
27.56775677567757,13.659859838094144,100318.51328842876
27.572757275727575,13.660368497846001,100321.59254389175
27.577757775777577,13.660875396430093,100314.48352939151
27.582758275827583,13.661380532240644,100311.70813724407
27.58775877587759,13.661883903682892,100316.2469273625
27.592759275927595,13.662385509173108,100309.81713464834
27.5977597759776,13.662885347138598,100312.58115549662
27.602760276027603,13.66338341601772,100310.24535040098
27.60776077607761,13.66387971425989,100309.10654589909
27.612761276127614,13.664374240325595,100316.0983699298
27.61776177617762,13.664866992686397,100314.65754968584
27.622762276227625,13.665357969824948,100321.02228723901
27.627762776277628,13.665847170234995,100319.16773668645
27.632763276327633,13.666334592421396,100318.50573486507
27.63776377637764,13.666820234900122,100321.05130338338
27.642764276427645,13.667304096198267,100313.8670028453
27.64776477647765,13.667786174854067,100307.18394014412
27.652765276527653,13.668266469416896,100317.7007151514
27.65776577657766,13.668744978447279,100313.63027726885
27.662766276627664,13.669221700516909,100307.76634814324
27.66776677667767,13.669696634208647,100313.97075354765
27.672767276727676,13.670169778116533,100316.58433267336
27.677767776777678,13.670641130845791,100313.22439517449
27.682768276827684,13.671110691012855,100321.26359075775
27.68776877687769,13.67157845724535,100313.38417358024
27.692769276927695,13.672044428182122,100319.50121960038
27.697769776977697,13.672508602473245,100306.4467009281
27.702770277027703,13.672970978780015,100314.52942269355
27.70777077707771,13.673431555774968,100320.60112098549
27.712771277127715,13.6738903321419,100315.63824347005
27.71777177717772,13.674347306575848,100315.24762093107
27.722772277227723,13.674802477783121,100309.96520922914
27.72777277727773,13.675255844481303,100317.27033892192
27.732773277327734,13.675707405399253,100317.0245866708
27.73777377737774,13.676157159277116,100315.65663380164
27.742774277427745,13.676605104866345,100314.69461393077
27.747774777477748,13.677051240929684,100312.14683937172
27.752775277527753,13.677495566241197,100305.07885014582
27.75777577757776,13.67793807958626,100312.99660367293
27.762776277627765,13.678378779761589,100312.7960706472
27.76777677767777,13.678817665575218,100314.82924501214
27.772777277727773,13.67925473584654,100306.18970142408
27.77777777777778,13.679689989406283,100316.11959127332
27.782778277827784,13.680123425096538,100318.29024401949
27.78777877787779,13.68055504177076,100317.95679976279
27.792779277927796,13.680984838293774,100314.97333959719
27.797779777977798,13.681412813541787,100316.00250418829
27.802780278027804,13.681838966402385,100316.37182238227
27.80778077807781,13.68226329577455,100306.0457853833
27.812781278127815,13.682685800568663,100321.24686613934
27.817781778177817,13.68310647970651,100302.05587207923
27.822782278227823,13.683525332121288,100308.15548092223
27.82778277827783,13.683942356757619,100313.53660630499
27.832783278327835,13.684357552571543,100319.2253876872
27.83778377837784,13.684770918530539,100311.87458185297
27.842784278427843,13.685182453613521,100314.61182924428
27.84778477847785,13.68559215681085,100315.72956998493
27.852785278527854,13.68600002712434,100317.10538656366
27.85778577857786,13.686406063567258,100301.27766504556
27.862786278627865,13.68681026516434,100309.56748294931
27.867786778677868,13.68721263095179,100315.95891070041
27.872787278727873,13.687613159977285,100305.77374848443
27.87778777877788,13.688011851299994,100302.8124269365
27.882788278827885,13.688408703990559,100312.28143541056
27.88778877887789,13.68880371713113,100315.94507818372
27.892789278927893,13.689196889815344,100326.7695805921
27.8977897789779,13.689588221148357,100312.9890616616
27.902790279027904,13.689977710246826,100309.45060740164
27.90779077907791,13.690365356238923,100316.50971751024
27.912791279127916,13.690751158264348,100313.74253877689
27.917791779177918,13.691135115474324,100316.9105487104
27.922792279227924,13.691517227031609,100316.20265847532
27.92779277927793,13.691897492110497,100320.03899069226
27.932793279327935,13.692275909896825,100311.98491658125
27.937793779377937,13.692652479587979,100319.03646646682
27.942794279427943,13.693027200392892,100318.68193076712
27.94779477947795,13.693400071532068,100317.09376399081
27.952795279527955,13.69377109223756,100312.8709658039
27.95779577957796,13.694140261752993,100314.3611165769
27.962796279627963,13.69450757933357,100315.01515350063
27.96779677967797,13.694873044246062,100317.36883060454
27.972797279727974,13.695236655768825,100315.30144291719
27.97779777977798,13.695598413191806,100312.97740164048
27.982798279827986,13.695958315816537,100315.12407356182
27.987798779877988,13.696316362956141,100319.17997292646
27.992799279927993,13.69667255393535,100318.97246259497
27.997799779978,13.697026888090495,100316.91497906977
28.002800280028005,13.69737936476951,100311.18006365368
28.00780078007801,13.697729983331945,100322.68025211933
28.012801280128013,13.698078743148965,100316.63633911833
28.01780178017802,13.698425643603354,100318.6427205195
28.022802280228024,13.698770684089522,100329.49676004941
28.02780278027803,13.699113864013505,100306.20086569409
28.032803280328036,13.699455182792963,100309.27455281575
28.037803780378038,13.699794639857197,100310.25548232351
28.042804280428044,13.70013223464715,100314.23249025292
28.04780478047805,13.700467966615395,100313.41470413876
28.052805280528055,13.700801835226164,100314.92467108613
28.057805780578057,13.701133839955325,100319.0725983843
28.062806280628063,13.701463980290406,100305.92999411798
28.06780678067807,13.70179225573058,100312.86136167764
28.072807280728075,13.702118665786688,100312.50691118807
28.07780778077808,13.702443209981231,100318.4601490139
28.082808280828083,13.702765887848365,100313.90346717362
28.08780878087809,13.703086698933925,100324.00609415815
28.092809280928094,13.703405642795406,100307.93891357559
28.0978097809781,13.70372271900198,100317.26235257846
28.102810281028106,13.704037927134495,100317.26714101064
28.107810781078108,13.704351266785473,100320.59475275972
28.112811281128113,13.704662737559119,100314.13535746228
28.11781178117812,13.70497233907132,100316.55218527224
28.122812281228125,13.705280070949652,100322.42586044279
28.12781278127813,13.705585932833369,100308.61133950014
28.132813281328133,13.705889924373425,100311.21888001141
28.13781378137814,13.706192045232461,100314.53371931717
28.142814281428144,13.706492295084812,100321.44140956571
28.14781478147815,13.706790673616512,100310.26782455064
28.152815281528156,13.70708718052529,100315.52375079351
28.157815781578158,13.707381815520577,100319.70799051861
28.162816281628164,13.707674578323502,100314.49132027927
28.16781678167817,13.707965468666904,100311.27299611113
28.172817281728175,13.70825448629532,100310.97274512614
28.17781778177818,13.708541630965003,100310.30110914064
28.182818281828183,13.708826902443905,100305.55665870153
28.18781878187819,13.709110300511691,100321.84800416212
28.192819281928195,13.709391824959736,100310.86752841646
28.1978197819782,13.709671475591136,100309.88792305956
28.202820282028203,13.709949252220687,100318.02851740543
28.20782078207821,13.710225154674912,100317.24220024367
28.212821282128214,13.710499182792041,100308.07528865592
28.21782178217822,13.710771336422027,100311.24603286509
28.222822282228226,13.711041615426536,100319.74295455961
28.227822782278228,13.711310019678958,100308.10416204117
28.232823282328233,13.711576549064397,100318.36132432842
28.23782378237824,13.71184120347968,100313.81753234293
28.242824282428245,13.712103982833359,100312.79689368105
28.24782478247825,13.7123648870457,100313.02753420317
28.252825282528253,13.712623916048694,100319.47765930677
28.25782578257826,13.712881069786057,100313.45588389889
28.262826282628264,13.713136348213224,100322.79211456265
28.26782678267827,13.713389751297354,100322.02705706225
28.272827282728276,13.713641279017331,100311.76250501844
28.277827782778278,13.713890931363762,100323.7643887355
28.282828282828284,13.714138708338975,100317.91691617106
28.28782878287829,13.714384609957023,100312.24840607219
28.292829282928295,13.714628636243681,100316.80392755095
28.2978297829783,13.714870787236451,100319.07073620724
28.302830283028303,13.715111062984557,100322.06645376238
28.30783078307831,13.71534946354894,100318.04842659409
28.312831283128315,13.715585989002268,100310.10024040677
28.31783178317832,13.715820639428928,100308.13827456596
28.322832283228323,13.716053414925037,100319.38371445218
28.32783278327833,13.71628431559842,100313.14097395257
28.332833283328334,13.71651334156863,100316.59475482185
28.33783378337834,13.71674049296694,100314.36530991769
28.342834283428346,13.716965769936333,100312.42649444132
28.347834783478348,13.717189172631516,100312.43877985056
28.352835283528353,13.717410701218915,100310.83835966303
28.35783578357836,13.717630355876667,100312.67071410405
28.362836283628365,13.717848136794622,100315.64708671875
28.36783678367837,13.718064044174348,100316.34718945382
28.372837283728373,13.718278078229122,100316.39377082576
28.37783778377838,13.718490239183934,100314.9691147586
28.382838283828384,13.718700527275479,100308.93300301353
28.38783878387839,13.718908942752163,100313.91217727087
28.392839283928396,13.719115485874099,100323.19076152176
28.397839783978398,13.719320156913101,100313.34341138264
28.402840284028404,13.719522956152689,100319.32032137441
28.40784078407841,13.719723883888083,100304.79846413933
28.412841284128415,13.719922940426198,100320.57336435093
28.41784178417842,13.720120126085657,100316.87257464741
28.422842284228423,13.720315441196767,100319.02488421451
28.42784278427843,13.720508886101538,100320.1484641042
28.432843284328435,13.72070046115366,100316.94868217348
28.43784378437844,13.720890166718522,100312.05352723954
28.442844284428443,13.721078003173195,100316.0172806346
28.44784478447845,13.721263970906435,100328.98661252111
28.452845284528454,13.721448070318678,100317.83498717422
28.45784578457846,13.721630301822044,100313.4557972051
28.462846284628466,13.721810665840326,100315.25056262163
28.467846784678468,13.721989162808992,100316.87586381214
28.472847284728473,13.72216579317518,100315.44139965819
28.47784778477848,13.722340557397699,100325.66410188
28.482848284828485,13.722513455947023,100317.33459333949
28.48784878487849,13.722684489305287,100322.82145283763
28.492849284928493,13.72285365796629,100319.84807846935
28.4978497849785,13.723020962435484,100316.26118518059
28.502850285028504,13.723186403229974,100318.82292777908
28.50785078507851,13.723349980878517,100308.37120502887
28.512851285128516,13.72351169592152,100311.10729887441
28.517851785178518,13.723671548911025,100320.18147923595
28.522852285228524,13.723829540410723,100317.30410339062
28.52785278527853,13.723985670995939,100314.4302009357
28.532853285328535,13.724139941253627,100325.3402460368
28.53785378537854,13.724292351782376,100316.77996654944
28.542854285428543,13.724442903192397,100317.28890480293
28.54785478547855,13.724591596105524,100310.16460923012
28.552855285528555,13.72473843115521,100312.70824088308
28.55785578557856,13.724883408986521,100319.0860684951
28.562856285628563,13.725026530256132,100316.78428454102
28.56785678567857,13.725167795632323,100314.51729567001
28.572857285728574,13.72530720579498,100323.65207507215
28.57785778577858,13.72544476143558,100314.7320662101
28.582858285828586,13.725580463257204,100314.01510487673
28.587858785878588,13.725714311974508,100322.08172872197
28.592859285928593,13.725846308313741,100320.52668901607
28.5978597859786,13.725976453012727,100321.6929184938
28.602860286028605,13.72610474682087,100324.86313881427
28.60786078607861,13.72623119049914,100306.56395372191
28.612861286128613,13.726355784820075,100315.88235243966
28.61786178617862,13.726478530567777,100316.33881985038
28.622862286228624,13.726599428537893,100328.87172638469
28.62786278627863,13.726718479537631,100314.99797088305
28.632863286328636,13.726835684385744,100324.23337584612
28.637863786378638,13.726951043912523,100316.23080260231
28.642864286428644,13.72706455895979,100316.36417245166
28.64786478647865,13.72717623038091,100317.77696071472
28.652865286528655,13.727286059040763,100327.56255570227
28.65786578657866,13.727394045815748,100310.88595118593
28.662866286628663,13.72750019159378,100328.36278548605
28.66786678667867,13.72760449727429,100313.55889427687
28.672867286728675,13.727706963768199,100311.45851655016
28.67786778677868,13.727807591997937,100317.08705304899
28.682868286828683,13.727906382897418,100315.64470985811
28.68786878687869,13.728003337412042,100323.15686821326
28.692869286928694,13.728098456498692,100314.31835741666
28.6978697869787,13.728191741125723,100312.63092712575
28.702870287028706,13.728283192272956,100314.11571429357
28.707870787078708,13.72837281093168,100320.89503681634
28.712871287128714,13.72846059810463,100313.6382300825
28.71787178717872,13.728546554805998,100319.03060365873
28.722872287228725,13.72863068206141,100319.60449996083
28.72787278727873,13.728712980907943,100317.77462703809
28.732873287328733,13.728793452394084,100318.22215480269
28.73787378737874,13.728872097579764,100322.24008553622
28.742874287428744,13.728948917536314,100313.1830466594
28.74787478747875,13.729023913346483,100319.74578393466
28.752875287528756,13.72909708610442,100312.443157992
28.757875787578758,13.729168436915677,100327.07000284581
28.762876287628764,13.729237966897188,100319.35095583033
28.76787678767877,13.729305677177267,100316.70141631611
28.772877287728775,13.729371568895617,100313.45485877065
28.77787778777878,13.729435643203296,100322.39264673216
28.782878287828783,13.729497901262725,100320.31705909621
28.78787878787879,13.729558344247687,100320.81298650996
28.792879287928795,13.729616973343305,100320.483305746
28.7978797879788,13.729673789746037,100314.07218755971
28.802880288028803,13.729728794663686,100315.58612552038
28.80788078807881,13.729781989315363,100325.61715520953
28.812881288128814,13.72983337493151,100325.63389285385
28.81788178817882,13.729882952753862,100316.8336101214
28.822882288228826,13.729930724035471,100318.20066425759
28.827882788278828,13.729976690040672,100325.52342338463
28.832883288328834,13.73002085204509,100322.51804113552
28.83788378837884,13.730063211335626,100316.19303325748
28.842884288428845,13.730103769210446,100325.19821449865
28.84788478847885,13.730142526978982,100318.68992876537
28.852885288528853,13.730179485961921,100318.2916873618
28.85788578857886,13.730214647491186,100331.00550503851
28.862886288628864,13.730248012909946,100322.78834114304
28.86788678867887,13.730279583572594,100318.10935804677
28.872887288728876,13.730309360844739,100322.88560821493
28.877887788778878,13.730337346103203,100331.1346305592
28.882888288828884,13.730363540736015,100319.27771906453
28.88788878887889,13.730387946142391,100320.58692103357
28.892889288928895,13.730410563732736,100329.25816704745
28.8978897889789,13.730431394928631,100319.11242632734
28.902890289028903,13.730450441162823,100331.9094696975
28.90789078907891,13.730467703879214,100318.60512247714
28.912891289128915,13.730483184532861,100323.30073575203
28.91789178917892,13.730496884589959,100314.68969454196
28.922892289228923,13.730508805527831,100319.63976897653
28.92789278927893,13.730518948834929,100320.84687089405
28.932893289328934,13.73052731601081,100334.22177198663
28.93789378937894,13.730533908566137,100320.6502058145
28.942894289428946,13.730538728022664,100328.52352716125
28.947894789478948,13.730541775913235,100323.78422538331
28.952895289528954,13.730543053781762,100320.03046320072
28.95789578957896,13.730542563183228,100324.60115733142
28.962896289628965,13.730540305683665,100332.82652657574
28.96789678967897,13.730536282860154,100324.17954643523
28.972897289728973,13.730530496300812,100320.64781458567
28.97789778977898,13.73052294760478,100321.22573823339
28.982898289828984,13.73051363838221,100325.19126657357
28.98789878987899,13.730502570254272,100328.24210905685
28.992899289928996,13.730489744853118,100317.16401187888
28.997899789978998,13.730475163821895,100319.3172275079
29.002900290029004,13.730458828814715,100323.17915858908
29.00790079007901,13.730440741496666,100322.27949468904
29.012901290129015,13.730420903543783,100322.0042266658
29.01790179017902,13.730399316643043,100323.08834827143
29.022902290229023,13.730375982492362,100329.15843714289
29.02790279027903,13.730350902800573,100330.47892449946
29.032903290329035,13.730324079287424,100324.00154316679
29.03790379037904,13.730295513683567,100322.65544164479
29.042904290429043,13.730265207730538,100327.23195942995
29.04790479047905,13.730233163180753,100321.03770138412
29.052905290529054,13.730199381797501,100320.92525254129
29.05790579057906,13.730163865354925,100327.86628151585
29.062906290629066,13.730126615638017,100325.09500257127
29.067906790679068,13.730087634442597,100330.09261374772
29.072907290729074,13.73004692357532,100323.8706873949
29.07790779077908,13.730004484853646,100330.04019455313
29.082908290829085,13.729960320105837,100321.73051633005
29.08790879087909,13.729914431170945,100311.3161008588
29.092909290929093,13.729866819898804,100319.23843876444
29.0979097909791,13.729817488150008,100325.1503134856
29.102910291029104,13.729766437795913,100324.2346267313
29.10791079107911,13.729713670718613,100319.08828487326
29.112911291129116,13.729659188810938,100331.47807049679
29.117911791179118,13.729602993976437,100311.35414431037
29.122912291229124,13.729545088129363,100319.51491678668
29.12791279127913,13.729485473194668,100323.23520342962
29.132913291329135,13.72942415110799,100326.07446301045
29.13791379137914,13.729361123815636,100326.19283271728
29.142914291429143,13.72929639327457,100327.0860936253
29.14791479147915,13.72922996145241,100320.99186310385
29.152915291529155,13.729161830327405,100324.0579990538
29.15791579157916,13.729092001888427,100324.74415097118
29.162916291629163,13.72902047813496,100316.33103969827
29.16791679167917,13.728947261077082,100317.66219035276
29.172917291729174,13.728872352735461,100328.04751707995
29.17791779177918,13.728795755141336,100322.20296408785
29.182918291829186,13.728717470336505,100328.6690397987
29.187918791879188,13.728637500373312,100331.29074144235
29.192919291929194,13.72855584731464,100328.3033348853
29.1979197919792,13.72847251323389,100331.7880123958
29.202920292029205,13.728387500214968,100318.91903644906
29.20792079207921,13.728300810352284,100321.75961733401
29.212921292129213,13.728212445750724,100316.46896011707
29.21792179217922,13.728122408525646,100330.71777476431
29.222922292229224,13.72803070080286,100330.93342735765
29.22792279227923,13.727937324718624,100318.17599910744
29.232923292329236,13.727842282419623,100330.09553586198
29.237923792379238,13.727745576062958,100328.62475783993
29.242924292429244,13.727647207816132,100329.60009932061
29.24792479247925,13.727547179857035,100328.09075929808
29.252925292529255,13.727445494373939,100328.83313367657
29.25792579257926,13.72734215356547,100327.87859402133
29.262926292629263,13.727237159640604,100327.02975628177
29.26792679267927,13.727130514818656,100331.16573903976
29.272927292729275,13.727022221329253,100320.68765208214
29.27792779277928,13.726912281412337,100327.9835066658
29.282928292829283,13.726800697318131,100320.41208875722
29.28792879287929,13.72668747130715,100338.0087477362
29.292929292929294,13.72657260565016,100325.71554678869
29.2979297929793,13.726456102628184,100334.50360618497
29.302930293029306,13.726337964532483,100321.4608851678
29.307930793079308,13.72621819366453,100322.98180773889
29.312931293129314,13.726096792336014,100321.86318507524
29.31793179317932,13.725973762868811,100326.63120008433
29.322932293229325,13.72584910759498,100330.0571695351
29.32793279327933,13.725722828856734,100331.04019701625
29.332933293329333,13.725594929006444,100330.48764842041
29.33793379337934,13.725465410406612,100325.94234241499
29.342934293429344,13.725334275429859,100333.27409117472
29.34793479347935,13.725201526458905,100330.09030563635
29.352935293529356,13.725067165886573,100331.55175310197
29.357935793579358,13.724931196115746,100327.38068672274
29.362936293629364,13.724793619559374,100336.12688170899
29.36793679367937,13.724654438640453,100323.66152291787
29.372937293729375,13.724513655792004,100319.79113948248
29.37793779377938,13.724371273457058,100334.51535333061
29.382938293829383,13.724227294088656,100329.99690653152
29.38793879387939,13.724081720149815,100330.37773077012
29.392939293929395,13.723934554113525,100329.75696705488
29.3979397939794,13.72378579846272,100324.61894175845
29.402940294029403,13.723635455690278,100324.59704496856
29.40794079407941,13.723483528298996,100334.89054805166
29.412941294129414,13.723330018801581,100330.76903846617
29.41794179417942,13.723174929720624,100324.2904352026
29.422942294229426,13.723018263588592,100337.48502238897
29.427942794279428,13.722860022947817,100331.66083818438
29.432943294329434,13.722700210350464,100326.25427708439
29.43794379437944,13.722538828358527,100331.15097310265
29.442944294429445,13.722375879543819,100331.89281009394
29.44794479447945,13.722211366487937,100322.18674532764
29.452945294529453,13.72204529178226,100329.2841561595
29.45794579457946,13.721877658027935,100332.16059197317
29.462946294629464,13.721708467835844,100335.2569819237
29.46794679467947,13.72153772382661,100328.41187533892
29.472947294729476,13.721365428630559,100331.24461910073
29.477947794779478,13.721191584887723,100330.77707551418
29.482948294829484,13.721016195247808,100327.97655387744
29.48794879487949,13.720839262370186,100333.14831964768
29.492949294929495,13.720660788923878,100324.53990259486
29.4979497949795,13.72048077758753,100322.55608452074
29.502950295029503,13.72029923104941,100331.29681335443
29.50795079507951,13.720116152007375,100334.79072587004
29.512951295129515,13.719931543168864,100333.97573260355
29.51795179517952,13.719745407250885,100327.62497306266
29.522952295229523,13.719557746979985,100317.02130660442
29.52795279527953,13.719368565092244,100329.43015636761
29.532953295329534,13.71917786433325,100333.87228809232
29.53795379537954,13.71898564745809,100333.79804986218
29.542954295429546,13.71879191723133,100336.37611457313
29.547954795479548,13.718596676426989,100342.3935031909
29.552955295529554,13.718399927828536,100334.71435866144
29.55795579557956,13.718201674228862,100332.61984631295
29.562956295629565,13.718001918430268,100334.48385560047
29.56795679567957,13.717800663244445,100339.15671496975
29.572957295729573,13.717597911492456,100333.02131957504
29.57795779577958,13.717393666004721,100335.71401763131
29.582958295829584,13.717187929620998,100338.96735114699
29.58795879587959,13.716980705190362,100327.54401045194
29.592959295929596,13.716771995571193,100324.62971965609
29.597959795979598,13.716561803631153,100348.02200912162
29.602960296029604,13.716350132247175,100326.12741005475
29.60796079607961,13.716136984305434,100330.01129317605
29.612961296129615,13.715922362701342,100334.63057243322
29.61796179617962,13.715706270339515,100324.64184702335
29.622962296229623,13.715488710133771,100328.82542652995
29.62796279627963,13.7152696850071,100340.7691712771
29.632963296329635,13.715049197891648,100332.86203654086
29.63796379637964,13.714827251728705,100342.52203060743
29.642964296429643,13.71460384946868,100333.85405293321
29.64796479647965,13.714378994071081,100336.23571600427
29.652965296529654,13.714152688504505,100325.14962149922
29.65796579657966,13.71392493574661,100329.94580210283
29.662966296629666,13.713695738784104,100337.67105144939
29.667966796679668,13.713465100612721,100343.29802912133
29.672967296729674,13.713233024237207,100333.82685958962
29.67796779677968,13.712999512671296,100343.68367288758
29.682968296829685,13.712764568937693,100331.12067142036
29.68796879687969,13.712528196068057,100336.47296965755
29.692969296929693,13.712290397102985,100341.14178669373
29.6979697969797,13.71205117509198,100333.65906847063
29.702970297029704,13.71181053309345,100344.24514654579
29.70797079707971,13.711568474174674,100332.55355276205
29.712971297129716,13.711325001411792,100338.90957753947
29.717971797179718,13.711080117889775,100337.71675651259
29.722972297229724,13.710833826702425,100328.23529081499
29.72797279727973,13.710586130952333,100333.4682200248
29.732973297329735,13.710337033750873,100337.61528461069
29.73797379737974,13.710086538218187,100336.2174985658
29.742974297429743,13.709834647483149,100335.08637289055
29.74797479747975,13.709581364683356,100331.46373768944
29.752975297529755,13.709326692965112,100336.05714877795
29.75797579757976,13.7090706354834,100341.179644181
29.762976297629763,13.708813195401866,100331.11681105716
29.76797679767977,13.708554375892804,100343.64869914729
29.772977297729774,13.708294180137122,100337.61466953128
29.77797779777978,13.708032611324336,100342.99514274209
29.782978297829786,13.707769672652546,100335.2054615108
29.787978797879788,13.707505367328416,100343.39634347057
29.792979297929794,13.70723969856715,100333.65129143384
29.7979797979798,13.70697266959248,100339.92763014426
29.802980298029805,13.706704283636634,100347.35509976352
29.80798079807981,13.70643454394033,100339.50178230993
29.812981298129813,13.706163453752744,100333.25263964928
29.81798179817982,13.705891016331496,100329.58633788099
29.822982298229824,13.705617234942627,100339.69728870118
29.82798279827983,13.705342112860581,100335.24271371574
29.832983298329836,13.705065653368184,100335.19037900679
29.837983798379838,13.704787859756618,100333.40601292359
29.842984298429844,13.704508735325406,100337.93715920654
29.84798479847985,13.704228283382395,100327.7512602906
29.852985298529855,13.703946507243726,100338.21494583636
29.85798579857986,13.703663410233819,100325.28572772752
29.862986298629863,13.703378995685354,100342.50508514556
29.86798679867987,13.703093266939241,100336.91447689485
29.872987298729875,13.70280622734461,100330.77794682194
29.87798779877988,13.702517880258783,100340.81437873463
29.882988298829883,13.702228229047263,100338.81369063605
29.88798879887989,13.70193727708369,100334.11447078193
29.892989298929894,13.701645027749853,100341.3301341586
29.8979897989799,13.701351484435639,100336.68700173586
29.902990299029906,13.701056650539028,100340.43035359743
29.907990799079908,13.700760529466066,100337.11195226584
29.912991299129914,13.700463124630849,100341.9130411088
29.91799179917992,13.700164439455495,100339.00445160513
29.922992299229925,13.699864477370129,100346.51987419177
29.92799279927993,13.699563241812855,100344.89108949773
29.932993299329933,13.69926073622974,100348.84522466201
29.93799379937994,13.698956964074782,100344.09385304696
29.942994299429945,13.698651928809914,100341.70495853672
29.94799479947995,13.698345633904948,100335.57598522009
29.952995299529956,13.698038082837579,100336.94379315746
29.957995799579958,13.697729279093355,100339.74727448584
29.962996299629964,13.69741922616565,100343.40135014242
29.96799679967997,13.697107927555647,100342.23289165852
29.972997299729975,13.696795386772324,100336.49318042917
29.97799779977998,13.696481607332418,100345.40312188538
29.982998299829983,13.696166592760404,100345.87352621501
29.98799879987999,13.69585034658849,100336.77687369568
29.992999299929995,13.695532872356575,100347.98317145166
29.99799979998,13.695214173612236,100338.52001792949
30.003000300030003,13.694894253910704,100345.893511144
30.00800080008001,13.694573116814848,100343.57832287464
30.013001300130014,13.69425076589514,100341.9037183638
30.01800180018002,13.693927204729647,100343.26594732981
30.023002300230026,13.693602436903994,100340.77734114375
30.028002800280028,13.693276466011357,100337.94356122406
30.033003300330034,13.692949295652422,100346.37768579776
30.03800380038004,13.692620929435385,100344.26941710051
30.043004300430045,13.69229137097591,100336.70583487675
30.04800480048005,13.69196062389712,100347.87491578325
30.053005300530053,13.691628691829562,100349.17387147907
30.05800580058006,13.691295578411193,100346.11112436648
30.063006300630065,13.690961287287355,100344.89733442804
30.06800680068007,13.690625822110754,100344.8571614856
30.073007300730076,13.690289186541431,100351.8696261006
30.078007800780078,13.689951384246749,100347.67964879192
30.083008300830084,13.68961241890136,100343.82031393345
30.08800880088009,13.68927229418719,100345.81111054363
30.093009300930095,13.688931013793406,100341.12908201614
30.0980098009801,13.68858858141641,100346.50945257611
30.103010301030103,13.688245000759796,100343.90303002193
30.10801080108011,13.68790027553434,100344.10916026622
30.113011301130115,13.687554409457972,100342.59627118947
30.11801180118012,13.687207406255757,100345.63983168083
30.123012301230123,13.68685926965986,100346.79658550891
30.12801280128013,13.686510003409545,100347.1952883055
30.133013301330134,13.686159611251123,100351.5649100741
30.13801380138014,13.68580809693795,100352.38093260623
30.143014301430146,13.685455464230401,100348.29559702336
30.148014801480148,13.685101716895836,100341.88013525655
30.153015301530154,13.684746858708586,100344.48861865321
30.15801580158016,13.684390893449923,100348.43059880479
30.163016301630165,13.684033824908044,100339.85954602897
30.16801680168017,13.683675656878036,100349.45341226077
30.173017301730173,13.68331639316187,100343.59954879944
30.17801780178018,13.68295603756836,100352.2705886892
30.183018301830185,13.68259459391314,100353.17885519122
30.18801880188019,13.682232066018656,100341.21323047305
30.193019301930196,13.681868457714128,100345.16735176569
30.198019801980198,13.681503772835525,100336.85747165197
30.203020302030204,13.681138015225555,100351.093512938
30.20802080208021,13.680771188733626,100353.81030994852
30.213021302130215,13.680403297215827,100342.79346077974
30.21802180218022,13.680034344534906,100342.13535781346
30.223022302230223,13.67966433456025,100345.71407149074
30.22802280228023,13.679293271167849,100349.85864910088
30.233023302330235,13.678921158240277,100355.14808879334
30.23802380238024,13.678547999666673,100342.79311396414
30.243024302430243,13.678173799342716,100353.9775571417
30.24802480248025,13.677798561170585,100352.39548265639
30.253025302530254,13.67742228905896,100346.76021126751
30.25802580258026,13.677044986922978,100359.6311408356
30.263026302630266,13.676666658684212,100343.88558934449
30.268026802680268,13.67628730827066,100357.44966176066
30.273027302730274,13.6759069396167,100354.41817031203
30.27802780278028,13.675525556663077,100356.43455210752
30.283028302830285,13.675143163356877,100348.27081618096
30.28802880288029,13.674759763651506,100349.50462628082
30.293029302930293,13.674375361506657,100355.52924669784
30.2980298029803,13.673989960888292,100356.61575428298
30.303030303030305,13.673603565768614,100352.59298918756
30.30803080308031,13.67321618012604,100353.08235583924
30.313031303130316,13.672827807945179,100342.5991105017
30.318031803180318,13.672438453216817,100349.48433329289
30.323032303230324,13.672048119937866,100351.32880514591
30.32803280328033,13.671656812111372,100359.29047298308
30.333033303330335,13.67126453374646,100352.08792958087
30.33803380338034,13.670871288858327,100345.85307803878
30.343034303430343,13.670477081468212,100357.92116114045
30.34803480348035,13.670081915603372,100354.90411841395
30.353035303530355,13.669685795297054,100350.36782985521
30.35803580358036,13.66928872458847,100355.34271368466
30.363036303630363,13.668890707522781,100347.00410363812
30.36803680368037,13.668491748151052,100359.83258388293
30.373037303730374,13.668091850530246,100352.29467359331
30.37803780378038,13.66769101872319,100352.61510691255
30.383038303830386,13.66728925679855,100360.37545184867
30.388038803880388,13.66688656883081,100342.61275925708
30.393039303930394,13.666482958900238,100351.09370557743
30.3980398039804,13.666078431092865,100348.44791725684
30.403040304030405,13.665672989500466,100348.21087223857
30.40804080408041,13.665266638220523,100345.36758276576
30.413041304130413,13.664859381356207,100349.72302618652
30.41804180418042,13.664451223016345,100359.57663701354
30.423042304230425,13.66404216731541,100354.02186837497
30.42804280428043,13.663632218373476,100358.52374374143
30.433043304330436,13.663221380316202,100350.95289345187
30.438043804380438,13.662809657274805,100346.45164005122
30.443044304430444,13.662397053386037,100348.82698021336
30.44804480448045,13.661983572792154,100355.98119954414
30.453045304530455,13.661569219640898,100350.93004097862
30.45804580458046,13.661153998085455,100352.91729258627
30.463046304630463,13.660737912284448,100358.58944008923
30.46804680468047,13.660320966401898,100352.87581656507
30.473047304730475,13.659903164607208,100353.9789653742
30.47804780478048,13.659484511075126,100347.42384333012
30.483048304830483,13.659065009985726,100355.72186829922
30.48804880488049,13.658644665524385,100364.45323485263
30.493049304930494,13.658223481881743,100353.79607813632
30.4980498049805,13.657801463253694,100351.25191883063
30.503050305030506,13.657378613841347,100358.86995111594
30.508050805080508,13.656954937851008,100353.93738708679
30.513051305130514,13.656530439494146,100364.3412918871
30.51805180518052,13.656105122987377,100358.94880258657
30.523052305230525,13.655678992552422,100359.29301622906
30.52805280528053,13.6552520524161,100348.48124419451
30.533053305330533,13.654824306810285,100349.25559911513
30.53805380538054,13.65439575997189,100361.86191494865
30.543054305430545,13.653966416142833,100357.56515182117
30.54805480548055,13.65353627957002,100355.5393472971
30.553055305530556,13.653105354505305,100361.11063402309
30.55805580558056,13.652673645205477,100350.11563410591
30.563056305630564,13.652241155932224,100349.27182862064
30.56805680568057,13.651807890952112,100357.35582705533
30.573057305730575,13.651373854536557,100359.24202771488
30.57805780578058,13.650939050961794,100359.33586326076
30.583058305830583,13.650503484508857,100354.850226413
30.58805880588059,13.650067159463546,100362.33738521916
30.593059305930595,13.649630080116404,100361.47201588396
30.5980598059806,13.649192250762693,100355.73527262057
30.603060306030603,13.648753675702357,100349.20527418336
30.60806080608061,13.64831435924001,100367.85561481105
30.613061306130614,13.647874305684889,100361.32614188854
30.61806180618062,13.647433519350852,100355.21559289741
30.623062306230626,13.646992004556324,100359.32336029124
30.628062806280628,13.646549765624297,100358.33132255082
30.633063306330634,13.646106806882283,100366.158846106
30.63806380638064,13.64566313266229,100351.55738020508
30.643064306430645,13.645218747300811,100362.84660318929
30.64806480648065,13.64477365513877,100358.24783340735
30.653065306530653,13.644327860521518,100345.76535576135
30.65806580658066,13.643881367798796,100361.73717389326
30.663066306630665,13.643434181324709,100363.95076732151
30.66806680668067,13.642986305457693,100359.4242212771
30.673067306730676,13.642537744560506,100359.51762868164
30.67806780678068,13.642088503000178,100355.58479955755
30.683068306830684,13.641638585147996,100365.35195920884
30.68806880688069,13.641187995379475,100362.30589744175
30.693069306930695,13.640736738074333,100355.64316976149
30.6980698069807,13.640284817616456,100363.94997137225
30.703070307030703,13.639832238393883,100356.97676440777
30.70807080708071,13.639379004798762,100357.32106095667
30.713071307130715,13.63892512122734,100371.65489014957
30.71807180718072,13.638470592079917,100365.26023892543
30.723072307230723,13.638015421760844,100362.28126842093
30.72807280728073,13.637559614678462,100354.03596692253
30.733073307330734,13.63710317524511,100366.6783941097
30.73807380738074,13.636646107877066,100359.18383429393
30.743074307430746,13.636188416994543,100356.30728932346
30.748074807480748,13.635730107021642,100356.77444396968
30.753075307530754,13.635271182386344,100359.68466878147
30.75807580758076,13.634811647520468,100367.33385897827
30.763076307630765,13.634351506859646,100358.96414474114
30.76807680768077,13.633890764843303,100361.82867839679
30.773077307730773,13.633429425914617,100367.07484113665
30.77807780778078,13.632967494520496,100367.57386657667
30.783078307830785,13.63250497511156,100363.12575431842
30.78807880788079,13.632041872142098,100367.85127665283
30.793079307930796,13.63157819007005,100363.66503039056
30.7980798079808,13.631113933356975,100367.39118094934
30.803080308030804,13.630649106468024,100366.17807643833
30.80808080808081,13.630183713871912,100359.6124101159
30.813081308130815,13.62971776004089,100365.11559021319
30.81808180818082,13.629251249450723,100366.7601714235
30.823082308230823,13.628784186580647,100375.52458122195
30.82808280828083,13.62831657591336,100369.0624325111
30.833083308330835,13.627848421934976,100370.9670569265
30.83808380838084,13.627379729135011,100358.15408032188
30.843084308430846,13.626910502006345,100358.90505095337
30.84808480848085,13.626440745045205,100366.67847847869
30.853085308530854,13.625970462751122,100362.08278009202
30.85808580858086,13.625499659626916,100368.86009971586
30.863086308630866,13.625028340178662,100363.61384159092
30.868086808680868,13.624556508915665,100359.62772952182
30.873087308730874,13.62408417035042,100362.51039213454
30.87808780878088,13.623611328998605,100366.25368428498
30.883088308830885,13.623137989379035,100368.25696399336
30.88808880888089,13.622664156013641,100366.25324544673
30.893089308930893,13.622189833427441,100376.1440096097
30.8980898089809,13.62171502614851,100363.61754530207
30.903090309030905,13.621239738707951,100371.20547783312
30.90809080908091,13.620763975639875,100364.19900681084
30.913091309130916,13.620287741481361,100369.0922129025
30.91809180918092,13.619811040772435,100369.08717796295
30.923092309230924,13.619333878056038,100365.83290637967
30.92809280928093,13.618856257878,100367.48829482368
30.933093309330935,13.618378184787012,100379.65922341317
30.93809380938094,13.617899663334592,100365.73089574421
30.943094309430943,13.617420698075069,100373.20639055113
30.94809480948095,13.616941293565533,100363.54864484676
30.953095309530955,13.616461454365837,100367.87176164724
30.95809580958096,13.615981185038537,100362.41610599835
30.963096309630966,13.615500490148886,100360.5608868829
30.96809680968097,13.61501937426479,100366.27288385764
30.973097309730974,13.614537841956796,100363.5175686128
30.97809780978098,13.614055897798044,100371.29309352803
30.983098309830986,13.613573546364263,100374.42742713758
30.988098809880988,13.613090792233711,100370.86109153806
30.993099309930994,13.612607639987175,100377.16325748224
30.998099809981,13.612124094207923,100364.50947042067
31.003100310031005,13.611640159481691,100368.46438609742
31.00810081008101,13.611155840396643,100366.93839034905
31.013101310131013,13.61067114154334,100369.91108749103
31.01810181018102,13.61018606751473,100360.83938682167
31.023102310231025,13.609700622906093,100374.3093182669
31.02810281028103,13.609214812315031,100364.9260881871
31.033103310331036,13.608728640341438,100369.44323565469
31.03810381038104,13.60824211158746,100362.94138398413
31.043104310431044,13.607755230657474,100371.68065578968
31.04810481048105,13.607268002158069,100365.05627622436
31.053105310531055,13.606780430697992,100370.3499410275
31.05810581058106,13.606292520888141,100369.31885263177
31.063106310631063,13.60580427734153,100369.85601748858
31.06810681068107,13.60531570467326,100369.80608489712
31.073107310731075,13.604826807500482,100365.96245870045
31.07810781078108,13.604337590442388,100368.99052148075
31.083108310831086,13.603848058120157,100366.90651793833
31.08810881088109,13.603358215156948,100372.90733207596
31.093109310931094,13.602868066177855,100371.93901460273
31.0981098109811,13.602377615809893,100381.23092914795
31.103110311031106,13.601886868681952,100366.89341911177
31.108110811081108,13.601395829424783,100380.69905421577
31.113111311131114,13.600904502670963,100372.2702354139
31.11811181118112,13.600412893054864,100371.49282064076
31.123112311231125,13.599921005212623,100372.05087055592
31.12811281128113,13.599428843782128,100375.58632717453
31.133113311331133,13.598936413402965,100380.92260533173
31.13811381138114,13.598443718716407,100364.97778399172
31.143114311431145,13.597950764365379,100370.40084172566
31.14811481148115,13.597457554994426,100368.39627779186
31.153115311531156,13.59696409524969,100380.42184742868
31.15811581158116,13.596470389778881,100376.96434501062
31.163116311631164,13.59597644323124,100372.87820036935
31.16811681168117,13.595482260257514,100370.36494458342
31.173117311731176,13.594987845509936,100376.41470867746
31.17811781178118,13.594493203642179,100372.18443884597
31.183118311831183,13.593998339309339,100371.9577323752
31.18811881188119,13.593503257167905,100369.89511902622
31.193119311931195,13.593007961875728,100384.30066203688
31.1981198119812,13.592512458091981,100373.83041842695
31.203120312031206,13.592016750477159,100379.17616779922
31.20812081208121,13.591520843693017,100371.18164514123
31.213121312131214,13.591024742402555,100377.12036662502
31.21812181218122,13.590528451269995,100380.47253067081
31.223122312231226,13.590031974960745,100377.32275037919
31.228122812281228,13.589535318141367,100372.36597062608
31.233123312331234,13.589038485479556,100379.40289514128
31.23812381238124,13.5885414816441,100376.08820894334
31.243124312431245,13.588044311304865,100380.43572496815
31.24812481248125,13.587546979132748,100381.3018207549
31.253125312531253,13.58704948979967,100380.9442634148
31.25812581258126,13.586551847978521,100375.58130948027
31.263126312631265,13.586054058343155,100376.22767921472
31.26812681268127,13.585556125568347,100382.97613303018
31.273127312731276,13.585058054329764,100377.9596262383
31.27812781278128,13.584559849303938,100381.24042780006
31.283128312831284,13.584061515168244,100377.65261574446
31.28812881288129,13.583563056600857,100375.67780789404
31.293129312931296,13.58306447828073,100370.89890696493
31.2981298129813,13.582565784887576,100374.71386778227
31.303130313031303,13.58206698110181,100376.78214716105
31.30813081308131,13.581568071604549,100384.17704142084
31.313131313131315,13.581069061077567,100382.52184113834
31.31813181318132,13.580569954203272,100382.13514307495
31.323132313231326,13.580070755664668,100379.20361190493
31.32813281328133,13.579571470145343,100375.16185698648
31.333133313331334,13.579072102329416,100380.98146870313
31.33813381338134,13.578572656901528,100382.78487556342
31.343134313431346,13.578073138546804,100391.51369457135
31.348134813481348,13.577573551950826,100376.70735967386
31.353135313531354,13.577073901799599,100376.96750249209
31.35813581358136,13.57657419277953,100391.42287493397
31.363136313631365,13.57607442957739,100389.7738245935
31.36813681368137,13.57557461688029,100383.6844812521
31.373137313731373,13.575074759375651,100382.17578029675
31.37813781378138,13.574574861751175,100382.34730693793
31.383138313831385,13.57407492869481,100379.57950184487
31.38813881388139,13.573574964894734,100379.09413326762
31.393139313931396,13.573074975039308,100377.01032632806
31.3981398139814,13.572574963817063,100392.29883543117
31.403140314031404,13.572074935916657,100383.74209616278
31.40814081408141,13.57157489602686,100382.69110252621
31.413141314131416,13.57107484883651,100384.22681032913
31.41814181418142,13.570574799034492,100378.87288805074
31.423142314231423,13.570074751309717,100382.60579087303
31.42814281428143,13.569574710351066,100377.48240625196
31.433143314331435,13.569074680847388,100386.18192791872
31.43814381438144,13.568574667487463,100388.86672245411
31.443144314431446,13.568074674959965,100391.73266194918
31.44814481448145,13.567574707953433,100386.57988697533
31.453145314531454,13.56707477115626,100383.80638012219
31.45814581458146,13.56657486925664,100385.61988257298
31.463146314631466,13.566075006942548,100377.4542484852
31.468146814681468,13.565575188901716,100384.98525440952
31.473147314731474,13.565075419821602,100384.93782390276
31.47814781478148,13.564575704389348,100391.91495373296
31.483148314831485,13.564076047291772,100384.169725975
31.48814881488149,13.563576453215319,100380.0973750211
31.493149314931493,13.563076926846044,100391.28784091977
31.4981498149815,13.562577472869576,100390.34106809543
31.503150315031505,13.562078095971096,100387.40468358913
31.50815081508151,13.561578800835296,100370.51497856958
31.513151315131516,13.561079592146367,100384.27430897926
31.51815181518152,13.560580474587951,100381.66310804844
31.523152315231524,13.560081452843121,100381.38265066357
31.52815281528153,13.559582531594355,100381.77179205664
31.533153315331536,13.559083715523503,100392.13343028823
31.53815381538154,13.558585009311752,100385.87333660155
31.543154315431543,13.558086417639608,100390.19618140097
31.54815481548155,13.557587945186857,100379.99860221044
31.553155315531555,13.557089596632544,100394.64530925684
31.55815581558156,13.556591376654932,100386.75179437098
31.563156315631566,13.556093289931491,100390.93195670385
31.56815681568157,13.555595341138849,100382.50107873452
31.573157315731574,13.555097534952775,100383.4763989516
31.57815781578158,13.554599876048147,100379.7246990984
31.583158315831586,13.554102369098922,100387.26763449251
31.588158815881588,13.553605018778105,100391.9020046982
31.593159315931594,13.553107829757728,100388.39210119801
31.5981598159816,13.552610806708806,100391.75057321838
31.603160316031605,13.55211395430132,100391.50378465487
31.60816081608161,13.551617277204189,100395.42913918498
31.613161316131613,13.551120780085233,100384.2450834892
31.61816181618162,13.550624467611142,100386.54934175551
31.623162316231625,13.550128344447455,100392.87107615183
31.62816281628163,13.549632415258534,100386.98623118567
31.633163316331636,13.549136684707518,100386.3685554017
31.63816381638164,13.548641157456313,100394.2815150024
31.643164316431644,13.548145838165548,100393.46393204095
31.64816481648165,13.547650731494553,100396.6508523428
31.653165316531656,13.547155842101331,100384.82643075644
31.65816581658166,13.546661174642528,100398.27721944379
31.663166316631663,13.546166733773397,100391.01988124702
31.66816681668167,13.545672524147783,100392.02798401902
31.673167316731675,13.545178550418076,100387.94746649485
31.67816781678168,13.544684817235195,100393.60271713737
31.683168316831686,13.544191329248559,100397.79435619178
31.68816881688169,13.543698091106052,100388.58765558955
31.693169316931694,13.543205107453993,100386.03009545915
31.6981698169817,13.542712382937111,100393.71068752786
31.703170317031706,13.542219922198523,100391.29671161395
31.708170817081708,13.541727729879685,100395.05176223874
31.713171317131714,13.541235810620382,100392.9669832965
31.71817181718172,13.540744169058692,100387.62758421639
31.723172317231725,13.540252809830957,100393.30087305245
31.72817281728173,13.539761737571746,100384.6858316236
31.733173317331733,13.539270956913851,100385.7891455173
31.73817381738174,13.538780472488225,100386.40288265818
31.743174317431745,13.538290288923976,100392.35451696563
31.74817481748175,13.53780041084833,100400.66491506761
31.753175317531756,13.537310842886606,100385.5388524148
31.75817581758176,13.53682158966218,100393.78742955689
31.763176317631764,13.536332655796466,100396.55208559248
31.76817681768177,13.535844045908874,100396.66951985237
31.773177317731776,13.535355764616797,100398.42125050286
31.77817781778178,13.534867816535566,100392.04071607992
31.783178317831783,13.534380206278437,100383.77103238364
31.78817881788179,13.533892938456546,100390.6620799176
31.793179317931795,13.533406017678898,100396.8973331037
31.7981798179818,13.532919448552319,100395.4718752795
31.803180318031806,13.532433235681442,100400.055948124
31.80818081808181,13.531947383668669,100405.09110534962
31.813181318131814,13.531461897114154,100391.58871094817
31.81818181818182,13.530976780615758,100406.09194081114
31.823182318231826,13.530492038769031,100394.08839604625
31.828182818281828,13.530007676167187,100399.41591632394
31.833183318331834,13.52952369740106,100393.4352788557
31.83818381838184,13.529040107059089,100394.78664190904
31.843184318431845,13.528556909727286,100397.13726504344
31.84818481848185,13.528074109989204,100385.42189683595
31.853185318531853,13.527591712425911,100398.88281401756
31.85818581858186,13.527109721615965,100397.20679512994
31.863186318631865,13.526628142135372,100399.89987155408
31.86818681868187,13.526146978557577,100395.64556755745
31.873187318731876,13.525666235453416,100387.73092715722
31.87818781878188,13.525185917391106,100399.4685368332
31.883188318831884,13.524706028936196,100390.43064532125
31.88818881888189,13.52422657465156,100399.22692394786
31.893189318931896,13.523747559097352,100407.99799658016
31.8981898189819,13.523268986830985,100395.55262326478
31.903190319031903,13.522790862407097,100392.11169078405
31.90819081908191,13.522313190377535,100395.31394350913
31.913191319131915,13.521835975291307,100406.48968975172
31.91819181918192,13.521359221694576,100398.15441980575
31.923192319231926,13.520882934130611,100397.53664697045
31.92819281928193,13.520407117139774,100398.44972873363
31.933193319331934,13.519931775259478,100405.5028900322
31.93819381938194,13.519456913024175,100400.86066141995
31.943194319431946,13.518982534965312,100399.86754783824
31.948194819481948,13.518508645611313,100401.40688105409
31.953195319531954,13.518035249487543,100388.37755149294
31.95819581958196,13.517562351116288,100394.95929442994
31.963196319631965,13.517089955016719,100393.85660013478
31.96819681968197,13.51661806570487,100401.58278719928
31.973197319731973,13.516146687693606,100396.19263084601
31.97819781978198,13.515675825492593,100394.68395984104
31.983198319831985,13.515205483608277,100397.20680394644
31.98819881988199,13.51473566654385,100396.98094236194
31.993199319931996,13.51426637879922,100391.1691554993
31.998199819982,13.51379762487099,100393.4076740672
32.00320032003201,13.513329409252425,100394.52953132524
32.00820082008201,13.512861736433422,100393.66468145627
32.01320132013201,13.512394610900493,100391.39597961161
32.01820182018202,13.511928037136716,100392.79514701592
32.02320232023202,13.511462019621733,100398.9789248555
32.02820282028203,13.510996562831696,100403.38686030726
32.033203320332035,13.510531671239267,100400.97816027536
32.03820382038204,13.510067349313557,100401.75726787766
32.04320432043205,13.509603601520132,100401.46270533174
32.04820482048205,13.509140432320958,100395.5696660741
32.05320532053206,13.50867784617439,100404.71541507995
32.05820582058206,13.508215847535135,100402.33022617266
32.06320632063206,13.507754440854232,100408.24070114145
32.06820682068207,13.50729363057901,100393.47445699126
32.073207320732074,13.506833421153079,100408.10732015576
32.07820782078208,13.506373817016293,100395.8064094724
32.083208320832085,13.505914822604714,100403.89005374636
32.08820882088209,13.5054564423506,100400.93834847602
32.0932093209321,13.504998680682366,100394.72231992513
32.0982098209821,13.504541542024564,100408.96013974951
32.10321032103211,13.504085030797842,100406.7187384844
32.10821082108211,13.503629151418941,100392.58288915174
32.11321132113211,13.50317390830064,100399.47753230353
32.11821182118212,13.502719305851743,100408.84416253887
32.123212321232124,13.50226534847705,100399.74305295097
32.128212821282126,13.501812040577331,100396.85529224735
32.133213321332136,13.50135938654929,100403.88938813163
32.13821382138214,13.500907390785551,100410.44931060169
32.14321432143215,13.500456057674617,100412.09130629119
32.14821482148215,13.500005391600853,100404.78360507423
32.15321532153215,13.499555396944448,100401.66717953248
32.15821582158216,13.4991060780814,100407.68733066524
32.16321632163216,13.49865743938348,100396.84907004812
32.16821682168217,13.49820948521821,100406.61544591923
32.173217321732174,13.497762219948827,100403.7100686274
32.17821782178218,13.497315647934265,100401.7108009926
32.183218321832186,13.496869773529122,100407.70727333572
32.18821882188219,13.496424601083643,100401.3242806248
32.1932193219322,13.495980134943672,100400.36415615151
32.1982198219822,13.495536379450648,100405.00981443135
32.2032203220322,13.495093338941567,100407.74946743323
32.20822082208221,13.494651017748948,100411.0618878335
32.21322132213221,13.49420942020082,100402.64733433521
32.21822182218222,13.493768550620684,100408.45859867305
32.223222322232225,13.493328413327498,100401.52771372716
32.22822282228223,13.492889012635633,100405.51900716228
32.233223322332236,13.492450352854858,100409.07436342226
32.23822382238224,13.492012438290315,100413.36378079193
32.24322432243225,13.491575273242484,100407.96281034897
32.24822482248225,13.491138862007155,100402.10885112721
32.25322532253225,13.490703208875416,100408.20106711185
32.25822582258226,13.490268318133607,100398.59923619711
32.26322632263226,13.489834194063308,100405.95620007893
32.26822682268227,13.4894008409413,100407.30018248087
32.273227322732275,13.488968263039554,100411.48738574347
32.27822782278228,13.488536464625183,100394.76556650187
32.28322832283229,13.488105449960438,100406.43283004816
32.28822882288229,13.487675223302665,100406.57463973774
32.2932293229323,13.487245788904284,100410.25318293546
32.2982298229823,13.486817151012765,100407.32163183921
32.3032303230323,13.486389313870598,100405.05512226984
32.30823082308231,13.485962281715262,100411.77629361108
32.313231323132314,13.485536058779214,100407.72402962425
32.31823182318232,13.485110649289844,100415.1864959399
32.323232323232325,13.48468605746946,100409.36918761747
32.32823282328233,13.48426228753526,100406.40514071504
32.33323332333234,13.4838393436993,100404.71175152589
32.33823382338234,13.483417230168476,100409.97721594934
32.34323432343235,13.482995951144492,100410.45053813372
32.34823482348235,13.482575510823835,100413.09700910067
32.35323532353235,13.482155913397749,100418.7931194588
32.35823582358236,13.481737163052209,100413.66305632619
32.363236323632364,13.481319263967897,100405.54427509538
32.368236823682366,13.480902220320168,100408.3013255718
32.373237323732376,13.480486036279034,100405.97629396178
32.37823782378238,13.480070716009134,100404.24630218236
32.38323832383239,13.479656263669701,100407.78395205339
32.38823882388239,13.479242683414554,100403.34947513627
32.39323932393239,13.47882997939205,100411.13105291019
32.3982398239824,13.478418155745068,100407.0728761991
32.4032403240324,13.47800721661099,100415.97244530612
32.40824082408241,13.47759716612167,100398.95594272701
32.413241324132414,13.477188008403397,100410.61891208118
32.41824182418242,13.47677974757689,100411.00083246533
32.423242324232426,13.476372387757252,100415.11518879705
32.42824282428243,13.475965933053962,100413.96449087058
32.43324332433244,13.47556038757083,100417.45585328195
32.43824382438244,13.475155755405998,100407.29954516343
32.44324432443244,13.474752040651882,100408.88933750907
32.44824482448245,13.474349247395175,100418.23325556706
32.45324532453245,13.473947379716803,100402.54786499293
32.45824582458246,13.47354644169191,100416.56421534685
32.463246324632465,13.473146437389824,100415.9368921661
32.46824682468247,13.47274737087404,100411.97862627481
32.473247324732476,13.472349246202192,100413.60499305457
32.47824782478248,13.471952067426018,100411.81729678191
32.48324832483249,13.471555838591355,100408.66575533956
32.48824882488249,13.471160563738092,100406.17463543173
32.49324932493249,13.470766246900155,100416.59262450095
32.4982498249825,13.47037289210549,100411.69023651753
32.503250325032504,13.469980503376018,100405.40169786198
32.50825082508251,13.469589084727627,100402.8260565301
32.513251325132515,13.469198640170143,100420.09626732202
32.51825182518252,13.468809173707296,100416.51301279021
32.52325232523253,13.468420689336705,100408.18467101072
32.52825282528253,13.46803319104985,100415.28108241977
32.53325332533254,13.467646682832047,100415.77462000909
32.53825382538254,13.467261168662423,100417.74807592585
32.54325432543254,13.466876652513891,100418.04416157966
32.54825482548255,13.466493138353123,100424.57813552141
32.553255325532554,13.466110630140529,100411.57787571829
32.55825582558256,13.465729131830228,100410.61179256174
32.563256325632565,13.465348647370032,100416.53856194529
32.56825682568257,13.46496918070141,100421.1391896903
32.57325732573258,13.464590735759467,100412.31238545229
32.57825782578258,13.46421331647293,100407.65468960564
32.58325832583259,13.463836926764102,100421.53797299678
32.58825882588259,13.46346157054886,100418.38976597527
32.59325932593259,13.463087251736615,100412.69000043915
32.5982598259826,13.462713974230295,100416.92875181642
32.603260326032604,13.462341741926316,100412.88949515737
32.608260826082606,13.461970558714565,100417.88867749777
32.613261326132616,13.461600428478365,100415.87864868029
32.61826182618262,13.46123135509446,100417.66522916184
32.62326232623263,13.460863342432988,100418.06212232474
32.62826282628263,13.460496394357458,100406.68117977495
32.63326332633263,13.460130514724714,100414.09827715743
32.63826382638264,13.459765707384934,100414.24275955974
32.64326432643264,13.459401976181585,100416.4968768042
32.64826482648265,13.459039324951407,100409.48664228055
32.653265326532654,13.458677757524391,100417.36500646365
32.65826582658266,13.458317277723756,100417.89781985988
32.663266326632666,13.457957889365911,100416.58756305464
32.66826682668267,13.457599596260456,100414.78975297927
32.67326732673268,13.457242402210136,100416.33395577833
32.67826782678268,13.456886311010827,100427.83769393871
32.68326832683268,13.456531326451508,100423.83388575334
32.68826882688269,13.456177452314247,100415.6483434553
32.69326932693269,13.455824692374165,100421.66135117758
32.6982698269827,13.45547305039942,100412.09350187017
32.703270327032705,13.455122530151181,100415.82156802189
32.70827082708271,13.454773135383606,100410.66274972972
32.713271327132716,13.45442486984381,100416.20165775207
32.71827182718272,13.454077737271865,100414.36998729875
32.72327232723273,13.453731741400741,100427.77599139824
32.72827282728273,13.453386885956316,100418.01088794343
32.73327332733273,13.453043174657337,100422.26505461433
32.73827382738274,13.45270061121539,100425.81114818322
32.743274327432744,13.452359199334895,100411.03660829473
32.74827482748275,13.452018942713071,100421.01858970874
32.753275327532755,13.451679845039914,100418.26094861118
32.75827582758276,13.451341909998172,100409.63235775431
32.76327632763277,13.451005141263334,100424.51334638639
32.76827682768277,13.450669542503588,100425.74226501226
32.77327732773278,13.450335117379813,100424.47483376072
32.77827782778278,13.450001869545554,100420.49860275579
32.78327832783278,13.44966980264699,100425.44458519851
32.78827882788279,13.449338920322925,100415.96558047118
32.793279327932794,13.449009226204751,100415.25985458212
32.7982798279828,13.448680723916437,100412.18619765255
32.803280328032805,13.4483534170745,100420.81277339223
32.80828082808281,13.448027309287982,100423.5824352306
32.81328132813282,13.447702404158433,100414.73326197939
32.81828182818282,13.447378705279883,100427.03622773757
32.82328232823283,13.44705621623882,100418.91865011925
32.82828282828283,13.446734940614176,100420.47543032822
32.83328332833283,13.446414881977288,100424.1889159332
32.83828382838284,13.446096043891886,100419.89446156476
32.843284328432844,13.445778429914082,100422.72019621712
32.848284828482846,13.44546204359232,100426.38337243834
32.853285328532856,13.445146888467383,100429.07351351883
32.85828582858286,13.444832968072348,100417.51959564045
32.86328632863287,13.444520285932578,100424.44462411496
32.86828682868287,13.444208845565692,100422.29795975494
32.87328732873287,13.443898650481554,100426.30536874455
32.87828782878288,13.443589704182232,100429.06688310686
32.88328832883288,13.443282010161997,100425.05844797275
32.88828882888289,13.442975571907288,100424.80499826142
32.893289328932894,13.442670392896694,100429.8910455008
32.8982898289829,13.442366476600933,100425.50338325178
32.903290329032906,13.442063826482828,100417.72577555465
32.90829082908291,13.441762445997288,100430.26133833031
32.91329132913292,13.441462338591283,100424.16269026532
32.91829182918292,13.441163507703829,100428.3886532892
32.92329232923292,13.440865956765961,100427.87756662768
32.92829282928293,13.440569689200707,100424.97963259593
32.93329332933293,13.440274708423079,100420.89635147325
32.93829382938294,13.439981017840044,100430.21669695395
32.943294329432945,13.4396886208505,100414.38497495232
32.94829482948295,13.439397520845263,100427.03234921077
32.953295329532956,13.439107721207039,100424.39685574842
32.95829582958296,13.438819225310404,100422.98425164142
32.96329632963297,13.438532036521783,100427.25343210017
32.96829682968297,13.438246158199437,100423.25540199755
32.97329732973297,13.437961593693425,100418.61413306727
32.97829782978298,13.437678346345601,100427.64516176652
32.983298329832984,13.437396419489584,100430.7245655465
32.98829882988299,13.437115816450731,100426.28658137954
32.993299329932995,13.436836540546134,100428.30978725103
32.998299829983,13.43655859508458,100418.68013765216
33.00330033003301,13.436281983366545,100425.42405192644
33.00830083008301,13.436006708684165,100435.10075021021
33.01330133013302,13.435732774321217,100430.4333285204
33.01830183018302,13.4354601835531,100426.03587420506
33.02330233023302,13.435188939646816,100431.5795144801
33.02830283028303,13.434919045860944,100421.4339448907
33.033303330333034,13.434650505445628,100432.67166543457
33.03830383038304,13.434383321642542,100420.30049429936
33.043304330433045,13.434117497684893,100426.88518742663
33.04830483048305,13.433853036797377,100432.32035909618
33.05330533053306,13.433589942196171,100423.25097496361
33.05830583058306,13.433328217088915,100416.07634911367
33.06330633063307,13.433067864674685,100424.82313893226
33.06830683068307,13.432808888143972,100422.14266959822
33.07330733073307,13.432551290678678,100426.90590071167
33.07830783078308,13.43229507545207,100420.85725528769
33.083308330833084,13.432040245628784,100421.2551142358
33.088308830883086,13.431786804364789,100431.20803482886
33.093309330933096,13.43153475480738,100428.86771666016
33.0983098309831,13.431284100095148,100429.52752789082
33.10331033103311,13.431034843357965,100435.92813577488
33.10831083108311,13.430786987716965,100415.45281799379
33.11331133113311,13.430540536284525,100425.57500739105
33.11831183118312,13.430295492164236,100428.79020384015
33.12331233123312,13.430051858450904,100422.70890284627
33.12831283128313,13.429809638230507,100432.32372980476
33.133313331333134,13.429568834580191,100427.57477840615
33.13831383138314,13.429329450568252,100434.32238937961
33.143314331433146,13.429091489254104,100428.41138474116
33.14831483148315,13.428854953688267,100438.43579996632
33.15331533153316,13.428619846912355,100430.16474784113
33.15831583158316,13.428386171959046,100432.35367191916
33.16331633163316,13.428153931852066,100426.78400304492
33.16831683168317,13.427923129606175,100433.69907931867
33.17331733173317,13.427693768227144,100437.07158857153
33.17831783178318,13.427465850711732,100428.7055254504
33.183318331833185,13.427239380047677,100420.1514323407
33.18831883188319,13.427014359213674,100434.46004846744
33.193319331933196,13.426790791179346,100432.66961496533
33.1983198319832,13.426568678905248,100434.60551373722
33.20332033203321,13.42634802534282,100432.53417978919
33.20832083208321,13.426128833434394,100428.09593965266
33.21332133213321,13.425911106113157,100442.15193389266
33.21832183218322,13.425694846303148,100433.30300597816
33.223322332233224,13.425480056919225,100436.91875930964
33.22832283228323,13.42526674086706,100424.05352967826
33.233323332333235,13.425054901043113,100437.52754334177
33.23832383238324,13.424844540334615,100430.30743757084
33.24332433243325,13.424635661619545,100434.72515569128
33.24832483248325,13.424428267766631,100434.3502344854
33.25332533253326,13.424222361635307,100432.53891436984
33.25832583258326,13.424017946075713,100429.51811973678
33.26332633263326,13.423815023928668,100436.30130226049
33.26832683268327,13.423613598025657,100425.05588503994
33.273327332733274,13.423413671188811,100431.2739290984
33.27832783278328,13.42321524623089,100432.95217152959
33.283328332833285,13.423018325955267,100428.0313483331
33.28832883288329,13.422822913155905,100429.53267941721
33.2933293329333,13.422629010617346,100429.02679514173
33.2983298329833,13.422436621114691,100435.68916642989
33.30333033303331,13.422245747413584,100431.58089602225
33.30833083308331,13.422056392270187,100432.23153692542
33.31333133313331,13.42186855843118,100438.23532447091
33.31833183318332,13.421682248633722,100431.67412849047
33.323332333233324,13.421497465605453,100426.83248773355
33.32833283328333,13.421314212064463,100420.80853302227
33.333333333333336,13.421132490719284,100430.82529708158
33.33833383338334,13.420952304268868,100433.90172480632
33.34333433343335,13.420773655402574,100430.08677825808
33.34833483348335,13.420596546800148,100435.18470458576
33.35333533353335,13.42042098113171,100437.90384446799
33.35833583358336,13.420246961057726,100426.91396317331
33.36333633363336,13.420074489229014,100428.4187963841
33.36833683368337,13.419903568286701,100442.88712647976
33.373337333733375,13.419734200862226,100433.76513996164
33.37833783378338,13.419566389577312,100435.17978661529
33.383338333833386,13.419400137043963,100437.241321994
33.38833883388339,13.419235445864427,100441.27354515778
33.3933393339334,13.4190723186312,100434.78990734948
33.3983398339834,13.418910757926996,100432.35384555942
33.4033403340334,13.418750766324742,100434.33818659026
33.40834083408341,13.41859234638755,100436.46368581429
33.41334133413341,13.418435500668712,100443.05885241012
33.41834183418342,13.418280231711678,100434.41158347532
33.423342334233425,13.41812654205004,100435.37185761576
33.42834283428343,13.417974434207517,100441.18154365073
33.433343334333436,13.41782391069794,100441.14844417518
33.43834383438344,13.417674974025243,100432.46140710695
33.44334433443345,13.417527626683423,100427.11106387703
33.44834483448345,13.417381871156563,100442.13845471795
33.45334533453345,13.41723770991878,100428.09948530057
33.45834583458346,13.41709514543423,100433.56076354299
33.463346334633464,13.416954180157084,100441.3305144844
33.46834683468347,13.416814816531524,100435.95837774978
33.473347334733475,13.41667705699171,100435.28943917241
33.47834783478348,13.416540903961785,100433.34384621325
33.48334833483349,13.416406359855838,100436.84951301814
33.48834883488349,13.416273427077908,100426.70794586511
33.4933493349335,13.416142108021953,100438.59514409753
33.4983498349835,13.416012405071857,100439.70619575483
33.5033503350335,13.415884320601387,100441.0369769374
33.50835083508351,13.415757856974205,100433.47756895893
33.513351335133514,13.415633016543827,100440.04331900353
33.51835183518352,13.415509801653636,100433.22440256528
33.523352335233525,13.41538821463684,100438.78208344427
33.52835283528353,13.415268257816484,100436.20733262472
33.53335333533354,13.415149933505413,100438.7620552777
33.53835383538354,13.415033244006267,100443.62090369234
33.54335433543355,13.414918191611473,100443.56967409683
33.54835483548355,13.41480477860322,100441.21042173955
33.55335533553355,13.414693007253444,100431.48871999593
33.55835583558356,13.41458287982383,100444.39949333514
33.563356335633564,13.414474398565773,100449.69765393264
33.56835683568357,13.414367565720386,100438.15327818367
33.573357335733576,13.41426238351848,100440.95683755347
33.57835783578358,13.41415885418054,100445.52787520488
33.58335833583359,13.41405697991672,100440.8276793093
33.58835883588359,13.413956762926832,100439.5415069221
33.59335933593359,13.413858205400322,100439.71367500006
33.5983598359836,13.413761309516266,100440.89850022987
33.6033603360336,13.413666077443356,100438.14446674687
33.60836083608361,13.413572511339876,100438.30533112997
33.613361336133615,13.4134806133537,100443.8430968484
33.61836183618362,13.41339038562227,100437.73011332851
33.623362336233626,13.413301830272594,100440.67431771995
33.62836283628363,13.413214949421217,100441.03208706276
33.63336333633364,13.413129745174226,100441.19028307409
33.63836383638364,13.41304621962722,100437.45347933983
33.64336433643364,13.412964374865304,100446.19305958979
33.64836483648365,13.412884212963078,100441.9898831407
33.65336533653365,13.412805735984623,100445.61765131945
33.65836583658366,13.412728945983487,100436.05078878225
33.663366336633665,13.412653845002668,100434.83824626826
33.66836683668367,13.412580435074613,100433.7677840447
33.673367336733676,13.41250871822119,100444.1176475997
33.67836783678368,13.412438696453687,100432.48982428068
33.68336833683369,13.412370371772798,100446.65192583868
33.68836883688369,13.412303746168606,100439.00333927096
33.69336933693369,13.412238821620567,100435.51348791049
33.6983698369837,13.412175600097513,100448.6799016626
33.703370337033704,13.412114083557626,100450.97766184426
33.70837083708371,13.412054273948424,100438.78473347987
33.713371337133715,13.411996173206763,100438.63070251144
33.71837183718372,13.411939783258815,100435.4490924296
33.72337233723373,13.411885106020051,100433.53825691067
33.72837283728373,13.411832143395245,100440.35133294524
33.73337333733374,13.411780897278444,100440.67522508201
33.73837383738374,13.41173136955297,100431.51905949878
33.74337433743374,13.411683562091396,100449.3173575571
33.74837483748375,13.411637476755553,100439.82120238892
33.753375337533754,13.411593115396496,100433.99637903564
33.75837583758376,13.41155047985451,100442.82772208155
33.763376337633765,13.411509571959087,100446.16054457695
33.76837683768377,13.41147039352892,100448.3748893823
33.77337733773378,13.411432946371887,100441.39910846112
33.77837783778378,13.411397232285054,100435.24333083889
33.78337833783379,13.411363253054644,100445.21800782358
33.78837883788379,13.411331010456035,100442.84045178647
33.79337933793379,13.411300506253756,100446.02286738135
33.7983798379838,13.411271742201464,100435.89165115691
33.803380338033804,13.411244720041932,100442.24631081251
33.808380838083814,13.411219441507058,100450.01315680235
33.813381338133816,13.41119590831783,100447.13137218419
33.81838183818382,13.411174122184324,100451.87129620988
33.82338233823383,13.411154084805704,100453.28615988565
33.82838283828383,13.411135797870193,100446.95853299086
33.83338333833383,13.411119263055074,100447.8510914793
33.83838383838384,13.411104482026683,100448.60234352949
33.84338433843384,13.411091456440387,100437.53223180224
33.84838483848385,13.411080187940575,100442.721900947
33.853385338533855,13.411070678160662,100447.09007740536
33.85838583858386,13.411062928723066,100447.26028464464
33.863386338633866,13.411056941239192,100440.18304991543
33.86838683868387,13.41105271730944,100447.44456450529
33.87338733873388,13.411050258523186,100446.23419543737
33.87838783878388,13.411049566458765,100450.96656711234
33.88338833883388,13.411050642683472,100444.37943089678
33.88838883888389,13.411053488753549,100438.51821709871
33.89338933893389,13.411058106214172,100439.34782266035
33.8983898389839,13.41106449659944,100443.78382792069
33.903390339033905,13.41107266143238,100441.523320144
33.90839083908391,13.411082602224914,100447.41056416808
33.913391339133916,13.41109432047787,100447.14562522915
33.91839183918392,13.411107817680964,100451.40614308901
33.92339233923393,13.411123095312787,100444.70633233523
33.92839283928393,13.411140154840801,100446.148103956
33.93339333933393,13.411158997721337,100444.17062498021
33.93839383938394,13.411179625399567,100447.4728194379
33.943394339433944,13.41120203930951,100446.91950737273
33.94839483948395,13.41122624087402,100451.97432923972
33.953395339533955,13.411252231504779,100443.70183130843
33.95839583958396,13.411280012602273,100445.86017330065
33.96339633963397,13.411309585555811,100452.11138445474
33.96839683968397,13.41134095174349,100450.47532089855
33.97339733973398,13.411374112532199,100450.52526866256
33.97839783978398,13.411409069277614,100443.39872795068
33.98339833983398,13.411445823324176,100442.0671835818
33.98839883988399,13.411484376005095,100449.6110815537
33.993399339933994,13.411524728642336,100438.94323864751
33.998399839984,13.411566882546616,100438.87482149455
34.003400340034005,13.411610839017385,100448.38437593589
34.00840084008401,13.41165659934283,100439.69817262619
34.01340134013402,13.411704164799861,100446.63899208001
34.01840184018402,13.411753536654102,100443.98992296588
34.02340234023403,13.411804716159882,100446.86607692066
34.02840284028403,13.411857704560237,100440.60750384613
34.03340334033403,13.41191250308689,100444.11167867218
34.03840384038404,13.411969112960252,100457.2076792228
34.043404340434044,13.412027535389408,100443.94384873599
34.048404840484054,13.41208777157211,100441.06122484892
34.053405340534056,13.412149822694776,100443.0571985514
34.05840584058406,13.41221368993248,100448.24234114827
34.06340634063407,13.41227937444894,100446.54802143479
34.06840684068407,13.412346877396507,100441.33209564972
34.07340734073407,13.41241619991618,100444.23682737107
34.07840784078408,13.41248734313757,100443.30732003051
34.08340834083408,13.412560308178913,100450.83472089098
34.08840884088409,13.412635096147055,100438.10290432935
34.093409340934095,13.412711708137444,100440.84402434013
34.0984098409841,13.412790145234128,100450.01949305607
34.103410341034106,13.412870408509747,100445.74627393731
34.10841084108411,13.412952499025522,100455.17172313185
34.11341134113412,13.413036417831256,100450.84888869534
34.11841184118412,13.413122165965312,100447.4251158309
34.12341234123412,13.413209744454635,100440.4527705797
34.12841284128413,13.41329915431471,100446.44568940006
34.13341334133413,13.41339039654959,100449.87139518633
34.13841384138414,13.413483472151858,100441.17632428586
34.143414341434145,13.41357838210265,100444.92519386807
34.14841484148415,13.41367512737162,100447.65873379327
34.153415341534156,13.413773708916965,100441.17503857522
34.15841584158416,13.413874127685391,100447.50161486541
34.16341634163417,13.413976384612129,100449.9977105819
34.16841684168417,13.414080480620907,100438.41716771905
34.17341734173417,13.414186416623968,100453.92481171114
34.17841784178418,13.414294193522045,100451.16486483382
34.183418341834184,13.414403812204368,100447.23358597758
34.18841884188419,13.414515273548652,100452.45910900988
34.193419341934195,13.414628578421087,100448.98676884267
34.1984198419842,13.414743727676353,100444.1404333449
34.20342034203421,13.414860722157586,100448.59010681265
34.20842084208421,13.414979562696393,100443.95930647074
34.21342134213422,13.415100250112843,100449.7534620936
34.21842184218422,13.415222785215457,100441.62879248815
34.22342234223422,13.415347168801201,100438.50367271288
34.22842284228423,13.415473401655495,100450.13350271113
34.233423342334234,13.415601484552194,100450.77898497594
34.23842384238424,13.41573141825359,100444.27421624736
34.243424342434245,13.415863203510396,100448.64366353168
34.24842484248425,13.415996841061766,100460.48452565198
34.25342534253426,13.41613233163526,100442.31951655814
34.25842584258426,13.416269675946868,100439.65986469465
34.26342634263427,13.41640887470098,100445.0566965813
34.26842684268427,13.4165499285904,100439.8245616293
34.27342734273427,13.416692838296331,100443.17016534982
34.27842784278428,13.416837604488382,100447.60484306092
34.283428342834284,13.416984227824544,100453.43930757075
34.288428842884294,13.417132708951216,100448.12901750043
34.293429342934296,13.417283048503167,100442.24470114226
34.2984298429843,13.417435247103558,100440.6594016579
34.30343034303431,13.417589305363924,100445.11608515936
34.30843084308431,13.41774522388418,100445.6576807681
34.31343134313431,13.417903003252606,100447.03397519511
34.31843184318432,13.418062644045854,100451.74714434666
34.32343234323432,13.418224146828937,100444.74437929795
34.32843284328433,13.41838751215523,100447.83016873215
34.333433343334335,13.418552740566462,100452.94377661268
34.33843384338434,13.41871983259272,100457.155293189
34.343434343434346,13.418888788752437,100446.43296740792
34.34843484348435,13.419059609552393,100443.16979431975
34.35343534353436,13.419232295487719,100449.21050910346
34.35843584358436,13.419406847041875,100446.17120859465
34.36343634363436,13.419583264686663,100441.82900331097
34.36843684368437,13.419761548882226,100447.6855957232
34.37343734373437,13.41994170007703,100441.00640753153
34.37843784378438,13.420123718707876,100462.1246129892
34.383438343834385,13.420307605199886,100448.9617037275
34.38843884388439,13.420493359966509,100447.4312345099
34.393439343934396,13.420680983409515,100448.88218313942
34.3984398439844,13.420870475918989,100451.79531466232
34.40344034403441,13.421061837873337,100458.14799122974
34.40844084408441,13.421255069639274,100443.96328377251
34.41344134413441,13.421450171571834,100450.73641566306
34.41844184418442,13.421647144014349,100439.6445582673
34.423442344234424,13.421845987298466,100450.78459755064
34.42844284428443,13.422046701744131,100447.27845952682
34.433443344334435,13.422249287659604,100448.95566574358
34.43844384438444,13.422453745341429,100453.08868286043
34.44344434443445,13.422660075074466,100455.35403092578
34.44844484448445,13.422868277131863,100452.94403090177
34.45344534453446,13.423078351775066,100449.37000882586
34.45844584458446,13.42329029925381,100449.553356698
34.46344634463446,13.423504119806132,100453.26642473678
34.46844684468447,13.423719813658355,100445.79663713044
34.473447344734474,13.42393738102509,100446.21895035738
34.47844784478448,13.424156822109236,100452.56857634555
34.483448344834486,13.424378137101982,100448.59547484967
34.48844884488449,13.424601326182803,100453.86527071011
34.4934493449345,13.424826389519454,100458.69027309412
34.4984498449845,13.425053327267982,100457.34460936091
34.50345034503451,13.425282139572703,100448.91012258716
34.50845084508451,13.425512826566228,100440.88374218531
34.51345134513451,13.425745388369444,100442.3643639013
34.51845184518452,13.425979825091517,100447.29863805421
34.523452345234524,13.426216136829892,100446.08259990039
34.528452845284534,13.426454323670294,100450.85870689283
34.533453345334536,13.426694385686726,100452.54045151558
34.53845384538454,13.426936322941472,100451.78488948563
34.54345434543455,13.42718013548509,100440.16910238958
34.54845484548455,13.427425823356412,100439.31300221331
34.55345534553455,13.427673386582553,100441.26361282256
34.55845584558456,13.427922825178902,100442.06789523156
34.56345634563456,13.428174139149123,100451.3441170885
34.56845684568457,13.428427328485162,100455.91908102845
34.573457345734575,13.428682393167236,100455.11425389945
34.57845784578458,13.428939333163841,100452.34644655541
34.583458345834586,13.429198148431748,100446.70025097989
34.58845884588459,13.429458838916009,100453.65640100361
34.5934593459346,13.429721404549952,100457.07454538935
34.5984598459846,13.429985845255178,100448.28687354915
34.6034603460346,13.430252160941576,100449.77378651954
34.60846084608461,13.430520351507306,100446.78040057968
34.61346134613461,13.430790416838812,100440.43262862919
34.61846184618462,13.431062356810816,100440.52826231146
34.623462346234625,13.431336171286324,100451.26697046512
34.62846284628463,13.431611860116618,100452.29678725931
34.633463346334636,13.431889423141271,100457.47921730347
34.63846384638464,13.432168860188137,100454.12769285594
34.64346434643465,13.432450171073349,100447.77791007263
34.64846484648465,13.432733355601334,100456.06754837917
34.65346534653465,13.433018413564804,100448.24485203413
34.65846584658466,13.433305344744758,100443.7902287856
34.663466346634664,13.43359414891049,100451.90965338527
34.66846684668467,13.433884825819579,100441.44022794894
34.673467346734675,13.4341773752179,100448.74740798454
34.67846784678468,13.434471796839619,100455.48329342112
34.68346834683469,13.434768090407209,100446.248273609
34.68846884688469,13.435066255631426,100447.34796197133
34.6934693469347,13.435366292211341,100450.68601574312
34.6984698469847,13.435668199834318,100459.80915441073
34.7034703470347,13.43597197817602,100448.9426168428
34.70847084708471,13.436277626900427,100455.63388375005
34.713471347134714,13.436585145659821,100445.35702739007
34.71847184718472,13.436894534094792,100463.91192775918
34.723472347234726,13.437205791834245,100454.96501611931
34.72847284728473,13.437518918495401,100448.30732240512
34.73347334733474,13.437833913683797,100452.9326499505
34.73847384738474,13.43815077699328,100459.01744262707
34.74347434743475,13.438469508006039,100451.92858102919
34.74847484748475,13.438790106292569,100456.82803195012
34.75347534753475,13.439112571411696,100447.00688796765
34.75847584758476,13.439436902910588,100455.4539849386
34.763476347634764,13.43976310032473,100449.20419591169
34.768476847684774,13.440091163177952,100452.38964557085
34.773477347734776,13.440421090982417,100452.36264652746
34.77847784778478,13.440752883238636,100450.83055735898
34.78347834783479,13.44108653943546,100452.28832954499
34.78847884788479,13.441422059050094,100451.91647847574
34.79347934793479,13.441759441548085,100459.42861983806
34.7984798479848,13.442098686383341,100451.33181014554
34.8034803480348,13.442439792998126,100453.0473160978
34.80848084808481,13.44278276082307,100450.92785264764
34.813481348134815,13.44312758927716,100442.27676664837
34.81848184818482,13.44347427776776,100457.98699913993
34.823482348234826,13.4438228256906,100449.09411598815
34.82848284828483,13.44417323242979,100447.33351549842
34.83348334833484,13.444525497357818,100459.55142216942
34.83848384838484,13.444879619835557,100456.31896513673
34.84348434843484,13.44523559921227,100457.20494394773
34.84848484848485,13.445593434825609,100448.68441895042
34.85348534853485,13.445953126001625,100450.82306561519
34.85848584858486,13.446314672054763,100446.36474750767
34.863486348634865,13.44667807228788,100456.54433384992
34.86848684868487,13.44704332599224,100444.85627260031
34.873487348734876,13.447410432447521,100445.65100889666
34.87848784878488,13.447779390921813,100449.75010040647
34.88348834883489,13.44815020067164,100457.25353433158
34.88848884888489,13.448522860941942,100445.06873393951
34.89348934893489,13.448897370966097,100444.0922592476
34.8984898489849,13.44927372996592,100446.54218197806
34.903490349034904,13.449651937151664,100454.70935514203
34.90849084908491,13.45003199172203,100464.81078025291
34.913491349134915,13.450413892864175,100447.526371249
34.91849184918492,13.450797639753704,100450.74602259658
34.92349234923493,13.451183231554692,100443.6529834862
34.92849284928493,13.451570667419672,100453.51742389171
34.93349334933494,13.451959946489662,100457.7523686766
34.93849384938494,13.452351067894146,100452.8624185957
34.94349434943494,13.452744030751097,100451.66763371925
34.94849484948495,13.453138834166975,100450.35434847492
34.953495349534954,13.453535477236732,100453.15429979321
34.95849584958496,13.453933959043827,100444.89064844689
34.963496349634966,13.454334278660216,100448.67879386536
34.96849684968497,13.45473643514637,100449.73155813108
34.97349734973498,13.455140427551282,100451.91295355019
34.97849784978498,13.45554625491246,100455.30127954522
34.98349834983499,13.455953916255945,100449.98627283417
34.98849884988499,13.456363410596314,100450.49327601961
34.99349934993499,13.456774736936685,100454.48629480512
34.998499849985,13.457187894268724,100454.24064108741
35.003500350035004,13.45760288157265,100445.1559446791
35.008500850085014,13.458019697817242,100452.7072639266
35.013501350135016,13.458438341959848,100455.73448771382
35.01850185018502,13.458858812946387,100445.4364662928
35.02350235023503,13.45928110971136,100450.97360359349
35.02850285028503,13.459705231177855,100448.4820198459
35.03350335033503,13.46013117625755,100454.49838615474
35.03850385038504,13.460558943850724,100455.23492865308
35.04350435043504,13.460988532846267,100452.31373298567
35.04850485048505,13.46141994212168,100456.34257872729
35.053505350535055,13.461853170543082,100452.68824875038
35.05850585058506,13.462288216965225,100448.01316624068
35.063506350635066,13.462725080231495,100448.13752263402
35.06850685068507,13.463163759173922,100443.79722187176
35.07350735073508,13.463604252613179,100446.84807107353
35.07850785078508,13.464046559358604,100454.39759286621
35.08350835083508,13.464490678208193,100455.56052777177
35.08850885088509,13.464936607948623,100451.25764960784
35.09350935093509,13.465384347355238,100452.40841600024
35.0985098509851,13.465833895192084,100453.56962500686
35.103510351035105,13.46628525021189,100442.01178464456
35.10851085108511,13.466738411156092,100449.43306563141
35.11351135113512,13.467193376754837,100450.31257679821
35.11851185118512,13.467650145726994,100449.4084338322
35.12351235123513,13.468108716780153,100450.07233637825
35.12851285128513,13.46856908861064,100455.60081455632
35.13351335133513,13.469031259903527,100453.74617871408
35.13851385138514,13.469495229332637,100452.21263391708
35.143514351435144,13.469960995560545,100439.88886142788
35.14851485148515,13.470428557238606,100456.99793194131
35.153515351535155,13.470897913006938,100453.15169171926
35.15851585158516,13.471369061494453,100448.06540847152
35.16351635163517,13.471842001318855,100451.7845234612
35.16851685168517,13.472316731086648,100456.62850106969
35.17351735173518,13.472793249393147,100451.69487093916
35.17851785178518,13.473271554822482,100446.75298072772
35.18351835183518,13.473751645947623,100458.7005476589
35.18851885188519,13.474233521330362,100450.69047845092
35.193519351935194,13.474717179521353,100446.56904794183
35.1985198519852,13.475202619060092,100457.75400030216
35.203520352035206,13.475689838474946,100447.63947296917
35.20852085208521,13.476178836283154,100455.351643187
35.21352135213522,13.476669610990838,100453.69840358465
35.21852185218522,13.47716216109301,100446.84407790346
35.22352235223523,13.477656485073593,100453.54329893384
35.22852285228523,13.478152581405407,100442.58785675414
35.23352335233523,13.478650448550201,100447.29483965899
35.23852385238524,13.47915008495865,100445.73216991707
35.243524352435244,13.479651489070378,100458.38073150023
35.248524852485254,13.480154659313948,100443.55937788203
35.253525352535256,13.480659594106884,100446.89232162171
35.25852585258526,13.481166291855686,100447.35526214495
35.26352635263527,13.48167475095583,100435.32316901116
35.26852685268527,13.482184969791776,100449.23895255147
35.27352735273527,13.482696946736993,100447.41188636013
35.27852785278528,13.483210680153952,100438.77418683308
35.28352835283528,13.483726168394146,100445.09623136366
35.28852885288529,13.484243409798102,100444.95761708722
35.293529352935295,13.484762402695381,100447.69607384694
35.2985298529853,13.485283145404598,100441.47776192857
35.303530353035306,13.485805636233433,100450.3698831075
35.30853085308531,13.486329873478635,100454.85126176405
35.31353135313532,13.486855855426029,100449.79702630288
35.31853185318532,13.48738358035055,100450.6099766471
35.32353235323532,13.487913046516217,100445.08924083026
35.32853285328533,13.488444252176183,100446.26603791086
35.33353335333533,13.48897719557271,100451.04886076078
35.33853385338534,13.489511874937214,100451.35460280522
35.343534353435345,13.490048288490243,100447.88827007353
35.34853485348535,13.490586434441516,100439.981328105
35.35353535353536,13.491126310989916,100447.65322372713
35.35853585358536,13.491667916323511,100453.161163841
35.36353635363537,13.492211248619556,100453.38110693857
35.36853685368537,13.49275630604452,100451.25920538061
35.37353735373537,13.493303086754077,100448.17906324817
35.37853785378538,13.49385158889314,100445.72224347651
35.383538353835384,13.494401810595852,100449.33057660353
35.38853885388539,13.494953749985608,100447.75813617055
35.393539353935395,13.495507405175067,100451.55226662797
35.3985398539854,13.496062774266163,100458.73907293622
35.40354035403541,13.496619855350113,100454.53949146898
35.40854085408541,13.497178646507434,100451.78843880317
35.41354135413542,13.497739145807955,100451.19744081244
35.41854185418542,13.498301351310824,100440.43171276718
35.42354235423542,13.498865261064518,100447.25790701085
35.42854285428543,13.499430873106874,100446.7628716061
35.433543354335434,13.499998185465074,100461.19204828916
35.43854385438544,13.500567196155677,100448.4487778754
35.443544354435446,13.501137903184627,100452.39222558624
35.44854485448545,13.501710304547261,100448.97052130538
35.45354535453546,13.502284398228323,100453.34924025506
35.45854585458546,13.50286018220198,100449.31209975123
35.46354635463547,13.503437654431833,100447.00051703423
35.46854685468547,13.504016812870928,100454.48924778616
35.47354735473547,13.504597655461772,100445.3605797549
35.47854785478548,13.505180180136342,100449.98535200433
35.483548354835484,13.5057643848161,100445.04514597944
35.488548854885494,13.506350267412005,100443.9745389503
35.493549354935496,13.50693782582453,100448.77713713462
35.4985498549855,13.507527057943669,100451.92626049735
35.50355035503551,13.508117961648956,100444.14247117832
35.50855085508551,13.508710534809476,100451.23025748484
35.51355135513551,13.509304775283871,100439.72210007413
35.51855185518552,13.509900680920367,100448.81888531621
35.52355235523552,13.51049824955678,100456.36452514972
35.52855285528553,13.51109747902053,100450.22115352894
35.533553355335535,13.511698367128648,100451.91788023832
35.53855385538554,13.512300911687808,100446.16596244463
35.543554355435546,13.512905110494323,100452.86106017657
35.54855485548555,13.513510961334159,100443.76229776279
35.55355535553556,13.514118461982967,100444.39810922733
35.55855585558556,13.514727610206078,100449.01494869434
35.56355635563556,13.51533840375852,100449.91617544284
35.56855685568557,13.515950840385043,100449.53663237768
35.57355735573557,13.516564917820123,100449.04589290098
35.57855785578558,13.517180633787978,100451.10495239285
35.583558355835585,13.517797986002579,100441.01457048839
35.58855885588559,13.518416972167678,100448.27971034648
35.5935593559356,13.519037589976806,100444.41295651048
35.5985598559856,13.519659837113297,100451.0382109252
35.60356035603561,13.520283711250297,100437.77144465272
35.60856085608561,13.520909210050783,100447.71036008999
35.61356135613561,13.521536331167574,100446.38859862664
35.61856185618562,13.522165072243354,100444.51807969438
35.623562356235624,13.52279543091067,100446.93880054454
35.62856285628563,13.523427404791965,100452.54303514874
35.633563356335635,13.524060991499583,100441.7629593233
35.63856385638564,13.524696188635783,100442.44697166592
35.64356435643565,13.525332993792759,100453.10906173264
35.64856485648565,13.525971404552655,100447.61049735069
35.65356535653566,13.526611418487574,100446.28432275073
35.65856585658566,13.527253033159596,100450.14756016627
35.66356635663566,13.527896246120804,100443.5405442476
35.66856685668567,13.528541054913278,100441.7700814466
35.673567356735674,13.529187457069128,100444.16005580497
35.67856785678568,13.529835450110504,100453.15441161674
35.683568356835686,13.530485031549608,100441.2500717596
35.68856885688569,13.531136198888712,100442.50818635793
35.6935693569357,13.531788949620182,100445.78919475956
35.6985698569857,13.532443281226476,100453.47124043465
35.70357035703571,13.533099191180174,100441.3193447238
35.70857085708571,13.533756676943987,100446.77252724872
35.71357135713571,13.534415735970782,100444.30009127375
35.71857185718572,13.535076365703583,100445.62523228025
35.723572357235724,13.535738563575599,100455.45879147989
35.728572857285734,13.536402327010236,100446.26703920138
35.733573357335736,13.537067653421115,100445.50473383079
35.73857385738574,13.537734540212078,100442.02640277581
35.74357435743575,13.538402984777225,100446.46781009495
35.74857485748575,13.539072984500908,100450.40503453641
35.75357535753575,13.539744536757766,100444.11161251212
35.75857585758576,13.540417638912725,100444.14638101231
35.76357635763576,13.541092288321025,100443.45012875753
35.76857685768577,13.541768482328234,100438.41188829794
35.773577357735775,13.542446218270266,100451.13836601452
35.77857785778578,13.543125493473392,100448.63642391181
35.783578357835786,13.543806305254266,100446.6006918061
35.78857885788579,13.54448865091993,100447.49778122628
35.7935793579358,13.545172527767845,100448.8493518515
35.7985798579858,13.54585793308589,100441.3559290884
35.8035803580358,13.5465448641524,100435.1040481704
35.80858085808581,13.547233318236168,100442.53677082148
35.813581358135814,13.54792329259646,100443.37288633504
35.81858185818582,13.54861478448305,100442.0632643938
35.823582358235825,13.549307791136217,100437.95168670583
35.82858285828583,13.55000230978677,100436.61761904536
35.83358335833584,13.550698337656076,100443.86851395477
35.83858385838584,13.551395871956057,100444.76174102223
35.84358435843585,13.55209490988922,100446.08763601864
35.84858485848585,13.55279544864868,100440.53341025191
35.85358535853585,13.553497485418161,100445.679093476
35.85858585858586,13.554201017372025,100445.46099022316
35.863586358635864,13.554906041675286,100447.76191065335
35.86858685868587,13.555612555483638,100432.28413793274
35.873587358735875,13.556320555943449,100439.12461876372
35.87858785878588,13.557030040191808,100445.06109231518
35.88358835883589,13.557741005356519,100444.9950752625
35.88858885888589,13.558453448556131,100442.05824987819
35.8935893589359,13.55916736689995,100448.10266186667
35.8985898589859,13.559882757488072,100436.6124781041
35.9035903590359,13.560599617411375,100439.93401602244
35.90859085908591,13.561317943751565,100449.30944734288
35.913591359135914,13.562037733581167,100438.30932955066
35.91859185918592,13.562758983963572,100437.35305340284
35.923592359235926,13.56348169195303,100444.93759188776
35.92859285928593,13.564205854594682,100448.11471119086
35.93359335933594,13.564931468924582,100441.7359963356
35.93859385938594,13.565658531969696,100449.78127830494
35.94359435943595,13.566387040747948,100449.55118450346
35.94859485948595,13.567116992268215,100447.37581686862
35.95359535953595,13.567848383530356,100435.07682274826
35.95859585958596,13.568581211525236,100442.06253223639
35.963596359635964,13.569315473234733,100438.51324667675
35.968596859685974,13.570051165631758,100442.80746588731
35.973597359735976,13.570788285680294,100435.37381722787
35.97859785978598,13.571526830335381,100437.16648810232
35.98359835983599,13.572266796543168,100440.75970912162
35.98859885988599,13.573008181240906,100437.6953601302
35.993599359936,13.57375098135699,100439.1806185472
35.998599859986,13.574495193810957,100437.81573673889
36.003600360036,13.57524081551352,100441.26191097927
36.00860086008601,13.575987843366585,100448.67894154043
36.013601360136015,13.576736274263261,100438.1556580871
36.01860186018602,13.577486105087887,100437.83598544737
36.023602360236026,13.57823733271606,100439.30702946665
36.02860286028603,13.578989954014634,100439.92455005222
36.03360336033604,13.57974396584176,100436.61481362602
36.03860386038604,13.580499365046885,100440.09192123663
36.04360436043604,13.581256148470795,100437.81616028697
36.04860486048605,13.582014312945615,100435.77195457621
36.053605360536054,13.582773855294844,100444.49898595661
36.05860586058606,13.58353477233336,100437.21622898271
36.063606360636065,13.584297060867451,100447.2542428795
36.06860686068607,13.585060717694832,100429.0075840033
36.07360736073608,13.585825739604664,100436.36907584507
36.07860786078608,13.58659212337757,100432.43564347735
36.08360836083609,13.58735986578567,100436.39097090134
36.08860886088609,13.588128963592583,100439.32481063371
36.09360936093609,13.588899413553452,100444.38408341275
36.0986098609861,13.589671212414979,100433.79548548555
36.103610361036104,13.590444356915421,100445.84335018048
36.10861086108611,13.591218843784635,100428.9408512661
36.113611361136115,13.591994669744071,100441.55170630511
36.11861186118612,13.592771831506827,100451.24630561974
36.12361236123613,13.593550325777636,100441.80718312447
36.12861286128613,13.594330149252908,100441.60058881309
36.13361336133614,13.59511129862074,100441.92330346242
36.13861386138614,13.595893770560945,100435.22329413137
36.14361436143614,13.59667756174506,100441.75150153895
36.14861486148615,13.597462668836389,100435.88140250152
36.153615361536154,13.598249088489995,100441.20411650029
36.15861586158616,13.599036817352749,100423.57930226714
36.163616361636166,13.599825852063324,100431.5180351282
36.16861686168617,13.600616189252243,100434.93390466688
36.17361736173618,13.601407825541878,100436.67006449158
36.17861786178618,13.602200757546484,100441.15815853089
36.18361836183619,13.602994981872218,100442.22095116293
36.18861886188619,13.603790495117149,100446.32105957752
36.19361936193619,13.604587293871301,100438.60210205284
36.1986198619862,13.605385374716656,100432.92552023641
36.203620362036204,13.606184734227176,100435.99767592912
36.208620862086214,13.606985368968845,100434.6247667393
36.213621362136216,13.607787275499657,100427.30322714627
36.21862186218622,13.608590450369666,100437.97747151619
36.22362236223623,13.609394890121,100432.78584530877
36.22862286228623,13.610200591287871,100439.3429529798
36.23362336233624,13.611007550396613,100427.05448388928
36.23862386238624,13.611815763965689,100437.27521656985
36.24362436243624,13.612625228505728,100434.35685754356
36.24862486248625,13.613435940519535,100432.92347109684
36.253625362536255,13.614247896502118,100434.38114579947
36.25862586258626,13.615061092940707,100427.9893265729
36.263626362636266,13.615875526314776,100433.79208333591
36.26862686268627,13.61669119309607,100425.07988298996
36.27362736273628,13.617508089748624,100439.01276733729
36.27862786278628,13.618326212728782,100435.99005898692
36.28362836283628,13.619145558485224,100435.99143171748
36.28862886288629,13.619966123458987,100432.70817667914
36.293629362936294,13.62078790408348,100429.3782888652
36.2986298629863,13.62161089678452,100433.54407722825
36.303630363036305,13.622435097980347,100426.96677932217
36.30863086308631,13.62326050408164,100437.132294848
36.31363136313632,13.624087111491553,100437.46030406501
36.31863186318632,13.624914916605725,100435.79370059933
36.32363236323633,13.62574391581231,100428.32476581234
36.32863286328633,13.626574105491995,100437.17752606927
36.33363336333633,13.627405482018032,100433.52754325859
36.33863386338634,13.628238041756246,100446.71888445553
36.343634363436344,13.629071781065068,100436.67605549208
36.34863486348635,13.62990669629556,100433.15345593999
36.353635363536355,13.630742783791424,100437.3775742013
36.35863586358636,13.63158003988904,100419.98738123046
36.36363636363637,13.632418460917483,100434.18047774464
36.36863686368637,13.633258043198543,100425.97711255797
36.37363736373638,13.63409878304675,100433.60230646508
36.37863786378638,13.634940676769403,100435.9961300818
36.38363836383638,13.635783720666584,100429.05063395116
36.38863886388639,13.636627911031184,100434.90038796875
36.393639363936394,13.637473244148927,100431.35008438559
36.3986398639864,13.6383197162984,100439.65054457665
36.403640364036406,13.639167323751058,100428.43681943949
36.40864086408641,13.640016062771272,100435.20741132682
36.41364136413642,13.640865929616329,100431.5287117076
36.41864186418642,13.64171692053647,100436.26880147828
36.42364236423643,13.64256903177491,100429.39166602839
36.42864286428643,13.643422259567858,100420.12288245025
36.43364336433643,13.644276600144543,100432.86148864026
36.43864386438644,13.645132049727245,100435.32376177864
36.443644364436445,13.6459886045313,100429.13683101548
36.448644864486454,13.646846260765143,100433.61956509501
36.453645364536456,13.647705014630317,100429.61066563704
36.45864586458646,13.64856486232151,100424.39570932982
36.46364636463647,13.649425800026574,100427.23271146532
36.46864686468647,13.650287823926536,100423.96919117487
36.47364736473648,13.651150930195644,100423.39947932727
36.47864786478648,13.652015115001376,100424.63979380019
36.48364836483648,13.652880374504463,100428.03066270742
36.48864886488649,13.653746704858928,100424.88099585721
36.493649364936495,13.65461410221209,100439.6603547049
36.4986498649865,13.655482562704602,100433.72317525305
36.503650365036506,13.656352082470475,100428.80935837503
36.50865086508651,13.65722265763709,100431.56927010849
36.51365136513652,13.658094284325239,100442.08096201559
36.51865186518652,13.65896695864913,100435.91372852813
36.52365236523652,13.659840676716433,100440.90941465923
36.52865286528653,13.660715434628287,100431.68807035503
36.533653365336534,13.661591228479333,100427.79489977221
36.53865386538654,13.662468054357737,100432.97935608163
36.543654365436545,13.663345908345208,100432.43807845424
36.54865486548655,13.664224786517035,100440.41460558066
36.55365536553656,13.665104684942103,100434.13650763601
36.55865586558656,13.66598559968291,100423.90702921274
36.56365636563657,13.66686752679562,100428.35268412602
36.56865686568657,13.667750462330048,100428.22448600529
36.57365736573657,13.668634402329717,100434.91189902928
36.57865786578658,13.669519342831867,100422.89634076909
36.583658365836584,13.670405279867486,100422.64002807268
36.58865886588659,13.671292209461331,100431.8266320885
36.593659365936595,13.67218012763195,100430.34110830104
36.5986598659866,13.673069030391721,100428.90006511185
36.60366036603661,13.67395891374686,100415.46122345365
36.60866086608661,13.67484977369745,100427.72549625667
36.61366136613662,13.675741606237478,100432.5483886293
36.61866186618662,13.676634407354845,100427.23478048247
36.62366236623662,13.677528173031398,100427.39507194307
36.62866286628663,13.678422899242957,100428.47480447196
36.633663366336634,13.679318581959336,100427.94522544084
36.63866386638664,13.680215217144367,100423.96342173746
36.643664366436646,13.68111280075593,100423.09224617398
36.64866486648665,13.682011328745977,100430.1928024566
36.65366536653666,13.682910797060556,100433.41519843631
36.65866586658666,13.683811201639838,100429.07579081865
36.66366636663667,13.684712538418138,100420.24750314366
36.66866686668667,13.685614803323944,100424.2237220914
36.67366736673667,13.686517992279944,100420.82810445694
36.67866786678668,13.687422101203051,100435.26965373897
36.683668366836685,13.68832712600442,100420.70241356322
36.688668866886694,13.689233062589492,100424.04091904183
36.693669366936696,13.690139906857999,100424.21071665187
36.6986698669867,13.691047654704,100425.70115074636
36.70367036703671,13.691956302015909,100434.73873080387
36.70867086708671,13.692865844676513,100431.93477817932
36.71367136713672,13.693776278563009,100427.05592469248
36.71867186718672,13.694687599547011,100424.93479779038
36.72367236723672,13.6955998034946,100423.79916615757
36.72867286728673,13.696512886266332,100425.69272171163
36.733673367336735,13.697426843717263,100424.69078407132
36.73867386738674,13.698341671696994,100423.41654956329
36.743674367436746,13.699257366049677,100427.62599025204
36.74867486748675,13.700173922614043,100424.33423645594
36.75367536753676,13.701091337223446,100425.98026198016
36.75867586758676,13.702009605705864,100427.54012179533
36.76367636763676,13.702928723883941,100420.80553516807
36.76867686768677,13.703848687575015,100422.16290463878
36.773677367736774,13.70476949259113,100428.7400108074
36.77867786778678,13.705691134739075,100420.57240916936
36.783678367836785,13.706613609820407,100423.91286421
36.78867886788679,13.707536913631474,100419.60786183862
36.7936793679368,13.708461041963444,100418.83062443417
36.7986798679868,13.709385990602327,100417.90819528152
36.80368036803681,13.710311755329016,100425.37338451827
36.80868086808681,13.711238331919287,100412.68058281082
36.81368136813681,13.712165716143854,100420.2316482049
36.81868186818682,13.713093903768378,100417.7218547429
36.823682368236824,13.714022890553496,100419.19278926888
36.82868286828683,13.714952672254846,100419.0692397255
36.833683368336835,13.715883244623106,100423.11516972617
36.83868386838684,13.716814603404003,100418.04886920059
36.84368436843685,13.717746744338356,100415.22435146292
36.84868486848685,13.718679663162087,100416.43566864979
36.85368536853686,13.719613355606258,100421.33298742479
36.85868586858686,13.720547817397092,100418.80388474774
36.86368636863686,13.721483044256011,100415.3369368578
36.86868686868687,13.722419031899648,100420.56377097145
36.873687368736874,13.723355776039876,100415.05330604501
36.87868786878688,13.72429327238385,100420.42476354812
36.883688368836886,13.725231516634016,100412.93723631205
36.88868886888689,13.726170504488142,100413.93874918994
36.8936893689369,13.727110231639356,100409.6627231679
36.8986898689869,13.728050693776156,100414.02166507786
36.90369036903691,13.728991886582449,100410.64257801941
36.90869086908691,13.729933805737575,100409.2975563317
36.91369136913691,13.730876446916335,100418.48970514684
36.91869186918692,13.731819805789014,100427.68603107179
36.923692369236925,13.732763878021405,100428.29151746091
36.928692869286934,13.733708659274853,100417.19180420235
36.933693369336936,13.734654145206264,100426.49490334291
36.93869386938694,13.73560033146814,100418.15534338483
36.94369436943695,13.736547213708606,100410.03560976917
36.94869486948695,13.737494787571434,100421.10362831468
36.95369536953696,13.738443048696071,100415.87234985428
36.95869586958696,13.739391992717675,100418.18706963462
36.96369636963696,13.740341615267129,100412.74017407194
36.96869686968697,13.741291911971077,100413.0315440225
36.973697369736975,13.742242878451947,100414.74874574652
36.97869786978698,13.74319451032798,100411.56898411455
36.983698369836986,13.744146803213258,100423.86718907679
36.98869886988699,13.745099752717731,100419.7965755141
36.993699369937,13.746053354447248,100414.22898183009
36.998699869987,13.747007604003572,100417.3269533673
37.003700370037,13.747962496984425,100410.91111307185
37.00870087008701,13.748918028983503,100406.3209043683
37.013701370137014,13.749874195590502,100403.47559985018
37.01870187018702,13.750830992391165,100407.53370725473
37.023702370237025,13.751788414967283,100418.37808717636
37.02870287028703,13.752746458896736,100415.63830513564
37.03370337033704,13.753705119753528,100407.43701170036
37.03870387038704,13.754664393107799,100415.93146047376
37.04370437043705,13.755624274525864,100415.31147721384
37.04870487048705,13.75658475957023,100408.7775754242
37.05370537053705,13.757545843799642,100412.00175846476
37.05870587058706,13.75850752276909,100404.18782973888
37.063706370637064,13.75946979202985,100408.9881275107
37.06870687068707,13.76043264712951,100405.3126827412
37.073707370737075,13.76139608361199,100408.15973521047
37.07870787078708,13.762360097017575,100416.16787486624
37.08370837083709,13.763324682882956,100409.9572477893
37.08870887088709,13.764289836741229,100414.26113694717
37.0937093709371,13.765255554121952,100401.00395057873
37.0987098709871,13.766221830551151,100411.50916776177
37.1037103710371,13.767188661551366,100408.83486078696
37.10871087108711,13.76815604264166,100410.87154041605
37.113711371137114,13.769123969337668,100413.40037594897
37.118711871187124,13.77009243715161,100412.1416124562
37.123712371237126,13.771061441592316,100410.36859200045
37.12871287128713,13.772030978165272,100412.50811621956
37.13371337133714,13.773001042372638,100413.62881481458
37.13871387138714,13.773971629713262,100404.90355967513
37.14371437143715,13.774942735682739,100416.50591097819
37.14871487148715,13.775914355773407,100404.17228685989
37.15371537153715,13.776886485474401,100409.10141234564
37.15871587158716,13.777859120271668,100404.1440304379
37.163716371637165,13.778832255647993,100403.70070775221
37.168716871687174,13.779805887083034,100413.98013662954
37.173717371737176,13.780780010053347,100409.12635776168
37.17871787178718,13.781754620032421,100409.62674911578
37.18371837183719,13.782729712490694,100413.35292981919
37.18871887188719,13.78370528289559,100407.23953569002
37.1937193719372,13.784681326711551,100411.18999093265
37.1987198719872,13.785657839400045,100406.25991474061
37.2037203720372,13.786634816419621,100400.32938087544
37.20872087208721,13.787612253225928,100399.27006606394
37.213721372137215,13.788590145271728,100397.85555460358
37.21872187218722,13.78956848800695,100407.58974889446
37.223722372237226,13.790547276878696,100401.30739464414
37.22872287228723,13.791526507331286,100405.64952419484
37.23372337233724,13.792506174806274,100399.46358877953
37.23872387238724,13.793486274742484,100404.39239887655
37.24372437243724,13.794466802576041,100409.1014060217
37.24872487248725,13.795447753740392,100396.92335599131
37.253725372537254,13.796429123666332,100405.00412244836
37.25872587258726,13.79741090778205,100400.20331257913
37.263726372637265,13.79839310151313,100411.85789490992
37.26872687268727,13.799375700282612,100404.14355752697
37.27372737273728,13.800358699510994,100405.12780390456
37.27872787278728,13.801342094616272,100402.34139951739
37.28372837283729,13.802325881013973,100409.7705201725
37.28872887288729,13.803310054117167,100410.71903912451
37.29372937293729,13.804294609336516,100405.7160028626
37.2987298729873,13.805279542080292,100397.34607294993
37.303730373037304,13.806264847754404,100402.01374125142
37.30873087308731,13.807250521762427,100402.65399828546
37.313731373137315,13.808236559505644,100404.78566667748
37.31873187318732,13.809222956383053,100400.31601481773
37.32373237323733,13.810209707791413,100403.18306733645
37.32873287328733,13.811196809125265,100399.73895287835
37.33373337333734,13.812184255776964,100397.29157014587
37.33873387338734,13.813172043136703,100398.23293597465
37.34373437343734,13.814160166592549,100404.38409099377
37.34873487348735,13.815148621530467,100403.76903342342
37.353735373537354,13.816137403334348,100395.68902984392
37.358735873587364,13.81712650738604,100393.37678367001
37.363736373637366,13.818115929065378,100398.58999645499
37.36873687368737,13.81910566375021,100388.92925918609
37.37373737373738,13.820095706816433,100397.26428893303
37.37873787378738,13.821086053638005,100388.05204348097
37.38373837383739,13.822076699586995,100395.35776213973
37.38873887388739,13.823067640033596,100395.38262917302
37.39373937393739,13.824058870346166,100400.9849108812
37.3987398739874,13.825050385891245,100398.93992449385
37.403740374037405,13.826042182033593,100405.66232125602
37.408740874087414,13.827034254136215,100398.34507363432
37.413741374137416,13.828026597560395,100394.66295480859
37.41874187418742,13.829019207665711,100397.50560691739
37.42374237423743,13.830012079810086,100397.56061235526
37.42874287428743,13.831005209349795,100396.4960031677
37.43374337433744,13.83199859163951,100396.50077000118
37.43874387438744,13.83299222203232,100395.18558112193
37.44374437443744,13.833986095879766,100398.21334147117
37.44874487448745,13.834980208531864,100403.62854373697
37.453745374537455,13.835974555337136,100395.52265602091
37.45874587458746,13.836969131642647,100389.33660184428
37.463746374637466,13.83796393279402,100399.02003052454
37.46874687468747,13.838958954135476,100395.0785721631
37.47374737473748,13.839954191009863,100390.29391381085
37.47874787478748,13.84094963875867,100400.00013184026
37.48374837483748,13.841945292722077,100394.29729044862
37.48874887488749,13.84294114823898,100396.29997732019
37.493749374937494,13.843937200647,100396.62551590892
37.4987498749875,13.84493344528254,100396.64580760736
37.503750375037505,13.845929877480799,100382.80124785719
37.50875087508751,13.846926492575795,100390.23424054292
37.51375137513752,13.847923285900412,100393.40530074172
37.51875187518752,13.848920252786419,100394.46311298753
37.52375237523753,13.849917388564496,100399.64113481027
37.52875287528753,13.850914688564266,100392.12827997531
37.53375337533753,13.851912148114334,100391.13867363993
37.53875387538754,13.852909762542298,100393.86356032935
37.543754375437544,13.853907527174794,100389.1763149913
37.54875487548755,13.854905437337516,100395.63417983819
37.553755375537555,13.855903488355251,100396.2669713277
37.55875587558756,13.856901675551898,100384.15497135212
37.56375637563757,13.857899994250518,100394.91700201233
37.56875687568757,13.85889843977334,100388.4964664322
37.57375737573758,13.8598970074418,100392.56198452266
37.57875787578758,13.860895692576571,100392.50887982381
37.58375837583758,13.861894490497601,100390.29586100797
37.58875887588759,13.86289339652412,100389.64514324554
37.593759375937594,13.863892405974688,100385.6817771771
37.598759875987604,13.864891514167223,100390.119080555
37.603760376037606,13.865890716419017,100384.76824409173
37.60876087608761,13.866890008046775,100383.3240822109
37.61376137613762,13.867889384366654,100401.04490542911
37.61876187618762,13.868888840694266,100388.27805419717
37.62376237623763,13.86988837234474,100392.46478926587
37.62876287628763,13.870887974632716,100390.1891222609
37.63376337633763,13.871887642872403,100386.40905310986
37.63876387638764,13.872887372377601,100382.20826946548
37.643764376437645,13.873887158461716,100390.25318519991
37.648764876487654,13.874886996437812,100392.30613810757
37.653765376537656,13.875886881618618,100388.17584155092
37.65876587658766,13.876886809316575,100388.5248299899
37.66376637663767,13.877886774843859,100388.44833652355
37.66876687668767,13.878886773512399,100384.76640927483
37.67376737673768,13.879886800633932,100383.54123507142
37.67876787678768,13.880886851520005,100392.21130950206
37.68376837683768,13.881886921482023,100380.52552749847
37.68876887688769,13.88288700583127,100379.02932279003
37.693769376937695,13.883887099878939,100381.18309711611
37.6987698769877,13.88488719893616,100386.60615363109
37.703770377037706,13.885887298314044,100383.16005659115
37.70877087708771,13.886887393323681,100385.88809891598
37.71377137713772,13.887887479276204,100385.30282068788
37.71877187718772,13.888887551482794,100382.74873578468
37.72377237723772,13.889887605254723,100381.1788488784
37.72877287728773,13.890887635903374,100372.8502376645
37.733773377337734,13.891887638740275,100378.27239483364
37.73877387738774,13.892887609077135,100379.00738694039
37.743774377437745,13.893887542225855,100395.22728666109
37.74877487748775,13.894887433498576,100381.38368797864
37.75377537753776,13.8958872782077,100379.87911323056
37.75877587758776,13.896887071665917,100370.01613986689
37.76377637763777,13.89788680918624,100380.03911833762
37.76877687768777,13.89888648608203,100379.62044055254
37.77377737773777,13.899886097667029,100381.11716666244
37.77877787778778,13.900885639255389,100381.04349812774
37.783778377837784,13.901885106161691,100387.06014312821
37.78877887788779,13.902884493700993,100378.76367101821
37.793779377937796,13.90388379718884,100383.98150402286
37.7987798779878,13.904883011941312,100377.25677225224
37.80378037803781,13.905882133275037,100378.72047212713
37.80878087808781,13.906881156507229,100379.56043648977
37.81378137813782,13.907880076955715,100378.30841892703
37.81878187818782,13.908878889938965,100372.35164451467
37.82378237823782,13.909877590776118,100382.51948559703
37.82878287828783,13.910876174787022,100381.40567147966
37.833783378337834,13.911874637292245,100376.78911872237
37.838783878387844,13.91287297361312,100378.92444269781
37.843784378437846,13.91387117907177,100360.64347243281
37.84878487848785,13.914869248991131,100380.22759155446
37.85378537853786,13.915867178694995,100375.63405473385
37.85878587858786,13.916864963508019,100388.0497757956
37.86378637863787,13.917862598755777,100381.03270967491
37.86878687868787,13.918860079764766,100376.96121508948
37.87378737873787,13.919857401862462,100374.53651963969
37.87878787878788,13.920854560377322,100375.15075744856
37.883788378837885,13.92185155063883,100379.8489245176
37.888788878887894,13.922848367977522,100366.58695404297
37.893789378937896,13.923845007725014,100377.82637361591
37.8987898789879,13.924841465214033,100372.40614021294
37.90379037903791,13.92583773577845,100374.76621091996
37.90879087908791,13.92683381475329,100380.96760030714
37.91379137913792,13.927829697474797,100377.44290504664
37.91879187918792,13.92882537928042,100369.8328248564
37.92379237923792,13.92982085550888,100385.40280779845
37.92879287928793,13.930816121500175,100371.04842232635
37.933793379337935,13.93181117259562,100374.4964871847
37.93879387938794,13.932806004137873,100375.57455624116
37.943794379437946,13.933800611470968,100370.1631846081
37.94879487948795,13.934794989940329,100375.30102031
37.95379537953796,13.935789134892827,100377.66070779247
37.95879587958796,13.93678304167678,100361.91142767126
37.96379637963796,13.937776705641996,100371.99179398236
37.96879687968797,13.938770122139813,100376.87754531454
37.973797379737974,13.939763286523101,100376.88149023817
37.97879787978798,13.940756194146315,100372.82978888006
37.983798379837985,13.941748840365507,100369.05135120105
37.98879887988799,13.942741220538377,100363.23935397608
37.993799379938,13.943733330024271,100378.85238014245
37.998799879988,13.944725164184243,100374.91824867751
38.00380038003801,13.945716718381057,100380.27455405044
38.00880088008801,13.946707987979229,100363.74176821453
38.01380138013801,13.947698968345058,100366.39628505865
38.01880188018802,13.948689654846651,100367.47045393864
38.023802380238024,13.949680042853947,100370.78183459298
38.02880288028803,13.950670127738757,100367.4871651105
38.033803380338036,13.951659904874782,100362.04078635671
38.03880388038804,13.95264936963765,100370.05471744886
38.04380438043805,13.953638517404936,100373.54692764979
38.04880488048805,13.954627343556208,100361.19660410318
38.05380538053806,13.955615843473034,100364.543873604
38.05880588058806,13.956604012539023,100363.40049511187
38.06380638063806,13.957591846139858,100363.33213689674
38.06880688068807,13.958579339663313,100356.70750953651
38.073807380738074,13.95956648849929,100367.47182128961
38.078807880788084,13.960553288039849,100361.3073277237
38.083808380838086,13.961539733679226,100360.27127318992
38.08880888088809,13.962525820813875,100363.56569406606
38.0938093809381,13.963511544842493,100361.47889200751
38.0988098809881,13.964496901166042,100363.91421653042
38.10381038103811,13.965481885187783,100356.49643140116
38.10881088108811,13.966466492313305,100358.71341941538
38.11381138113811,13.967450717950557,100368.6403246017
38.11881188118812,13.968434557509866,100360.96351695781
38.123812381238125,13.969418006403979,100357.70896813544
38.128812881288134,13.970401060048083,100352.96945145137
38.133813381338136,13.971383713859831,100369.39716830979
38.13881388138814,13.972365963259378,100371.19715379222
38.14381438143815,13.973347803669418,100367.03816645904
38.14881488148815,13.97432923051518,100357.43820055127
38.15381538153816,13.9753102392245,100366.83044257306
38.15881588158816,13.976290825227814,100362.91314369717
38.16381638163816,13.977270983958206,100357.85028959763
38.16881688168817,13.978250710851428,100363.01884977642
38.173817381738175,13.979230001345936,100362.13390972263
38.17881788178818,13.980208850882907,100369.73987796677
38.183818381838186,13.981187254906285,100365.44107446836
38.18881888188819,13.982165208862789,100362.71971671232
38.1938193819382,13.983142708201957,100358.17034399087
38.1988198819882,13.984119748376164,100355.43267610713
38.2038203820382,13.985096324840663,100353.82386031946
38.20882088208821,13.986072433053598,100365.93333343537
38.213821382138214,13.987048068476046,100359.36296427477
38.21882188218822,13.988023226572036,100364.45777773186
38.223822382238225,13.988997902808581,100352.80346659682
38.22882288228823,13.989972092655707,100346.45038777115
38.23382338233824,13.990945791586485,100354.96952608356
38.23882388238824,13.991918995077047,100349.37902776229
38.24382438243825,13.992891698606625,100360.38611634135
38.24882488248825,13.99386389765758,100355.47630642366
38.25382538253825,13.99483558771542,100356.36007170325
38.25882588258826,13.995806764268842,100350.57258614023
38.263826382638264,13.996777422809746,100350.44943323903
38.26882688268827,13.997747558833279,100352.33372451541
38.273827382738276,13.998717167837842,100359.94255159149
38.27882788278828,13.999686245325144,100352.02914835686
38.28382838283829,14.00065478680021,100353.46932515055
38.28882888288829,14.001622787771412,100351.42560563119
38.2938293829383,14.002590243750507,100356.89526950836
38.2988298829883,14.003557150252659,100343.35717461142
38.3038303830383,14.00452350279646,100351.4408925199
38.30883088308831,14.005489296903976,100356.46556166008
38.313831383138314,14.00645452810075,100342.92820912207
38.318831883188324,14.00741919191586,100351.10164203725
38.323832383238326,14.008383283881914,100344.8726817487
38.32883288328833,14.009346799535107,100350.3935855213
38.33383338333834,14.010309734415236,100343.60224449153
38.33883388338834,14.011272084065718,100349.69529242176
38.34383438343835,14.012233844033641,100348.26716709015
38.34883488348835,14.013195009869774,100344.93125659006
38.35383538353835,14.014155577128596,100345.6689842537
38.35883588358836,14.015115541368337,100354.25665425013
38.363836383638365,14.016074898150988,100338.23605614448
38.368836883688374,14.017033643042343,100352.38606227218
38.373837383738376,14.017991771612017,100348.94937748401
38.37883788378838,14.018949279433482,100342.06619066688
38.38383838383839,14.019906162084085,100355.11093868567
38.38883888388839,14.020862415145086,100340.0821194682
38.3938393839384,14.021818034201681,100348.88008514518
38.3988398839884,14.022773014843024,100336.97584055731
38.4038403840384,14.023727352662267,100347.1803036561
38.40884088408841,14.024681043256573,100347.77888894216
38.413841384138415,14.025634082227157,100335.71515151658
38.418841884188424,14.026586465179303,100347.29616107018
38.42384238423843,14.0275381877224,100357.07860545146
38.42884288428843,14.02848924546996,100347.52367413028
38.43384338433844,14.02943963403966,100332.8142531626
38.43884388438844,14.03038934905335,100340.94469925121
38.44384438443844,14.031338386137097,100339.37286539104
38.44884488448845,14.0322867409212,100342.0507027711
38.453845384538454,14.033234409040235,100347.53592319749
38.45884588458846,14.034181386133056,100342.34028395673
38.463846384638465,14.035127667842842,100347.9848241924
38.46884688468847,14.036073249817127,100341.36098393878
38.47384738473848,14.037018127707809,100339.03081996825
38.47884788478848,14.037962297171187,100343.40335851647
38.48384838483849,14.038905753868002,100343.16839173883
38.48884888488849,14.039848493463435,100338.46767867438
38.49384938493849,14.040790511627154,100334.87665688772
38.4988498849885,14.041731804033345,100342.72371025963
38.503850385038504,14.042672366360721,100342.22107264084
38.50885088508851,14.043612194292564,100335.46846674717
38.513851385138516,14.044551283516741,100345.69238293644
38.51885188518852,14.045489629725749,100341.21075073253
38.52385238523853,14.046427228616716,100344.65696931351
38.52885288528853,14.047364075891451,100336.65810373258
38.53385338533854,14.04830016725646,100349.01051432572
38.53885388538854,14.049235498422968,100335.50678486224
38.54385438543854,14.05017006510696,100345.00451692483
38.54885488548855,14.051103863029196,100337.31587732014
38.553855385538554,14.052036887915241,100334.87560946916
38.558855885588564,14.0529691354955,100339.2216217108
38.563856385638566,14.053900601505225,100334.86728783722
38.56885688568857,14.054831281684564,100331.40737579147
38.57385738573858,14.055761171778569,100333.20844961307
38.57885788578858,14.056690267537238,100334.60975837696
38.58385838583859,14.057618564715535,100324.57041850414
38.58885888588859,14.058546059073407,100334.99968462173
38.59385938593859,14.05947274637583,100331.84548189628
38.5988598859886,14.060398622392821,100339.07611912007
38.603860386038605,14.061323682899465,100332.0926452309
38.608860886088614,14.062247923675953,100327.91155665362
38.613861386138616,14.063171340507592,100329.03078166697
38.61886188618862,14.064093929184843,100324.32998689389
38.62386238623863,14.065015685503349,100330.47445300284
38.62886288628863,14.065936605263948,100326.37261808001
38.63386338633864,14.066856684272715,100333.4746156884
38.63886388638864,14.067775918340969,100332.02859975622
38.64386438643864,14.068694303285325,100335.78177776732
38.64886488648865,14.069611834927699,100331.22911096807
38.653865386538655,14.070528509095343,100335.16707395212
38.658865886588664,14.071444321620866,100329.20307717856
38.66386638663867,14.07235926834227,100335.62834259571
38.66886688668867,14.073273345102958,100330.89474448694
38.67386738673868,14.074186547751786,100331.76704950095
38.67886788678868,14.075098872143062,100321.60347196387
38.68386838683868,14.07601031413659,100326.64238014136
38.68886888688869,14.076920869597693,100333.59227267372
38.693869386938694,14.077830534397227,100325.74264646183
38.6988698869887,14.078739304411622,100331.2994012305
38.703870387038705,14.0796471755229,100320.18020648816
38.70887088708871,14.080554143618704,100326.09892821257
38.71387138713872,14.08146020459232,100330.55141804193
38.71887188718872,14.082365354342704,100332.81003627524
38.72387238723873,14.083269588774513,100325.16006257139
38.72887288728873,14.084172903798114,100319.38976522307
38.73387338733873,14.08507529532964,100328.79637796372
38.73887388738874,14.085976759290983,100323.02762215456
38.743874387438744,14.08687729160983,100325.0938449512
38.74887488748875,14.087776888219711,100333.37055580471
38.753875387538756,14.088675545059987,100320.13256189329
38.75887588758876,14.0895732580759,100319.28855808255
38.76387638763877,14.090470023218595,100319.90287275809
38.76887688768877,14.091365836445137,100318.61076929777
38.77387738773878,14.092260693718544,100323.46557398574
38.77887788778878,14.093154591007814,100326.37691335616
38.78387838783878,14.094047524287939,100319.09830558089
38.78887888788879,14.094939489539943,100326.78629878559
38.793879387938794,14.095830482750895,100318.45636253386
38.798879887988804,14.09672049991395,100330.67624855354
38.803880388038806,14.097609537028353,100316.80592619305
38.80888088808881,14.098497590099486,100314.6018423943
38.81388138813882,14.099384655138877,100320.46098154935
38.81888188818882,14.100270728164231,100316.08356416124
38.82388238823883,14.101155805199454,100323.07990769256
38.82888288828883,14.10203988227468,100319.1201618105
38.83388338833883,14.10292295542629,100313.15280552338
38.83888388838884,14.103805020696951,100308.93524746758
38.843884388438845,14.104686074135616,100330.80096176929
38.848884888488854,14.105566111797575,100311.30286370219
38.853885388538856,14.106445129744458,100320.0720187352
38.85888588858886,14.107323124044278,100318.03358485672
38.86388638863887,14.108200090771447,100317.98950429524
38.86888688868887,14.109076026006791,100312.93677034379
38.87388738873888,14.109950925837596,100310.37533137792
38.87888788878888,14.110824786357613,100320.47999387515
38.88388838883888,14.111697603667091,100320.8688271261
38.88888888888889,14.112569373872804,100314.54705981669
38.893889388938895,14.113440093088068,100316.5484338868
38.898889888988904,14.114309757432768,100310.18901174024
38.90389038903891,14.115178363033388,100313.28554773598
38.90889088908891,14.116045906023029,100308.20658468331
38.91389138913892,14.116912382541432,100315.4736445252
38.91889188918892,14.117777788735005,100315.768646759
38.92389238923892,14.118642120756851,100315.00906017065
38.92889288928893,14.119505374766783,100312.47174626197
38.933893389338934,14.120367546931355,100308.511505958
38.93889388938894,14.121228633423888,100315.66316553437
38.943894389438945,14.12208863042448,100319.23113373794
38.94889488948895,14.122947534120046,100323.91863897374
38.95389538953896,14.12380534070434,100311.45466332855
38.95889588958896,14.124662046377964,100306.98143121484
38.96389638963897,14.125517647348412,100307.5612972285
38.96889688968897,14.126372139830075,100306.22737224882
38.97389738973897,14.127225520044279,100316.31618407163
38.97889788978898,14.128077784219302,100296.93791251772
38.983898389838984,14.128928928590398,100300.04671038872
38.98889888988899,14.129778949399821,100306.87710114184
38.993899389938996,14.130627842896848,100304.38666932925
38.998899889989,14.131475605337807,100308.3570042122
39.00390039003901,14.132322232986091,100304.52887552907
39.00890089008901,14.13316772211219,100309.6263774968
39.01390139013902,14.134012068993714,100299.78511888311
39.01890189018902,14.134855269915406,100307.62111153825
39.02390239023902,14.135697321169177,100320.25130248426
39.02890289028903,14.13653821905413,100300.98635190215
39.033903390339034,14.137377959876567,100306.14519292762
39.038903890389044,14.13821653995003,100298.14086302344
39.043904390439046,14.139053955595315,100303.84266648181
39.04890489048905,14.139890203140501,100299.27193198827
39.05390539053906,14.140725278920964,100300.01073986769
39.05890589058906,14.14155917927941,100301.11368279113
39.06390639063907,14.142391900565888,100298.54230890436
39.06890689068907,14.143223439137818,100299.98504456654
39.07390739073907,14.144053791360015,100310.27560125507
39.07890789078908,14.144882953604714,100295.59170208083
39.083908390839085,14.145710922251581,100302.68253316265
39.088908890889094,14.146537693687751,100295.16236499553
39.093909390939096,14.147363264307838,100311.62883581113
39.0989098909891,14.148187630513965,100296.30942856485
39.10391039103911,14.149010788715781,100291.17973369751
39.10891089108911,14.149832735330492,100304.14461282824
39.11391139113912,14.150653466782874,100305.54531747791
39.11891189118912,14.151472979505295,100288.3975999233
39.123912391239124,14.152291269937754,100294.62871627134
39.12891289128913,14.15310833452788,100294.8038799918
39.133913391339135,14.153924169730969,100290.8362906871
39.138913891389144,14.154738772010003,100291.98237439468
39.14391439143915,14.155552137835667,100308.01219078824
39.14891489148915,14.15636426368638,100295.0761190076
39.15391539153916,14.15717514604831,100307.33959035393
39.15891589158916,14.157984781415403,100290.87119688194
39.16391639163916,14.158793166289389,100292.786514078
39.16891689168917,14.159600297179832,100289.7208106434
39.173917391739174,14.160406170604118,100303.06129087856
39.17891789178918,14.161210783087503,100292.05180601202
39.183918391839185,14.162014131163126,100292.4328370384
39.18891889188919,14.162816211372027,100291.60938466329
39.1939193919392,14.163617020263171,100292.4389298826
39.1989198919892,14.16441655439347,100286.6810174191
39.20392039203921,14.165214810327814,100289.66186075527
39.20892089208921,14.16601178463907,100293.12479583375
39.21392139213921,14.166807473908124,100291.15104924324
39.21892189218922,14.167601874723896,100301.74218644241
39.223922392239224,14.168394983683356,100292.06426210621
39.22892289228923,14.169186797391552,100295.83357048593
39.233923392339236,14.169977312461631,100296.40967050273
39.23892389238924,14.170766525514853,100290.89571586844
39.24392439243925,14.171554433180624,100289.75402023969
39.24892489248925,14.172341032096506,100291.6844168873
39.25392539253926,14.173126318908242,100286.10317339064
39.25892589258926,14.173910290269776,100287.13227017321
39.26392639263926,14.17469294284328,100291.98698398477
39.26892689268927,14.17547427329917,100295.42496424387
39.273927392739274,14.176254278316117,100300.11595306161
39.278927892789284,14.177032954581094,100295.94994486704
39.283928392839286,14.177810298789366,100289.52203096256
39.28892889288929,14.17858630764453,100286.70609536419
39.2939293929393,14.179360977858533,100291.65550052848
39.2989298929893,14.18013430615169,100286.27833123392
39.30393039303931,14.180906289252698,100283.92172589638
39.30893089308931,14.181676923898673,100292.77207775453
39.31393139313931,14.182446206835152,100287.6118870811
39.31893189318932,14.183214134816128,100276.93402831237
39.323932393239325,14.183980704604059,100284.13560284785
39.328932893289334,14.184745912969898,100287.15988735633
39.333933393339336,14.185509756693104,100286.96999708246
39.33893389338934,14.186272232561674,100289.78137895516
39.34393439343935,14.187033337372148,100282.19460384143
39.34893489348935,14.18779306792964,100286.15259607464
39.35393539353936,14.188551421047855,100280.68063424014
39.35893589358936,14.189308393549108,100279.72293029739
39.363936393639364,14.190063982264345,100278.68193476982
39.36893689368937,14.190818184033164,100284.82206669054
39.373937393739375,14.19157099570383,100290.2728356713
39.378937893789384,14.1923224141333,100275.73219195943
39.38393839383939,14.193072436187238,100277.78584200593
39.38893889388939,14.193821058740042,100277.35448608537
39.3939393939394,14.194568278674854,100271.14652396404
39.3989398939894,14.195314092883585,100273.29343709844
39.4039403940394,14.196058498266936,100274.98926537737
39.40894089408941,14.196801491734414,100276.8799638711
39.413941394139414,14.197543070204345,100282.3599758806
39.41894189418942,14.198283230603916,100285.12536630573
39.423942394239425,14.199021969869165,100275.9180984637
39.42894289428943,14.199759284945015,100267.01966300889
39.43394339433944,14.200495172785303,100278.45620463928
39.43894389438944,14.201229630352774,100275.00329392587
39.44394439443945,14.201962654619125,100277.07764119479
39.44894489448945,14.202694242565004,100272.10300757633
39.45394539453945,14.203424391180045,100269.89760457433
39.45894589458946,14.204153097462877,100273.76712495153
39.463946394639464,14.204880358421143,100265.9432450048
39.46894689468947,14.205606171071526,100280.11869742548
39.473947394739476,14.206330532439758,100274.43231661574
39.47894789478948,14.207053439560644,100270.99862195172
39.48394839483949,14.207774889478085,100267.05641592649
39.48894889488949,14.208494879245082,100273.2841712045
39.4939493949395,14.209213405923775,100267.52303485453
39.4989498949895,14.209930466585442,100273.92522606048
39.5039503950395,14.210646058310527,100277.09876294939
39.50895089508951,14.211360178188656,100268.40014225821
39.513951395139514,14.21207282331866,100268.82777633356
39.518951895189524,14.212783990808589,100265.86745505106
39.523952395239526,14.21349367777572,100261.29762589038
39.52895289528953,14.214201881346597,100272.61830316966
39.53395339533954,14.214908598657034,100265.93639934048
39.53895389538954,14.215613826852131,100267.59329211304
39.54395439543955,14.216317563086305,100274.9470260236
39.54895489548955,14.21701980452329,100264.32606523574
39.55395539553955,14.217720548336171,100263.57640480531
39.55895589558956,14.218419791707397,100268.7400496221
39.563956395639565,14.219117531828788,100264.2330431679
39.568956895689574,14.21981376590157,100270.34109907558
39.573957395739576,14.220508491136377,100262.41831046533
39.57895789578958,14.22120170475328,100264.17011272207
39.58395839583959,14.221893403981797,100260.3146707513
39.58895889588959,14.222583586060912,100263.69664448618
39.5939593959396,14.223272248239098,100263.84353752011
39.5989598959896,14.223959387774324,100267.59719386026
39.603960396039604,14.224645001934075,100262.25063858126
39.60896089608961,14.225329087995382,100261.3275506847
39.613961396139615,14.226011643244817,100262.66401683002
39.618961896189624,14.22669266497853,100256.64237424063
39.62396239623963,14.227372150502253,100256.28260307666
39.62896289628963,14.228050097131323,100255.30204944206
39.63396339633964,14.228726502190694,100259.04816505952
39.63896389638964,14.229401363014961,100268.35605198634
39.64396439643964,14.23007467694837,100262.1520930302
39.64896489648965,14.230746441344836,100268.19244473334
39.653965396539654,14.231416653567965,100260.57333558466
39.65896589658966,14.23208531099106,100264.49166890609
39.663966396639665,14.232752410997147,100261.59087680855
39.66896689668967,14.233417950978987,100256.73651839315
39.67396739673968,14.234081928339096,100263.83835828656
39.67896789678968,14.23474434048975,100257.01287445765
39.68396839683969,14.235405184853022,100251.73910601811
39.68896889688969,14.236064458860772,100255.33580538181
39.69396939693969,14.236722159954688,100254.77320412232
39.6989698969897,14.237378285586285,100256.35150878009
39.703970397039704,14.238032833216927,100263.6639304475
39.70897089708971,14.238685800317842,100266.0167446655
39.713971397139716,14.239337184370143,100251.01494705358
39.71897189718972,14.239986982864835,100260.08592500855
39.72397239723973,14.24063519330283,100254.68116665505
39.72897289728973,14.241281813194977,100258.88011424683
39.73397339733974,14.241926840062066,100250.11413309394
39.73897389738974,14.242570271434834,100255.44363185015
39.74397439743974,14.24321210485401,100248.90957420593
39.74897489748975,14.243852337870297,100258.88878140281
39.753975397539755,14.244490968044412,100244.98118990399
39.758975897589764,14.245127992947083,100250.40145210449
39.763976397639766,14.245763410159084,100255.00872963619
39.76897689768977,14.246397217271229,100254.32111925083
39.77397739773978,14.247029411884403,100260.77431780251
39.77897789778978,14.24765999160957,100249.79228116527
39.78397839783979,14.248288954067789,100257.13143944571
39.78897889788979,14.248916296890224,100249.87632322565
39.79397939793979,14.249542017718172,100244.72188788044
39.7989798979898,14.250166114203067,100241.7889018243
39.803980398039805,14.25078858400649,100254.68954665246
39.808980898089814,14.251409424800203,100248.61254340249
39.813981398139816,14.252028634266141,100241.63726802845
39.81898189818982,14.25264621009644,100240.6017092545
39.82398239823983,14.253262149993454,100249.53979258705
39.82898289828983,14.253876451669754,100242.9424227509
39.83398339833984,14.254489112848157,100249.99884622222
39.83898389838984,14.255100131261736,100244.11741173475
39.843984398439844,14.255709504653835,100247.11110921844
39.84898489848985,14.256317230778073,100244.08106977429
39.853985398539855,14.256923307398372,100238.69852854681
39.858985898589864,14.25752773228897,100243.93731048357
39.86398639863987,14.258130503234423,100235.56436309278
39.86898689868987,14.25873161802963,100248.95065710867
39.87398739873988,14.259331074479842,100239.57410703087
39.87898789878988,14.259928870400676,100240.86480589486
39.88398839883988,14.260525003618127,100243.14426093508
39.88898889888989,14.261119471968595,100231.35294627416
39.893989398939894,14.26171227329887,100236.48115187396
39.8989898989899,14.262303405466183,100244.48886846397
39.903990399039905,14.26289286633818,100234.09945189257
39.90899089908991,14.26348065379297,100228.75064860829
39.91399139913992,14.26406676571911,100243.3032044422
39.91899189918992,14.264651200015642,100234.60870507576
39.92399239923993,14.265233954592093,100235.67471988378
39.92899289928993,14.26581502736848,100234.8246304158
39.93399339933993,14.26639441627535,100231.43110016688
39.93899389938994,14.266972119253765,100244.34501286896
39.943994399439944,14.267548134255328,100235.93377208417
39.94899489948995,14.268122459242196,100229.98939976028
39.953995399539956,14.268695092187091,100230.79976457186
39.95899589958996,14.269266031073307,100234.39944540773
39.96399639963997,14.269835273894738,100239.56049389736
39.96899689968997,14.270402818655871,100230.78840512047
39.97399739973998,14.27096866337181,100240.59674447485
39.97899789978998,14.27153280606829,100225.45710862069
39.98399839983998,14.272095244781685,100232.72225437868
39.98899889988999,14.272655977559017,100227.0056650935
39.993999399939995,14.273215002457977,100229.94719933141
39.998999899990004,14.27377231754693,100239.99340792664
40.004000400040006,14.27432792090493,100237.02150060146
40.00900090009001,14.27488181062173,100238.33658535051
40.01400140014002,14.275433984797798,100228.6083887006
40.01900190019002,14.275984441544322,100226.35371386899
40.02400240024003,14.276533178983234,100227.97437961007
40.02900290029003,14.277080195247207,100229.34003411797
40.03400340034003,14.277625488479673,100232.93291375229
40.03900390039004,14.278169056834837,100219.47793737453
40.044004400440045,14.27871089847769,100230.74388631624
40.049004900490054,14.279251011584016,100229.40724736702
40.054005400540056,14.279789394340394,100218.45779468644
40.05900590059006,14.280326044944237,100224.53276583577
40.06400640064007,14.280860961603777,100228.99150439279
40.06900690069007,14.281394142538078,100221.0849267835
40.07400740074008,14.281925585977072,100231.31595290662
40.07900790079008,14.282455290161538,100233.58429421498
40.084008400840084,14.282983253343131,100231.83473338392
40.08900890089009,14.283509473784395,100223.60370976174
40.094009400940095,14.284033949758763,100227.93372875698
40.099009900990104,14.284556679550573,100229.25138320983
40.10401040104011,14.285077661455077,100224.48180826694
40.10901090109011,14.285596893778461,100221.7535163105
40.11401140114012,14.286114374837842,100218.17062783704
40.11901190119012,14.286630102961288,100215.35056034784
40.12401240124012,14.287144076487822,100218.96836972726
40.12901290129013,14.287656293767437,100219.72132621375
40.134013401340134,14.2881667531611,100221.29570259323
40.13901390139014,14.288675453040778,100216.69369084091
40.144014401440145,14.289182391789424,100221.78687799824
40.14901490149015,14.289687567801012,100219.61551253851
40.15401540154016,14.29019097948053,100212.87019059458
40.15901590159016,14.290692625243992,100220.45109594932
40.16401640164017,14.291192503518454,100217.01608721212
40.16901690169017,14.291690612742027,100216.7713565041
40.17401740174017,14.292186951363867,100224.58122350594
40.17901790179018,14.292681517844215,100212.75957399208
40.184018401840184,14.29317431065438,100216.21160542782
40.18901890189019,14.293665328276756,100222.97598950917
40.194019401940196,14.29415456920484,100220.31093129367
40.1990199019902,14.294642031943237,100208.67956303466
40.20402040204021,14.295127715007665,100224.57504135091
40.20902090209021,14.295611616924964,100206.26919063588
40.21402140214022,14.296093736233114,100212.29913737987
40.21902190219022,14.296574071481237,100216.68557894054
40.22402240224022,14.297052621229604,100213.09794826047
40.22902290229023,14.297529384049652,100219.87960046009
40.234023402340235,14.298004358523988,100213.47352777529
40.239023902390244,14.298477543246394,100210.14656322313
40.244024402440246,14.298948936821848,100217.42770442698
40.24902490249025,14.299418537866517,100210.17568992225
40.25402540254026,14.29988634500778,100211.86297687002
40.25902590259026,14.30035235688422,100217.21283173193
40.26402640264027,14.300816572145658,100203.4349117945
40.26902690269027,14.301278989453134,100206.47623294163
40.27402740274027,14.301739607478932,100208.22196381119
40.27902790279028,14.302198424906583,100206.99885022671
40.284028402840285,14.302655440430875,100211.04747622837
40.289028902890294,14.303110652757855,100205.1941524674
40.294029402940296,14.303564060604852,100211.51916832739
40.2990299029903,14.304015662700465,100210.57519558129
40.30403040304031,14.30446545778459,100210.02252935493
40.30903090309031,14.30491344460841,100209.92050562304
40.31403140314032,14.305359621934421,100205.9125307165
40.31903190319032,14.305803988536423,100205.6066878331
40.324032403240324,14.306246543199542,100203.07958030638
40.32903290329033,14.306687284720228,100199.50374276786
40.334033403340335,14.307126211906258,100200.92387633801
40.339033903390344,14.307563323576767,100207.6547942346
40.34403440344035,14.307998618562225,100200.55072342798
40.34903490349035,14.308432095704463,100208.08671050856
40.35403540354036,14.308863753856679,100211.14507319577
40.35903590359036,14.309293591883437,100203.29197490934
40.36403640364036,14.309721608660682,100199.75214550957
40.36903690369037,14.310147803075745,100199.62383446508
40.374037403740374,14.310572174027348,100199.22648018131
40.37903790379038,14.310994720425608,100201.54749872001
40.384038403840385,14.311415441192052,100200.56555973217
40.38903890389039,14.311834335259622,100199.1414602623
40.3940394039404,14.312251401572672,100206.0582892738
40.3990399039904,14.312666639086988,100210.03543607052
40.40404040404041,14.313080046769784,100199.20855750596
40.40904090409041,14.313491623599715,100204.51774815466
40.41404140414041,14.31390136856688,100200.39335170077
40.41904190419042,14.314309280672834,100191.63838148628
40.424042404240424,14.31471535893058,100196.74089099272
40.429042904290434,14.315119602364593,100182.57526163556
40.434043404340436,14.315522010010818,100203.41549472822
40.43904390439044,14.31592258091667,100193.03911634986
40.44404440444045,14.31632131414105,100197.79602251668
40.44904490449045,14.316718208754349,100187.74149125935
40.45404540454046,14.317113263838445,100196.01161179725
40.45904590459046,14.317506478486719,100196.30982487669
40.46404640464046,14.31789785180406,100186.48157888121
40.46904690469047,14.318287382906867,100205.27919133067
40.474047404740475,14.318675070923044,100198.5638871196
40.479047904790484,14.319060914992036,100190.51920003418
40.484048404840486,14.319444914264798,100194.84172926005
40.48904890489049,14.319827067903823,100190.61604124648
40.4940494049405,14.320207375083147,100194.74395566154
40.4990499049905,14.320585834988341,100183.8364189396
40.50405040504051,14.320962446816528,100190.00252383933
40.50905090509051,14.321337209776381,100188.02984577818
40.51405140514051,14.321710123088133,100174.01423679755
40.51905190519052,14.322081185983578,100191.69129084755
40.524052405240525,14.32245039770608,100176.12118174956
40.529052905290534,14.322817757510574,100189.98130919688
40.534053405340536,14.323183264663568,100195.86323706977
40.53905390539054,14.323546918443155,100188.09887289273
40.54405440544055,14.323908718139016,100188.82484689786
40.54905490549055,14.324268663052417,100182.12837988869
40.55405540554056,14.324626752496224,100179.18969110896
40.55905590559056,14.3249829857949,100182.5373599115
40.564056405640564,14.325337362284507,100186.76948527865
40.56905690569057,14.325689881312721,100185.07878285945
40.574057405740575,14.326040542238825,100182.0959816435
40.579057905790584,14.326389344433721,100194.42359746924
40.58405840584059,14.326736287279926,100183.14451881377
40.58905890589059,14.327081370171584,100179.05659374864
40.5940594059406,14.327424592514465,100178.38340338388
40.5990599059906,14.327765953725967,100181.34816286757
40.6040604060406,14.328105453235128,100177.80522928062
40.60906090609061,14.32844309048262,100181.66528916876
40.614061406140614,14.328778864920755,100177.75626146201
40.61906190619062,14.329112776013496,100188.00086120563
40.624062406240625,14.329444823236447,100181.65540676845
40.62906290629063,14.329775006076867,100185.03815931416
40.63406340634064,14.330103324033672,100180.21465806682
40.63906390639064,14.33042977661743,100177.50221915435
40.64406440644065,14.330754363350376,100185.20703317299
40.64906490649065,14.331077083766406,100177.40669412074
40.65406540654065,14.331397937411083,100165.11348833883
40.65906590659066,14.331716923841638,100181.74652134665
40.664066406640664,14.332034042626976,100189.36306160477
40.669066906690674,14.332349293347681,100173.40717646878
40.674067406740676,14.332662675596005,100175.60272059379
40.67906790679068,14.332974188975891,100175.87121011777
40.68406840684069,14.33328383310296,100173.15642722772
40.68906890689069,14.333591607604516,100160.11280593894
40.6940694069407,14.333897512119552,100169.75053281969
40.6990699069907,14.334201546298754,100169.8852977988
40.7040704070407,14.334503709804494,100173.6896709652
40.70907090709071,14.334804002310845,100182.19735258639
40.714071407140715,14.335102423503571,100166.9834766735
40.719071907190724,14.335398973080133,100173.33192053997
40.724072407240726,14.335693650749697,100172.28464736283
40.72907290729073,14.33598645623313,100180.01556757792
40.73407340734074,14.336277389262996,100176.85151630004
40.73907390739074,14.336566449583572,100176.67845203204
40.74407440744075,14.336853636950837,100173.14678617415
40.74907490749075,14.33713895113248,100170.04390778978
40.75407540754075,14.337422391907902,100172.55087277282
40.75907590759076,14.337703959068211,100172.00557349568
40.764076407640765,14.337983652416229,100177.58185740022
40.769076907690774,14.33826147176649,100164.77819596206
40.774077407740776,14.338537416945249,100161.8943846746
40.77907790779078,14.338811487790469,100168.38870996053
40.78407840784079,14.339083684151836,100165.37245850883
40.78907890789079,14.33935400589075,100163.05667455497
40.7940794079408,14.339622452880329,100166.46269925206
40.7990799079908,14.339889025005416,100167.14099692124
40.804080408040804,14.34015372216257,100160.69121569658
40.80908090809081,14.340416544260073,100171.67313996842
40.814081408140815,14.340677491217924,100162.13178472497
40.819081908190824,14.340936562967848,100167.94033905519
40.82408240824083,14.341193759453294,100161.45532312019
40.82908290829083,14.341449080629427,100160.2115846399
40.83408340834084,14.341702526463145,100162.83144717262
40.83908390839084,14.341954096933058,100154.82805354055
40.84408440844084,14.34220379202951,100159.00275049887
40.84908490849085,14.342451611754559,100166.78314916143
40.854085408540854,14.342697556121992,100159.4844672275
40.85908590859086,14.34294162515732,100161.99324756095
40.864086408640865,14.34318381889777,100160.9355193921
40.86908690869087,14.343424137392306,100166.95897664728
40.87408740874088,14.343662580701599,100164.43788120768
40.87908790879088,14.343899148898048,100150.06536007625
40.88408840884089,14.34413384206578,100163.1926629518
40.88908890889089,14.344366660300636,100152.17781832027
40.89408940894089,14.344597603710177,100156.19207061759
40.8990899089909,14.34482667241369,100150.36883002738
40.904090409040904,14.345053866542179,100154.23423439483
40.909090909090914,14.345279186238361,100151.0211753139
40.914091409140916,14.345502631656679,100148.62842438533
40.91909190919092,14.345724202963286,100146.26260232937
40.92409240924093,14.345943900336053,100151.65536884547
40.92909290929093,14.346161723964569,100160.18182891341
40.93409340934094,14.34637767405013,100152.00426381288
40.93909390939094,14.346591750805747,100149.03435499493
40.94409440944094,14.346803954456139,100154.32650052157
40.94909490949095,14.34701428523774,100153.02943172451
40.954095409540955,14.347222743398689,100150.47910489162
40.959095909590964,14.347429329198828,100150.10493507766
40.964096409640966,14.347634042909707,100157.38186350597
40.96909690969097,14.34783688481458,100150.29587056165
40.97409740974098,14.348037855208396,100155.87944305556
40.97909790979098,14.34823695439781,100134.90957352758
40.98409840984099,14.348434182701174,100155.00274178848
40.98909890989099,14.34862954044853,100149.63009451538
40.99409940994099,14.348823027981616,100138.28959492348
40.999099909991,14.349014645653865,100143.48327621045
41.004100410041005,14.349204393830393,100137.31879666194
41.009100910091014,14.349392272888005,100145.77669924241
41.014101410141016,14.349578283215195,100151.12237192207
41.01910191019102,14.349762425212127,100150.28668174121
41.02410241024103,14.349944699290658,100144.59817239517
41.02910291029103,14.350125105874316,100148.62680758841
41.03410341034104,14.350303645398299,100142.4916652042
41.03910391039104,14.350480318309481,100142.32139502952
41.044104410441044,14.350655125066409,100137.29502419622
41.04910491049105,14.350828066139282,100147.01723134915
41.054105410541055,14.35099914200998,100143.68814011806
41.059105910591065,14.35116835317203,100145.08709071712
41.06410641064107,14.351335700130617,100135.24392415231
41.06910691069107,14.351501183402581,100131.26874147008
41.07410741074108,14.35166480351642,100154.83866259886
41.07910791079108,14.351826561012263,100138.93843406111
41.08410841084109,14.351986456441901,100139.62122655247
41.08910891089109,14.352144490368753,100141.02979408251
41.094109410941094,14.352300663367876,100135.13466516125
41.0991099109911,14.35245497602596,100136.58851957056
41.104110411041106,14.352607428941335,100146.88769864163
41.10911091109111,14.352758022723938,100138.21150084425
41.11411141114112,14.352906757995346,100136.6634431494
41.11911191119112,14.353053635388743,100132.06322653912
41.12411241124113,14.35319865554893,100131.14877343633
41.12911291129113,14.353341819132318,100132.59848475544
41.13411341134113,14.353483126806925,100139.01452350842
41.13911391139114,14.35362257925237,100134.06435035112
41.144114411441144,14.353760177159867,100138.4447110688
41.149114911491154,14.353895921232228,100127.78439552132
41.154115411541156,14.354029812183851,100141.27246981309
41.15911591159116,14.354161850740718,100132.0388723387
41.16411641164117,14.354292037640393,100130.68084995907
41.16911691169117,14.354420373632012,100132.43992285334
41.17411741174118,14.354546859476281,100127.16261109908
41.17911791179118,14.35467149594548,100128.4275076525
41.18411841184118,14.354794283823438,100127.70888640196
41.18911891189119,14.354915223905548,100132.71200964911
41.194119411941195,14.355034316998749,100125.68717351642
41.199119911991204,14.355151563921533,100134.72456926962
41.204120412041206,14.355266965503926,100121.68225042582
41.20912091209121,14.355380522587494,100126.711965873
41.21412141214122,14.355492236025329,100132.30095382438
41.21912191219122,14.355602106682053,100126.66855175458
41.22412241224123,14.355710135433801,100129.96542078833
41.22912291229123,14.355816323168234,100129.55986433582
41.23412341234123,14.355920670784508,100130.2834752789
41.23912391239124,14.356023179193294,100128.85583084567
41.244124412441245,14.356123849316749,100125.17234826287
41.249124912491254,14.35622268208853,100114.66740312737
41.254125412541256,14.356319678453776,100124.84606332507
41.25912591259126,14.35641483936911,100117.12810626814
41.26412641264127,14.356508165802621,100127.46905029828
41.26912691269127,14.356599658733872,100119.21050467812
41.27412741274128,14.356689319153888,100117.50224418625
41.27912791279128,14.356777148065147,100129.23580139602
41.284128412841284,14.356863146481572,100126.7574831175
41.28912891289129,14.356947315428542,100126.29086446714
41.294129412941295,14.35702965594286,100125.79307866596
41.299129912991305,14.35711016907276,100118.96653502289
41.30413041304131,14.357188855877908,100106.02508166332
41.30913091309131,14.357265717429378,100118.28096838761
41.31413141314132,14.357340754809659,100117.70855440179
41.31913191319132,14.35741396911264,100115.3366543095
41.32413241324133,14.357485361443612,100122.51250851779
41.32913291329133,14.357554932919246,100117.83669368681
41.334133413341334,14.357622684667609,100114.13238154704
41.33913391339134,14.357688617828131,100118.9684761701
41.344134413441346,14.357752733551617,100117.49846210516
41.34913491349135,14.35781503300023,100114.24286060072
41.35413541354136,14.357875517347493,100113.55429426742
41.35913591359136,14.357934187778266,100117.07063337628
41.36413641364137,14.357991045488758,100113.55442580537
41.36913691369137,14.358046091686505,100104.92334078916
41.37413741374137,14.358099327590367,100124.86106724966
41.37913791379138,14.358150754430518,100109.6228078605
41.384138413841384,14.35820037344845,100111.91891115892
41.389138913891394,14.358248185896947,100119.71297088717
41.394139413941396,14.358294193040088,100115.48032572091
41.3991399139914,14.358338396153243,100109.29555235387
41.40414041404141,14.358380796523052,100109.8991642128
41.40914091409141,14.35842139544743,100115.06860059382
41.41414141414142,14.358460194235551,100114.94675374753
41.41914191419142,14.35849719420784,100121.11245434558
41.42414241424142,14.358532396695972,100102.03912858822
41.42914291429143,14.358565803042854,100107.60502758656
41.434143414341435,14.358597414602624,100103.91796013057
41.439143914391444,14.358627232740638,100106.31853923431
41.444144414441446,14.35865525883346,100110.69743839743
41.44914491449145,14.358681494268865,100102.39533430283
41.45414541454146,14.358705940445812,100110.35168380449
41.45914591459146,14.358728598774455,100113.02785518504
41.46414641464147,14.358749470676118,100109.09444626182
41.46914691469147,14.358768557583291,100097.62195908265
41.47414741474147,14.358785860939625,100102.07474497354
41.47914791479148,14.358801382199925,100111.39081360502
41.484148414841485,14.358815122830126,100103.28278972446
41.489148914891494,14.358827084307304,100098.49734913604
41.494149414941496,14.358837268119652,100108.45152814631
41.4991499149915,14.358845675766478,100104.49448003052
41.50415041504151,14.358852308758186,100100.61729186811
41.50915091509151,14.358857168616286,100108.95328989245
41.51415141514152,14.358860256873363,100106.4353077705
41.51915191519152,14.358861575073078,100099.33847575003
41.524152415241524,14.358861124770163,100106.23454775773
41.52915291529153,14.358858907530397,100096.83896380774
41.534153415341535,14.358854924930611,100106.50616094212
41.539153915391545,14.358849178558668,100102.47456501344
41.54415441544155,14.35884167001346,100095.9103670016
41.54915491549155,14.358832400904888,100098.3979322939
41.55415541554156,14.358821372853868,100093.07193127541
41.55915591559156,14.358808587492307,100097.55888838411
41.56415641564157,14.358794046463094,100105.67167519956
41.56915691569157,14.3587777514201,100100.67300318835
41.574157415741574,14.358759704028158,100091.00769921222
41.57915791579158,14.358739905963048,100101.87710039734
41.584158415841586,14.35871835891151,100099.77634859801
41.58915891589159,14.358695064571203,100099.25635075309
41.5941594159416,14.358670024650714,100094.6889911161
41.5991599159916,14.35864324086954,100093.52790666632
41.60416041604161,14.358614714958085,100094.94488582097
41.60916091609161,14.358584448657636,100083.90622590057
41.61416141614161,14.358552443720367,100089.23107665929
41.61916191619162,14.358518701909313,100090.75359756008
41.624162416241624,14.358483224998372,100091.87897735026
41.629162916291634,14.358446014772285,100093.79266647533
41.634163416341636,14.358407073026637,100096.77274781729
41.63916391639164,14.358366401567821,100085.41831972402
41.64416441644165,14.35832400221306,100092.18730456205
41.64916491649165,14.358279876790368,100085.28515922108
41.65416541654166,14.35823402713855,100085.71027506675
41.65916591659166,14.358186455107194,100086.10235882842
41.66416641664166,14.358137162556654,100097.0597591724
41.66916691669167,14.358086151358034,100094.07400546916
41.674167416741675,14.358033423393188,100089.94515098861
41.679167916791684,14.357978980554698,100093.6474059102
41.684168416841686,14.357922824745872,100080.34543570699
41.68916891689169,14.357864957880714,100087.73559780951
41.6941694169417,14.35780538188394,100081.77760650344
41.6991699169917,14.35774409869094,100089.62252493408
41.70417041704171,14.357681110247773,100085.46062607966
41.70917091709171,14.357616418511173,100087.6148692504
41.71417141714171,14.357550025448504,100090.5382631326
41.71917191719172,14.357481933037777,100085.38394995508
41.724172417241725,14.35741214326762,100081.81931029222
41.729172917291734,14.357340658137277,100078.00844463625
41.73417341734174,14.357267479656585,100077.47736178694
41.73917391739174,14.357192609845972,100080.50080336271
41.74417441744175,14.357116050736433,100080.87067042937
41.74917491749175,14.357037804369527,100080.05587485315
41.75417541754176,14.356957872797357,100081.07077552649
41.75917591759176,14.356876258082567,100076.06155635352
41.764176417641764,14.356792962298314,100085.37903636142
41.76917691769177,14.356707987528274,100076.30077015058
41.774177417741775,14.35662133586661,100076.72696531964
41.779177917791785,14.356533009417971,100082.71211225507
41.78417841784179,14.356443010297475,100089.0794834375
41.78917891789179,14.3563513406307,100080.05569332925
41.7941794179418,14.35625800255366,100071.47374952472
41.7991799179918,14.356162998212804,100073.19787654608
41.80418041804181,14.356066329764996,100077.95554329889
41.80918091809181,14.355967999377503,100078.26050999055
41.814181418141814,14.355868009227976,100074.7377177823
41.81918191819182,14.355766361504452,100075.59665883191
41.824182418241826,14.355663058405323,100073.61024988015
41.82918291829183,14.355558102139325,100074.85774958793
41.83418341834184,14.355451494925541,100071.04346183254
41.83918391839184,14.355343238993362,100073.25506467433
41.84418441844185,14.355233336582492,100064.81148411117
41.84918491849185,14.355121789942926,100073.05926497391
41.85418541854185,14.355008601334939,100077.49868801098
41.85918591859186,14.354893773029065,100074.58755092339
41.864186418641864,14.354777307306097,100067.3037256847
41.869186918691874,14.354659206457058,100073.72168141906
41.874187418741876,14.354539472783191,100070.24929201244
41.87918791879188,14.35441810859595,100060.06305412052
41.88418841884189,14.354295116216981,100077.19295383642
41.88918891889189,14.354170497978108,100068.67029748789
41.8941894189419,14.354044256221318,100065.69064149895
41.8991899189919,14.353916393298748,100065.72079734057
41.9041904190419,14.35378691157267,100063.05099505928
41.90919091909191,14.353655813415468,100068.20330825217
41.914191419141915,14.353523101209644,100063.082685918
41.919191919191924,14.35338877734778,100064.97059762395
41.924192419241926,14.353252844232534,100061.02991763975
41.92919291929193,14.353115304276631,100070.32877999914
41.93419341934194,14.352976159902829,100069.88817296457
41.93919391939194,14.352835413543925,100062.88683058941
41.94419441944195,14.352693067642727,100058.22075888449
41.94919491949195,14.352549124652043,100066.49777328395
41.95419541954195,14.352403587034662,100061.64901247279
41.95919591959196,14.352256457263346,100049.24307579688
41.964196419641965,14.352107737820807,100062.96209681625
41.969196919691974,14.351957431199693,100063.88930333314
41.97419741974198,14.351805539902578,100062.67659651846
41.97919791979198,14.35165206644194,100057.28758530015
41.98419841984199,14.351497013340145,100061.24306791126
41.98919891989199,14.351340383129441,100058.45982696432
41.994199419942,14.351182178351927,100058.19969827002
41.999199919992,14.351022401559549,100054.41129444266
42.004200420042004,14.350861055314075,100063.24573804802
42.00920092009201,14.350698142187095,100052.69702981965
42.014201420142015,14.350533664759983,100057.62179475802
42.019201920192025,14.350367625623898,100057.1598067479
42.02420242024203,14.35020002737976,100053.58388619505
42.02920292029203,14.350030872638234,100054.63891849038
42.03420342034204,14.349860164019713,100047.36025888722
42.03920392039204,14.349687904154314,100055.66201847336
42.04420442044205,14.349514095681837,100043.40640571399
42.04920492049205,14.349338741251772,100056.00901589103
42.054205420542054,14.349161843523273,100056.43675622756
42.05920592059206,14.348983405165137,100042.10289211017
42.064206420642066,14.348803428855796,100049.63220934522
42.06920692069207,14.348621917283293,100049.6107023105
42.07420742074208,14.34843887314527,100057.21862910576
42.07920792079208,14.348254299148948,100054.81795404105
42.08420842084209,14.348068198011115,100054.32210453606
42.08920892089209,14.347880572458102,100052.76101826935
42.09420942094209,14.34769142522577,100045.27392637433
42.0992099209921,14.347500759059496,100044.33786709027
42.104210421042104,14.347308576714147,100053.26547420319
42.109210921092114,14.347114880954068,100053.39235451177
42.114211421142116,14.346919674553073,100051.53069623484
42.11921192119212,14.346722960294407,100050.54698415732
42.12421242124213,14.346524740970754,100060.77936902417
42.12921292129213,14.346325019384192,100048.17060043088
42.13421342134214,14.346123798346206,100044.14995368443
42.13921392139214,14.34592108067764,100043.31796873525
42.14421442144214,14.345716869208704,100040.8145772082
42.14921492149215,14.345511166778943,100047.15676944015
42.154215421542155,14.34530397623722,100041.91839453277
42.159215921592164,14.3450953004417,100044.43621428878
42.164216421642166,14.34488514225984,100045.87801991017
42.16921692169217,14.344673504568354,100046.43913749118
42.17421742174218,14.344460390253213,100043.91435143861
42.17921792179218,14.344245802209613,100035.31974088983
42.18421842184219,14.344029743341967,100042.12590005551
42.18921892189219,14.343812216563878,100043.07227916356
42.19421942194219,14.343593224798129,100039.85444351663
42.1992199219922,14.343372770976659,100045.16085060133
42.204220422042205,14.343150858040547,100039.79075590592
42.209220922092214,14.342927488939996,100034.9183498877
42.21422142214222,14.342702666634306,100039.13446196375
42.21922192219222,14.342476394091866,100037.2088127897
42.22422242224223,14.342248674290133,100036.23246039802
42.22922292229223,14.342019510215604,100027.96572263086
42.23422342234224,14.341788904863805,100030.93999819836
42.23922392239224,14.341556861239283,100040.60401800956
42.244224422442244,14.341323382355563,100028.03000505787
42.24922492249225,14.34108847123515,100033.43594319402
42.254225422542255,14.340852130909495,100035.50324716598
42.259225922592265,14.34061436441899,100030.61023632849
42.26422642264227,14.34037517481294,100037.85504903397
42.26922692269227,14.340134565149551,100042.18428101251
42.27422742274228,14.339892538495896,100027.51762259359
42.27922792279228,14.33964909792791,100039.23366915747
42.28422842284229,14.339404246530373,100029.7535301608
42.28922892289229,14.339157987396877,100032.94637916241
42.294229422942294,14.338910323629817,100031.00419248316
42.2992299229923,14.338661258340368,100031.14199818569
42.304230423042306,14.338410794648468,100033.98017645824
42.30923092309231,14.338158935682795,100030.51115484706
42.31423142314232,14.337905684580747,100027.54742245727
42.31923192319232,14.337651044488432,100024.27724859382
42.32423242324233,14.337395018560631,100027.32386885145
42.32923292329233,14.337137609960797,100032.7491480319
42.33423342334233,14.336878821861022,100027.36240258913
42.33923392339234,14.336618657442022,100025.22416058624
42.344234423442344,14.336357119893115,100024.46146178948
42.349234923492354,14.33609421241221,100027.30754876326
42.354235423542356,14.33582993820577,100030.43299632323
42.35923592359236,14.335564300488807,100025.27164131362
42.36423642364237,14.335297302484856,100019.09502540709
42.36923692369237,14.33502894742596,100022.7407642163
42.37423742374238,14.334759238552634,100026.96725620836
42.37923792379238,14.334488179113865,100022.6608781608
42.38423842384238,14.334215772367083,100016.56807262538
42.38923892389239,14.333942021578133,100027.00947318372
42.394239423942395,14.333666930021275,100034.8588752756
42.399239923992404,14.333390500979135,100033.20666458327
42.404240424042406,14.33311273774271,100022.9304302766
42.40924092409241,14.332833643611332,100022.86242575219
42.41424142414242,14.33255322189266,100024.88374542457
42.41924192419242,14.332271475902644,100016.2638108905
42.42424242424243,14.331988408965517,100019.80025859905
42.42924292429243,14.331704024413767,100022.57915420765
42.434243424342434,14.331418325588123,100014.96586830112
42.43924392439244,14.331131315837522,100025.72243694021
42.444244424442445,14.330842998519108,100022.56497911362
42.449244924492454,14.330553376998186,100012.59552173164
42.45424542454246,14.330262454648219,100024.59078406346
42.45924592459246,14.329970234850808,100012.2182617204
42.46424642464247,14.329676720995655,100010.7313329238
42.46924692469247,14.329381916480555,100016.98236773354
42.47424742474248,14.329085824711376,100010.61783036552
42.47924792479248,14.328788449102026,100016.33315809576
42.484248424842484,14.32848979307444,100009.09738132967
42.48924892489249,14.328189860058561,100013.67411159439
42.494249424942495,14.327888653492312,100018.64499460872
42.499249924992505,14.327586176821578,100008.7170862693
42.50425042504251,14.32728243350018,100006.6908059011
42.50925092509251,14.326977426989867,100012.44007232858
42.51425142514252,14.32667116076027,100016.4433032457
42.51925192519252,14.32636363828891,100010.25458043854
42.52425242524253,14.32605486306115,100020.59860065405
42.52925292529253,14.325744838570191,100013.58388821722
42.534253425342534,14.325433568317036,100015.15014059967
42.53925392539254,14.325121055810484,100016.32132508852
42.544254425442546,14.324807304567097,100010.64495235785
42.54925492549255,14.324492318111176,100013.08579756145
42.55425542554256,14.32417609997475,100011.7944241857
42.55925592559256,14.323858653697544,100011.45329575131
42.56425642564257,14.323539982826956,100000.05903103552
42.56925692569257,14.323220090918053,100004.26397637479
42.57425742574257,14.32289898153352,100004.8695711696
42.57925792579258,14.322576658243662,99997.22584613855
42.584258425842584,14.322253124626371,99998.12174407956
42.589258925892594,14.3219283842671,100008.82755359635
42.594259425942596,14.321602440758848,100000.13994849633
42.5992599259926,14.321275297702142,100004.46471117336
42.60426042604261,14.320946958705,99988.82129285007
42.60926092609261,14.320617427382913,100002.73871138232
42.61426142614262,14.320286707358836,100002.23520394426
42.61926192619262,14.319954802263151,100002.63427039255
42.62426242624262,14.319621715733641,100005.97247710648
42.62926292629263,14.319287451415486,99995.30599851836
42.634263426342635,14.318952012961219,100000.53817820395
42.639263926392644,14.318615404030718,100012.34293007178
42.644264426442646,14.318277628291176,99997.75305495177
42.64926492649265,14.317938689417081,99997.94003020081
42.65426542654266,14.317598591090194,100001.98332629063
42.65926592659266,14.317257336999516,99996.3080739408
42.66426642664267,14.316914930841282,100000.26463047673
42.66926692669267,14.316571376318926,100000.21898870791
42.674267426742674,14.31622667714306,99999.77646790106
42.67926792679268,14.315880837031452,100002.55429282055
42.684268426842685,14.315533859709001,100008.99051006616
42.689268926892694,14.315185748907712,99996.00076439799
42.6942694269427,14.314836508366689,99988.81201117237
42.6992699269927,14.31448614183208,99997.02022970318
42.70427042704271,14.314134653057087,99995.19390364384
42.70927092709271,14.313782045801918,99983.71279414983
42.71427142714272,14.313428323833778,99990.42027880624
42.71927192719272,14.313073490926833,99982.23865484605
42.724272427242724,14.312717550862207,99992.89940022203
42.72927292729273,14.31236050742793,99993.35924385568
42.734273427342735,14.312002364418943,99988.70170836823
42.739273927392745,14.31164312563705,99988.5989869639
42.74427442744275,14.31128279489091,99990.3981050985
42.74927492749275,14.31092137599601,99984.38791344312
42.75427542754276,14.310558872774635,99996.75575971365
42.75927592759276,14.310195289055851,99990.95107318036
42.76427642764277,14.309830628675474,99987.82702380633
42.76927692769277,14.30946489547606,99984.79193556047
42.774277427742774,14.309098093306863,99987.1998776701
42.77927792779278,14.30873022602382,99979.99644102929
42.784278427842786,14.30836129748953,99993.54210573602
42.78927892789279,14.307991311573225,99997.30674991272
42.7942794279428,14.307620272150745,99985.99146055018
42.7992799279928,14.307248183104518,99980.89417280853
42.80428042804281,14.306875048323532,99975.494290518
42.80928092809281,14.306500871703314,99977.74490824669
42.81428142814281,14.3061256571459,99989.96778615602
42.81928192819282,14.30574940855982,99986.24786006332
42.824282428242824,14.30537212986006,99987.79641870885
42.829282928292834,14.304993824968056,99984.77298530343
42.834283428342836,14.30461449781165,99981.1607666778
42.83928392839284,14.304234152325082,99977.87690400184
42.84428442844285,14.303852792448945,99984.77323059083
42.84928492849285,14.30347042213019,99987.73488737138
42.85428542854286,14.303087045322071,99976.92667002554
42.85928592859286,14.302702665984143,99986.56568387516
42.86428642864286,14.302317288082222,99975.37939903114
42.86928692869287,14.30193091558837,99977.22895282421
42.874287428742875,14.301543552480862,99972.15075386695
42.879287928792884,14.301155202744171,99985.81458061135
42.884288428842886,14.300765870368936,99971.11045268747
42.88928892889289,14.300375559351934,99976.25431358123
42.8942894289429,14.299984273696069,99982.32520634266
42.8992899289929,14.299592017410328,99983.50200163576
42.90429042904291,14.29919879450977,99984.07961870552
42.90929092909291,14.298804609015498,99976.97953278192
42.914291429142914,14.29840946495463,99980.89341801831
42.91929192919292,14.298013366360278,99980.23694046015
42.924292429242925,14.29761631727152,99968.47721279597
42.929292929292934,14.297218321733377,99972.80278436284
42.93429342934294,14.296819383796784,99969.0532631015
42.93929392939294,14.296419507518566,99974.55426432264
42.94429442944295,14.296018696961422,99970.24578572446
42.94929492949295,14.29561695619388,99975.2659677325
42.95429542954296,14.295214289290294,99980.51189614285
42.95929592959296,14.2948107003308,99981.8973020108
42.964296429642964,14.2944061934013,99969.61901635285
42.96929692969297,14.294000772593433,99981.5819679073
42.974297429742975,14.293594442004558,99970.01991313811
42.979297929792985,14.29318720573771,99974.35301800724
42.98429842984299,14.292779067901593,99963.55519598753
42.98929892989299,14.292370032610549,99975.8045149218
42.994299429943,14.291960103984524,99966.4046965439
42.999299929993,14.291549286149047,99967.94684009798
43.00430043004301,14.291137583235217,99970.1494855116
43.00930093009301,14.290724999379657,99966.60425120876
43.014301430143014,14.290311538724495,99965.19018049652
43.01930193019302,14.289897205417345,99969.35313784369
43.024302430243026,14.289482003611278,99969.17723955848
43.02930293029303,14.289065937464786,99968.10604568434
43.03430343034304,14.288649011141773,99968.354302982
43.03930393039304,14.288231228811517,99969.86448354469
43.04430443044305,14.28781259464864,99960.22585143257
43.04930493049305,14.287393112833106,99962.9917162588
43.05430543054305,14.28697278755016,99964.1963539683
43.05930593059306,14.286551622990329,99964.00608383009
43.064306430643065,14.286129623349382,99963.24267090097
43.069306930693074,14.285706792828316,99963.24514376854
43.074307430743076,14.285283135633314,99968.59273634091
43.07930793079308,14.284858655975732,99963.89434309023
43.08430843084309,14.284433358072063,99965.36458626558
43.08930893089309,14.284007246143918,99960.05679799384
43.0943094309431,14.283580324417994,99958.9702078567
43.0993099309931,14.283152597126055,99963.62973561132
43.1043104310431,14.282724068504898,99950.56718465206
43.10931093109311,14.282294742796326,99957.77499531375
43.114311431143115,14.281864624247133,99961.84904779523
43.119311931193124,14.28143371710906,99958.89560522826
43.124312431243126,14.281002025638783,99951.47672018333
43.12931293129313,14.280569554097882,99959.07379509955
43.13431343134314,14.280136306752809,99962.0371647414
43.13931393139314,14.279702287874867,99957.046007024
43.14431443144315,14.279267501740188,99962.05286052164
43.14931493149315,14.278831952629693,99953.35080778506
43.154315431543154,14.278395644829073,99961.9861124794
43.15931593159316,14.277958582628766,99956.37050435436
43.164316431643165,14.277520770323926,99959.77928110413
43.169316931693174,14.277082212214388,99953.81071005466
43.17431743174318,14.276642912604661,99953.78235293226
43.17931793179318,14.27620287580388,99953.8574950051
43.18431843184319,14.275762106125793,99952.12489591679
43.18931893189319,14.275320607888725,99954.36825429693
43.1943194319432,14.274878385415564,99953.2171726092
43.1993199319932,14.274435443033715,99950.73750528497
43.204320432043204,14.273991785075092,99957.6693116872
43.20932093209321,14.273547415876076,99954.63596319601
43.214321432143215,14.273102339777498,99949.43695116803
43.219321932193225,14.272656561124604,99945.30167268476
43.22432243224323,14.272210084267039,99958.2903199424
43.22932293229323,14.271762913558803,99944.30416134601
43.23432343234324,14.271315053358244,99946.9454639103
43.23932393239324,14.27086650802801,99948.52376492553
43.24432443244325,14.270417281935039,99948.3714111119
43.24932493249325,14.269967379450522,99937.17217474617
43.254325432543254,14.269516804949879,99949.45186436272
43.25932593259326,14.269065562812727,99950.84755332007
43.264326432643266,14.268613657422865,99946.57610070023
43.26932693269327,14.268161093168231,99948.1968494669
43.27432743274328,14.267707874440886,99954.28346300006
43.27932793279328,14.267254005636975,99949.11019617476
43.28432843284329,14.266799491156716,99946.72480585605
43.28932893289329,14.26634433540436,99940.33108983978
43.29432943294329,14.265888542788163,99947.05917637785
43.2993299329933,14.265432117720367,99938.21337114039
43.304330433043305,14.264975064617166,99936.25493193648
43.309330933093314,14.26451738789868,99943.39178746505
43.314331433143316,14.264059091988926,99949.95052820054
43.31933193319332,14.263600181315795,99943.18363094224
43.32433243324333,14.263140660311013,99936.19026243058
43.32933293329333,14.262680533410137,99933.86680578683
43.33433343334334,14.262219805052494,99934.21347211854
43.33933393339334,14.261758479681184,99940.79196008212
43.34433443344334,14.261296561743029,99942.57144550046
43.34933493349335,14.260834055688562,99943.28803801461
43.354335433543355,14.260370965971992,99936.0699539532
43.359335933593364,14.259907297051175,99935.46343228724
43.364336433643366,14.259443053387587,99935.59061388028
43.36933693369337,14.258978239446298,99932.87671068269
43.37433743374338,14.258512859695943,99937.85790472875
43.37933793379338,14.258046918608693,99930.80900497553
43.38433843384339,14.25758042066023,99940.43535398119
43.38933893389339,14.257113370329714,99938.6701190821
43.394339433943394,14.256645772099763,99939.8508044885
43.3993399339934,14.256177630456413,99925.17820549836
43.404340434043405,14.255708949889105,99937.53521388306
43.409340934093414,14.255239734890642,99937.67524239366
43.41434143414342,14.254769989957174,99937.83085150519
43.41934193419342,14.254299719588156,99928.71119905105
43.42434243424343,14.253828928286337,99932.5692549074
43.42934293429343,14.253357620557717,99937.95284079133
43.43434343434344,14.252885800911521,99923.43806112732
43.43934393439344,14.252413473860182,99936.83004690605
43.444344434443444,14.251940643919301,99929.09686627776
43.44934493449345,14.251467315607618,99935.10709774394
43.454345434543455,14.250993493447,99927.91133651903
43.459345934593465,14.25051918196239,99921.33833727217
43.46434643464347,14.250044385681798,99928.2722455063
43.46934693469347,14.249569109136255,99922.96214515435
43.47434743474348,14.249093356859804,99934.37423346566
43.47934793479348,14.248617133389459,99932.31498350488
43.48434843484349,14.248140443265175,99936.23478782744
43.48934893489349,14.24766329102983,99925.68168394467
43.494349434943494,14.24718568122919,99919.29205701666
43.4993499349935,14.246707618411875,99930.30834400207
43.504350435043506,14.246229107129347,99928.02586991675
43.50935093509351,14.245750151935862,99925.03736504095
43.51435143514352,14.245270757388457,99935.3574827816
43.51935193519352,14.244790928046916,99926.6066964824
43.52435243524353,14.244310668473736,99931.13883143096
43.52935293529353,14.243829983234104,99919.82037170875
43.53435343534353,14.243348876895876,99923.8049958821
43.53935393539354,14.24286735402953,99921.21406057199
43.544354435443545,14.242385419208153,99921.17876219565
43.549354935493554,14.241903077007409,99926.3825758702
43.554355435543556,14.241420332005506,99911.3917886181
43.55935593559356,14.240937188783164,99925.38322325639
43.56435643564357,14.240453651923607,99924.74946667699
43.56935693569357,14.239969726012509,99920.25273562691
43.57435743574358,14.239485415637972,99915.15361685722
43.57935793579358,14.239000725390518,99920.54009329002
43.58435843584358,14.238515659863028,99917.55783328321
43.58935893589359,14.238030223650734,99928.8990329402
43.594359435943595,14.237544421351185,99920.62910363053
43.599359935993604,14.237058257564222,99918.58195411117
43.604360436043606,14.23657173689194,99921.70648759106
43.60936093609361,14.236084863938673,99921.81507750979
43.61436143614362,14.235597643310946,99914.09244485007
43.61936193619362,14.235110079617469,99920.01860838768
43.62436243624363,14.234622177469083,99920.5976058129
43.62936293629363,14.234133941478762,99918.78240436321
43.634363436343634,14.233645376261551,99916.37537943291
43.63936393639364,14.233156486434565,99915.28446660045
43.644364436443645,14.23266727661694,99911.46056728768
43.649364936493654,14.232177751429816,99909.24165910951
43.65436543654366,14.231687915496304,99918.71578793833
43.65936593659366,14.231197773441457,99918.90775834938
43.66436643664367,14.230707329892242,99918.62168447474
43.66936693669367,14.23021658947751,99919.89246526605
43.67436743674368,14.229725556827972,99910.5122528833
43.67936793679368,14.22923423657616,99904.76045560226
43.684368436843684,14.228742633356404,99914.41675022538
43.68936893689369,14.22825075180481,99911.99254985512
43.694369436943695,14.227758596559216,99907.35420897036
43.699369936993705,14.22726617225917,99924.1590283303
43.70437043704371,14.226773483545916,99916.36556351939
43.70937093709371,14.226280535062335,99907.77802367364
43.71437143714372,14.225787331452937,99902.65764492498
43.71937193719372,14.225293877363827,99910.0117555377
43.72437243724373,14.224800177442678,99906.29167255847
43.72937293729373,14.224306236338698,99900.99083012858
43.734373437343734,14.223812058702606,99911.20482817308
43.739373937393744,14.22331764918659,99907.0730368187
43.744374437443746,14.2228230124443,99909.77713482971
43.749374937493755,14.222328153130794,99909.56925726384
43.75437543754376,14.221833075902536,99900.032805646
43.75937593759376,14.221337785417337,99900.56011598576
43.76437643764377,14.220842286334351,99907.79469934487
43.76937693769377,14.220346583314035,99906.48002030826
43.77437743774377,14.219850681018116,99904.10533750302
43.77937793779378,14.219354584109569,99903.45281830392
43.784378437843785,14.21885829725259,99898.03345454719
43.789378937893794,14.218361825112556,99905.37852497413
43.794379437943796,14.217865172356005,99897.26480003704
43.7993799379938,14.217368343650607,99900.14670568879
43.80438043804381,14.216871343665124,99910.05116612485
43.80938093809381,14.216374177069397,99906.23963288563
43.81438143814382,14.215876848534306,99900.75767262446
43.81938193819382,14.21537936273174,99903.00066779791
43.82438243824382,14.214881724334575,99900.23784197892
43.82938293829383,14.214383938016638,99897.49270103443
43.834383438343835,14.213886008452686,99906.14523166402
43.839383938393844,14.213387940318363,99896.73281809138
43.844384438443846,14.212889738290187,99897.80420003853
43.84938493849385,14.212391407045509,99910.73069467128
43.85438543854386,14.211892951262486,99893.1797891687
43.85938593859386,14.211394375620063,99891.27665409754
43.86438643864387,14.210895684797922,99903.32434678258
43.86938693869387,14.210396883476472,99888.1695656561
43.874387438743874,14.20989797633681,99892.2551413897
43.87938793879388,14.209398968060698,99899.5560195381
43.884388438843885,14.208899863330526,99896.97703760835
43.889388938893894,14.20840066682929,99894.34959329027
43.8943894389439,14.207901383240559,99897.93134525113
43.8993899389939,14.207402017248446,99895.88312980683
43.90439043904391,14.206902573537578,99895.10676397294
43.90939093909391,14.20640305679307,99891.66367990838
43.91439143914392,14.205903471700491,99896.77706876685
43.91939193919392,14.20540382294584,99892.14672088754
43.924392439243924,14.204904115215514,99888.4606841793
43.92939293929393,14.204404353196276,99893.26563199211
43.934393439343935,14.203904541575229,99897.43184959983
43.939393939393945,14.20340468503979,99893.81813288407
43.94439443944395,14.20290478827765,99892.96442309968
43.94939493949395,14.202404855976756,99893.37439705577
43.95439543954396,14.201904892825278,99883.17576627267
43.95939593959396,14.201404903511577,99894.69511928542
43.96439643964397,14.200904892724175,99890.55660520234
43.96939693969397,14.200404865151734,99894.39014738757
43.974397439743974,14.199904825483017,99882.85171496034
43.979397939793984,14.19940477840686,99892.06547693629
43.984398439843986,14.198904728612154,99888.45003659949
43.989398939893995,14.198404680787801,99887.69684282345
43.994399439944,14.19790463962269,99889.31034150737
43.999399939994,14.197404609805668,99874.88841546109
44.00440044004401,14.196904596025515,99884.12401216003
44.00940094009401,14.19640460297091,99884.99771292412
44.01440144014401,14.195904635330399,99878.06169731735
44.01940194019402,14.195404697792371,99883.19402755317
44.024402440244025,14.19490479504503,99889.59993435282
44.029402940294034,14.194404931776353,99881.98650123004
44.034403440344036,14.193905112674084,99883.19236803235
44.03940394039404,14.193405342425681,99885.65289405161
44.04440444044405,14.192905625718298,99888.05738185965
44.04940494049405,14.192405967238757,99885.76871266417
44.05440544054406,14.191906371673515,99888.86576836773
44.05940594059406,14.191406843708632,99883.45840700125
44.06440644064406,14.190907388029753,99880.44575769821
44.06940694069407,14.190408009322065,99875.7313766117
44.074407440744075,14.189908712270274,99884.6248581569
44.079407940794084,14.18940950155858,99877.26153084938
44.084408440844086,14.18891038187064,99885.09421729278
44.08940894089409,14.18841135788954,99882.86836112423
44.0944094409441,14.187912434297772,99881.2203103681
44.0994099409941,14.1874136157772,99886.26524092168
44.10441044104411,14.186914907009024,99876.72599895783
44.10941094109411,14.186416312673773,99888.1515434716
44.114411441144114,14.185917837451244,99882.45641678899
44.11941194119412,14.1854194860205,99873.36041036375
44.124412441244125,14.184921263059824,99875.61854293321
44.129412941294134,14.184423173246701,99880.50177828828
44.13441344134414,14.18392522125778,99881.50033540453
44.13941394139414,14.183427411768854,99870.28391920074
44.14441444144415,14.182929749454816,99882.16872360856
44.14941494149415,14.182432238989646,99882.29475465884
44.15441544154416,14.181934885046372,99872.2356596383
44.15941594159416,14.181437692297047,99875.25611953954
44.164416441644164,14.180940665412711,99873.69870255559
44.16941694169417,14.18044380906337,99875.95779701517
44.174417441744176,14.179947127917966,99873.67306465669
44.179417941794185,14.179450626644341,99873.30386846286
44.18441844184419,14.178954309909216,99862.95930687746
44.18941894189419,14.178458182378158,99867.11629694201
44.1944194419442,14.17796224871555,99875.47535934391
44.1994199419942,14.177466513584564,99875.42315193787
44.20442044204421,14.17697098164713,99883.52851797832
44.20942094209421,14.17647565756391,99873.22343971206
44.214421442144214,14.175980545994266,99870.03525614437
44.219421942194224,14.175485651596228,99859.3808032053
44.224422442244226,14.174990979026472,99871.72874363631
44.229422942294235,14.174496532940285,99858.17445921751
44.23442344234424,14.174002317991544,99866.4884909573
44.23942394239424,14.173508338832676,99858.61162296709
44.24442444244425,14.17301460011463,99868.55815369627
44.24942494249425,14.172521106486858,99874.18412047594
44.25442544254425,14.172027862597284,99874.71893198128
44.25942594259426,14.171534873092257,99883.70357473393
44.264426442644265,14.171042142616551,99860.45246811761
44.269426942694274,14.170549675813312,99874.91803910592
44.274427442744276,14.17005747732404,99865.20212849145
44.27942794279428,14.169565551788555,99856.54530150021
44.28442844284429,14.169073903844973,99865.89002678853
44.28942894289429,14.168582538129678,99862.69829648876
44.2944294429443,14.168091459277283,99861.63561457662
44.2994299429943,14.167600671920615,99866.42496330742
44.3044304430443,14.167110180690674,99873.79341723547
44.30943094309431,14.166619990216605,99862.79311721587
44.314431443144315,14.166130105125683,99858.98338622312
44.319431943194324,14.165640530043268,99858.7848794839
44.324432443244326,14.16515126959278,99861.41154501234
44.32943294329433,14.164662328395679,99849.11249135
44.33443344334434,14.164173711071422,99864.93686293627
44.33943394339434,14.163685422237444,99854.38873781484
44.34443444344435,14.16319746650913,99867.87437768048
44.34943494349435,14.162709848499778,99868.5386858656
44.354435443544354,14.162222572820578,99866.93661725621
44.35943594359436,14.161735644080576,99855.8505154309
44.364436443644365,14.161249066886656,99861.56444613251
44.369436943694375,14.160762845843497,99853.4510201998
44.37443744374438,14.160276985553553,99853.23349214002
44.37943794379438,14.15979149061703,99857.7060895424
44.38443844384439,14.159306365631839,99860.40449305567
44.38943894389439,14.15882161519359,99860.11993802158
44.3944394439444,14.158337243895541,99851.41517029153
44.3994399439944,14.157853256328588,99861.65834521441
44.404440444044404,14.157369657081222,99852.73500009472
44.40944094409441,14.156886450739512,99856.5005820104
44.414441444144416,14.156403641887064,99860.67448261188
44.419441944194425,14.155921235105007,99859.84626722935
44.42444244424443,14.155439234971954,99869.71144509084
44.42944294429443,14.154957646063973,99849.32281337387
44.43444344434444,14.15447647295456,99856.60743281718
44.43944394439444,14.153995720214622,99858.98036304918
44.44444444444445,14.153515392412425,99852.92020785587
44.44944494449445,14.153035494113587,99855.53270485239
44.454445444544454,14.15255602988104,99842.51912516385
44.459445944594464,14.152077004274998,99847.25993414554
44.464446444644466,14.15159842185294,99850.41988706273
44.469446944694475,14.151120287169569,99842.73954602458
44.47444744474448,14.150642604776793,99857.91224843096
44.47944794479448,14.150165379223687,99851.97004140304
44.48444844484449,14.149688615056476,99857.40592350902
44.48944894489449,14.1492123168185,99847.80387153177
44.49444944494449,14.148736489050183,99846.76637079846
44.4994499449945,14.148261136289008,99856.15081310812
44.504450445044505,14.147786263069497,99845.34813174239
44.509450945094514,14.147311873923158,99843.04321187452
44.514451445144516,14.146837973378492,99846.71251080281
44.51945194519452,14.146364565960933,99851.5928136713
44.52445244524453,14.145891656192836,99841.94490283859
44.52945294529453,14.145419248593441,99844.85612999288
44.53445344534454,14.144947347678857,99849.2916249168
44.53945394539454,14.144475957962019,99848.53713753824
44.54445444544454,14.14400508395267,99843.20815975081
44.54945494549455,14.143534730157329,99842.45263611877
44.554455445544555,14.14306490107926,99845.0251665714
44.559455945594564,14.142595601218444,99845.41798645178
44.564456445644566,14.142126835071567,99835.79331854136
44.56945694569457,14.141658607131964,99842.13192264453
44.57445744574458,14.141190921889613,99846.77945406773
44.57945794579458,14.1407237838311,99845.42862833217
44.58445844584459,14.140257197439587,99844.50128127556
44.58945894589459,14.139791167194787,99843.49593308392
44.594459445944594,14.139325697572941,99846.88473392652
44.5994599459946,14.13886079304678,99832.71845244046
44.604460446044605,14.138396458085506,99835.26886644283
44.609460946094615,14.13793269715476,99838.66843117274
44.61446144614462,14.137469514716594,99831.52370235095
44.61946194619462,14.137006915229444,99842.01363122305
44.62446244624463,14.1365449031481,99840.71444176944
44.62946294629463,14.136083482923684,99837.39218497985
44.63446344634464,14.135622659003614,99844.50132170183
44.63946394639464,14.135162435831585,99835.61069600018
44.644464446444644,14.134702817847531,99833.82561459679
44.64946494649465,14.134243809487606,99847.59388489183
44.654465446544656,14.133785415184152,99845.72284707641
44.659465946594665,14.133327639365673,99834.5704786372
44.66446644664467,14.132870486456808,99835.43261785223
44.66946694669467,14.132413960878303,99845.6683719668
44.67446744674468,14.131958067046975,99838.91913464174
44.67946794679468,14.1315028093757,99836.88328994942
44.68446844684469,14.131048192273372,99838.30499301596
44.68946894689469,14.130594220144888,99836.00551135241
44.694469446944694,14.1301408973911,99836.09863033239
44.699469946994704,14.129688228408815,99832.33225247217
44.704470447044706,14.129236217590744,99841.20963206197
44.709470947094715,14.128784869325488,99835.85902970526
44.71447144714472,14.128334187997499,99834.93566872674
44.71947194719472,14.127884177987074,99829.8570880467
44.72447244724473,14.127434843670299,99825.30488756376
44.72947294729473,14.126986189419041,99824.98231440097
44.73447344734473,14.12653821960092,99830.0871643799
44.73947394739474,14.126090938579273,99831.8475594129
44.744474447444745,14.125644350713129,99829.01416246047
44.749474947494754,14.125198460357192,99834.22940814018
44.754475447544756,14.124753271861799,99834.32432976672
44.75947594759476,14.124308789572897,99834.9091562075
44.76447644764477,14.12386501783203,99824.33317095181
44.76947694769477,14.123421960976287,99829.00341500578
44.77447744774478,14.122979623338297,99829.79363663532
44.77947794779478,14.122538009246187,99823.63040569636
44.78447844784478,14.122097123023568,99831.16508038454
44.78947894789479,14.121656968989491,99827.2975740641
44.794479447944795,14.121217551458441,99829.2094118013
44.799479947994804,14.12077887474029,99825.46359081464
44.80448044804481,14.120340943140285,99824.24032561677
44.80948094809481,14.11990376095901,99830.35654005993
44.81448144814482,14.119467332492368,99828.78826730828
44.81948194819482,14.11903166203155,99824.89417525845
44.82448244824483,14.118596753863006,99827.83999215059
44.82948294829483,14.118162612268424,99823.6963644593
44.834483448344834,14.1177292415247,99818.63105153434
44.83948394839484,14.117296645903902,99822.07123318208
44.844484448444845,14.11686482967327,99821.17162501122
44.849484948494855,14.116433797095155,99830.05038901904
44.85448544854486,14.116003552427019,99815.59156510168
44.85948594859486,14.115574099921394,99820.80804747512
44.86448644864487,14.115145443825865,99823.98593265818
44.86948694869487,14.11471758838303,99822.2781564667
44.87448744874488,14.11429053783049,99826.34451488832
44.87948794879488,14.113864296400815,99825.08356325292
44.884488448844884,14.113438868321506,99814.29589137915
44.88948894889489,14.113014257814992,99813.22288243931
44.894489448944896,14.112590469098585,99820.12885086288
44.899489948994905,14.112167506384461,99814.85125905549
44.90449044904491,14.111745373879632,99824.50529446207
44.90949094909491,14.111324075785921,99824.07160837266
44.91449144914492,14.110903616299932,99820.63412933054
44.91949194919492,14.110483999613036,99825.84953754234
44.92449244924493,14.110065229911323,99826.08108330857
44.92949294929493,14.109647311375593,99811.66849931456
44.934493449344934,14.109230248181328,99821.89350819078
44.939493949394944,14.108814044498661,99821.73041286478
44.944494449444946,14.108398704492352,99820.6904220048
44.949494949494955,14.107984232321762,99820.91876943238
44.95449544954496,14.107570632140828,99823.79125085655
44.95949594959496,14.107157908098033,99819.92095608327
44.96449644964497,14.106746064336383,99817.06606967298
44.96949694969497,14.106335104993388,99815.88547580127
44.97449744974497,14.105925034201022,99807.91374489322
44.97949794979498,14.105515856085706,99817.47133843659
44.984498449844985,14.105107574768283,99811.78838383066
44.989498949894994,14.104700194363987,99817.25442551775
44.994499449944996,14.104293718982422,99810.46183893217
44.999499949995,14.103888152727537,99813.092962192
45.00450045004501,14.103483499697589,99809.69781113109
45.00950095009501,14.103079763985136,99808.21794989872
45.01450145014502,14.102676949676997,99808.03491074467
45.01950195019502,14.102275060854232,99814.45056908486
45.02450245024502,14.101874101592113,99803.34663917097
45.02950295029503,14.101474075960105,99803.69661550422
45.034503450345035,14.10107498802184,99822.91606401425
45.039503950395044,14.100676841835071,99813.23346430232
45.04450445044505,14.100279641451689,99808.37775935054
45.04950495049505,14.099883390917654,99805.09301233842
45.05450545054506,14.099488094272992,99804.00412842155
45.05950595059506,14.099093755551772,99805.09309899455
45.06450645064507,14.098700378782068,99803.507860863
45.06950695069507,14.098307967985944,99811.80836272174
45.074507450745074,14.097916527179427,99817.06446383208
45.07950795079508,14.097526060372475,99810.2457643141
45.084508450845085,14.097136571568964,99807.52231020061
45.089508950895095,14.096748064766647,99816.25487723867
45.0945094509451,14.09636054395715,99809.9735047665
45.0995099509951,14.095974013125925,99812.47796477354
45.10451045104511,14.095588476252242,99805.9610469806
45.10951095109511,14.095203937309158,99801.72186676791
45.11451145114512,14.094820400263483,99806.99167267901
45.11951195119512,14.09443786907577,99808.67441041276
45.124512451245124,14.094056347700292,99803.47241370748
45.12951295129513,14.093675840084993,99807.55308681831
45.134513451345136,14.093296350171489,99791.90149189712
45.139513951395145,14.092917881895037,99797.4450372006
45.14451445144515,14.092540439184502,99802.89337442728
45.14951495149515,14.092164025962338,99799.59080516046
45.15451545154516,14.091788646144568,99803.2975597322
45.15951595159516,14.09141430364075,99802.0599225566
45.16451645164517,14.091041002353958,99799.14319416591
45.16951695169517,14.090668746180762,99811.05997387673
45.174517451745174,14.090297539011194,99804.18152838999
45.179517951795184,14.08992738472873,99800.74176947323
45.184518451845186,14.089558287210261,99796.43947513688
45.189518951895195,14.089190250326078,99813.1654989408
45.1945194519452,14.088823277939836,99809.07642852938
45.1995199519952,14.088457373908543,99802.17044650289
45.20452045204521,14.088092542082517,99804.17225247291
45.20952095209521,14.087728786305385,99804.942924519
45.21452145214521,14.087366110414038,99803.63386466973
45.21952195219522,14.087004518238624,99791.79110373187
45.224522452245225,14.086644013602509,99803.65991746908
45.229522952295234,14.08628460032227,99796.21616708871
45.234523452345236,14.085926282207653,99794.3351396498
45.23952395239524,14.085569063061563,99794.17794129178
45.24452445244525,14.085212946680027,99795.84314261147
45.24952495249525,14.084857936852192,99798.79867556827
45.25452545254526,14.084504037360277,99808.4082670599
45.25952595259526,14.084151251979561,99795.55493465342
45.26452645264526,14.083799584478365,99797.69262226889
45.26952695269527,14.083449038618015,99793.16853549793
45.274527452745275,14.083099618152827,99803.57823290185
45.279527952795284,14.082751326830085,99801.20278158996
45.28452845284529,14.082404168390012,99787.97632890084
45.28952895289529,14.082058146565744,99785.46587100589
45.2945294529453,14.081713265083323,99797.87966219854
45.2995299529953,14.081369527661655,99801.57563200599
45.30453045304531,14.081026938012494,99800.83434790435
45.30953095309531,14.08068549984042,99791.25557115696
45.314531453145314,14.080345216842819,99793.20515270457
45.31953195319532,14.080006092709846,99799.52363320238
45.324532453245325,14.079668131124423,99786.12508166282
45.329532953295335,14.079331335762198,99793.42253906874
45.33453345334534,14.078995710291531,99800.28285022706
45.33953395339534,14.078661258373463,99789.55360071031
45.34453445344535,14.07832798366171,99790.51248832575
45.34953495349535,14.077995889802617,99796.35412973094
45.35453545354536,14.077664980435157,99796.45147911215
45.35953595359536,14.077335259190894,99786.86013984105
45.364536453645364,14.077006729693961,99787.41983340998
45.36953695369537,14.076679395561047,99788.48642936278
45.374537453745376,14.076353260401369,99788.44489148029
45.379537953795385,14.076028327816644,99794.08382713742
45.38453845384539,14.075704601401073,99788.28235516674
45.38953895389539,14.07538208474132,99785.16304226755
45.3945394539454,14.075060781416482,99793.54625682348
45.3995399539954,14.074740694998075,99781.50791369268
45.40454045404541,14.074421829050008,99788.21443045278
45.40954095409541,14.074104187128556,99782.71622328382
45.414541454145414,14.073787772782346,99786.02951857471
45.419541954195424,14.07347258955233,99779.66674693671
45.424542454245426,14.073158640971766,99789.24739466504
45.429542954295435,14.072845930566189,99784.17901518269
45.43454345434544,14.072534461853397,99789.25994764811
45.43954395439544,14.07222423834343,99790.01451215858
45.44454445444545,14.071915263538536,99776.35322231792
45.44954495449545,14.071607540933163,99778.08294185046
45.45454545454545,14.07130107401393,99784.2232557388
45.45954595459546,14.0709958662596,99784.89908990552
45.464546454645465,14.070691921141075,99776.58818223067
45.469546954695474,14.070389242121358,99791.38091413295
45.474547454745476,14.070087832655537,99787.47118079751
45.47954795479548,14.069787696190767,99779.44870293135
45.48454845484549,14.069488836166242,99785.60876743494
45.48954895489549,14.069191256013177,99785.17953476065
45.4945494549455,14.068894959154788,99784.40192776715
45.4995499549955,14.068599949006268,99784.55626370189
45.504550455045504,14.068306228974766,99780.84340728447
45.50955095509551,14.068013802459369,99783.90394484471
45.514551455145515,14.067722672851072,99782.84985419309
45.519551955195524,14.067432843532766,99781.83849846301
45.52455245524553,14.067144317879215,99783.38926083165
45.52955295529553,14.066857099257033,99786.18052636553
45.53455345534554,14.06657119102466,99789.07279686663
45.53955395539554,14.06628659653235,99773.4428553529
45.54455445544555,14.06600331912214,99770.58908462565
45.54955495549555,14.065721362127835,99788.20908915284
45.554555455545554,14.065440728874986,99779.2418933027
45.55955595559556,14.065161422680868,99781.44201848186
45.564556455645565,14.064883446854463,99786.93400539477
45.569556955695575,14.06460680469643,99784.98287691522
45.57455745574558,14.0643314994991,99780.69512124412
45.57955795579558,14.064057534546444,99780.44686798721
45.58455845584559,14.063784913114047,99779.05529653702
45.58955895589559,14.063513638469102,99771.96606217783
45.5945594559456,14.063243713870383,99773.06785703308
45.5995599559956,14.062975142568224,99775.70418965645
45.604560456045604,14.062707927804498,99773.95335913144
45.60956095609561,14.062442072812598,99779.95589895875
45.614561456145616,14.062177580817417,99778.8255218457
45.619561956195625,14.061914455035328,99776.01744577957
45.62456245624563,14.061652698674164,99785.31911703723
45.62956295629563,14.061392314933196,99781.84466629133
45.63456345634564,14.061133307003116,99774.46468980233
45.63956395639564,14.060875678066015,99769.07117420157
45.64456445644565,14.060619431295361,99774.47125444085
45.64956495649565,14.060364569855984,99774.6286619057
45.654565456545654,14.060111096904057,99778.80311689235
45.659565956595664,14.059859015587065,99778.75209548423
45.664566456645666,14.059608329043803,99769.43867274848
45.669566956695675,14.05935904040434,99774.15205556818
45.67456745674568,14.059111152790011,99772.64574650898
45.67956795679568,14.058864669313389,99770.77798115378
45.68456845684569,14.058619593078271,99772.95041442807
45.68956895689569,14.05837592717966,99773.42985804258
45.69456945694569,14.058133674703734,99777.16612388467
45.6995699569957,14.057892838727845,99767.7154367989
45.704570457045705,14.057653422320488,99772.31043161592
45.709570957095714,14.05741542854128,99767.64861212124
45.714571457145716,14.057178860440942,99768.00316791802
45.71957195719572,14.056943721061296,99769.92863420221
45.72457245724573,14.05671001343522,99767.67315390175
45.72957295729573,14.056477740586647,99774.00109367224
45.73457345734574,14.05624690553054,99771.54381525292
45.73957395739574,14.056017511272874,99773.395431196
45.744574457445744,14.055789560810615,99770.61605553576
45.74957495749575,14.05556305713171,99766.82721943312
45.754575457545755,14.055338003215052,99778.5552379592
45.759575957595764,14.055114402030481,99759.85120329431
45.76457645764577,14.054892256538752,99766.30621602804
45.76957695769577,14.054671569691516,99767.54206066877
45.77457745774578,14.05445234443131,99770.29122703135
45.77957795779578,14.054234583691533,99772.00688066734
45.78457845784579,14.05401829039643,99764.83977608815
45.78957895789579,14.053803467461071,99767.26497744663
45.794579457945794,14.053590117791337,99762.44184457247
45.7995799579958,14.053378244283897,99763.02042152133
45.804580458045805,14.053167849826188,99763.09266190717
45.809580958095815,14.052958937296413,99764.01045402017
45.81458145814582,14.052751509563501,99770.57965021092
45.81958195819582,14.0525455694871,99763.08271290967
45.82458245824583,14.05234111991756,99768.91568443003
45.82958295829583,14.05213816369592,99768.39697558271
45.83458345834584,14.05193670365387,99764.3464578991
45.83958395839584,14.051736742613757,99765.07617454993
45.844584458445844,14.051538283388558,99761.93137943448
45.84958495849585,14.051341328781854,99766.8040623023
45.854585458545856,14.051145881587829,99756.29144192526
45.859585958595865,14.050951944591235,99757.58639771679
45.86458645864587,14.050759520567393,99767.32728616746
45.86958695869587,14.050568612282158,99760.88304298301
45.87458745874588,14.050379222491914,99758.67737876311
45.87958795879588,14.05019135394355,99759.7589030261
45.88458845884589,14.050005009374448,99768.49356415331
45.88958895889589,14.049820191512465,99760.9998723129
45.894589458945894,14.049636903075907,99766.14825469637
45.899589958995904,14.04945514677352,99758.90969268982
45.904590459045906,14.049274925304484,99756.82304124132
45.909590959095915,14.04909624135837,99754.03267391921
45.91459145914592,14.048919097615144,99766.20440639672
45.91959195919592,14.048743496745148,99761.80643547236
45.92459245924593,14.048569441409068,99754.91478677781
45.92959295929593,14.048396934257939,99761.13853094226
45.93459345934593,14.048225977933113,99765.95818339655
45.93959395939594,14.048056575066248,99760.84350443556
45.944594459445945,14.04788872827929,99763.38153165196
45.949594959495954,14.04772244018446,99758.32884307677
45.954595459545956,14.047557713384235,99751.83363753138
45.95959595959596,14.047394550471328,99763.43153109711
45.96459645964597,14.047232954028681,99760.30546643425
45.96959695969597,14.047072926629443,99755.93029257252
45.97459745974598,14.046914470836947,99754.54921985949
45.97959795979598,14.046757589204713,99763.24634264797
45.984598459845984,14.046602284276414,99764.69810996001
45.98959895989599,14.046448558585865,99755.3790346973
45.994599459945995,14.04629641465701,99757.57133018077
45.999599959996004,14.046145855003912,99763.44533054101
46.00460046004601,14.04599688213072,99749.67975769553
46.00960096009601,14.04584949853167,99751.89153842998
46.01460146014602,14.04570370669106,99757.60099992622
46.01960196019602,14.045559509083242,99753.87567555913
46.02460246024603,14.045416908172594,99759.47228704974
46.02960296029603,14.045275906413522,99762.69976399768
46.034603460346034,14.045136506250428,99755.02831601564
46.03960396039604,14.044998710117707,99747.96043410776
46.044604460446045,14.044862520439723,99757.90863293073
46.049604960496055,14.0447279396308,99762.9382863763
46.05460546054606,14.044594970095202,99755.83492921971
46.05960596059606,14.044463614227126,99755.46001897757
46.06460646064607,14.044333874410677,99753.9872478908
46.06960696069607,14.044205753019856,99758.38677964178
46.07460746074608,14.044079252418554,99753.95137942312
46.07960796079608,14.04395437496052,99751.26382998088
46.084608460846084,14.043831122989367,99756.94120738204
46.08960896089609,14.043709498838538,99744.08854048607
46.094609460946096,14.043589504831306,99751.49307884557
46.099609960996105,14.043471143280748,99744.16666013296
46.10461046104611,14.043354416489743,99745.11709092477
46.10961096109611,14.043239326750946,99748.17444702896
46.11461146114612,14.043125876346778,99746.1022344382
46.11961196119612,14.043014067549414,99745.77821657697
46.12461246124613,14.042903902620768,99751.71849998242
46.12961296129613,14.042795383812473,99747.07774662971
46.134613461346134,14.04268851336588,99749.77742054846
46.139613961396144,14.042583293512026,99733.85621190109
46.144614461446146,14.042479726471635,99747.30163590763
46.149614961496155,14.042377814455099,99748.33248780658
46.15461546154616,14.042277559662464,99753.79901356176
46.15961596159616,14.042178964283414,99754.06664523657
46.16461646164617,14.042082030497262,99750.78578322424
46.16961696169617,14.041986760472934,99744.45354123042
46.17461746174618,14.041893156368953,99744.29308463506
46.17961796179618,14.041801220333427,99745.2181117552
46.184618461846185,14.041710954504046,99757.01851352699
46.189618961896194,14.041622361008045,99755.15700766358
46.194619461946196,14.041535441962214,99745.30862942329
46.1996199619962,14.041450199472875,99748.11779739578
46.20462046204621,14.041366635635866,99743.26881104869
46.20962096209621,14.041284752536534,99750.55999510862
46.21462146214622,14.04120455224972,99743.76219135876
46.21962196219622,14.041126036839742,99745.47882420328
46.224622462246224,14.041049208360386,99747.75824914293
46.22962296229623,14.040974068854895,99742.64440512365
46.234623462346235,14.040900620355956,99749.7008386827
46.239623962396244,14.040828864885677,99745.4171303353
46.24462446244625,14.040758804455589,99740.54071952996
46.24962496249625,14.040690441066626,99741.68870122847
46.25462546254626,14.04062377670911,99745.73825581459
46.25962596259626,14.040558813362747,99743.12061153483
46.26462646264627,14.040495552996605,99748.66507859198
46.26962696269627,14.04043399756911,99745.12912604789
46.274627462746274,14.040374149028025,99741.96640106752
46.27962796279628,14.040316009310452,99744.0015272272
46.284628462846285,14.040259580342797,99738.91286746944
46.289628962896295,14.040204864040785,99739.8436028034
46.2946294629463,14.040151862309429,99748.98787277291
46.2996299629963,14.040100577043024,99739.44677588866
46.30463046304631,14.04005101012513,99746.14579569263
46.30963096309631,14.040003163428574,99742.0992671158
46.31463146314632,14.039957038815427,99740.59513779353
46.31963196319632,14.039912638136988,99740.96668034
46.324632463246324,14.03986996323379,99736.63402219403
46.32963296329633,14.039829015935572,99740.95782400625
46.334633463346336,14.039789798061271,99742.48117682067
46.339633963396345,14.039752311419017,99739.50997185578
46.34463446344635,14.039716557806116,99734.0290105377
46.34963496349635,14.03968253900904,99739.28102164571
46.35463546354636,14.03965025680342,99740.60729646892
46.35963596359636,14.039619712954023,99735.73409926458
46.36463646364637,14.039590909214759,99740.71430103004
46.36963696369637,14.039563847328651,99735.45211323992
46.374637463746375,14.039538529027842,99732.30827922552
46.379637963796384,14.039514956033567,99728.91585734171
46.384638463846386,14.03949313005616,99742.25077202424
46.389638963896395,14.039473052795023,99746.52658687609
46.3946394639464,14.039454725938635,99739.01195308693
46.3996399639964,14.039438151164525,99740.60907555104
46.40464046404641,14.03942333013928,99732.68605505786
46.40964096409641,14.039410264518516,99740.92163480095
46.41464146414642,14.039398955946877,99741.46516693648
46.41964196419642,14.039389406058026,99730.84998156686
46.424642464246425,14.039381616474627,99733.35584162186
46.429642964296434,14.039375588808339,99736.94046062532
46.434643464346436,14.039371324659818,99741.34963256393
46.43964396439644,14.039368825618684,99732.07798879116
46.44464446444645,14.03936809326353,99735.6525521011
46.44964496449645,14.0393691291619,99739.66795389669
46.45464546454646,14.039371934870285,99739.73206705903
46.45964596459646,14.039376511934115,99732.51524506015
46.464646464646464,14.039382861887749,99740.65106008327
46.46964696469647,14.039390986254457,99734.40327367432
46.474647464746475,14.039400886546415,99731.1541794041
46.479647964796484,14.039412564264712,99732.76982414638
46.48464846484649,14.039426020899308,99728.3786994579
46.48964896489649,14.039441257929052,99730.88301203173
46.4946494649465,14.039458276821664,99739.01566125345
46.4996499649965,14.03947707903372,99726.94382924068
46.50465046504651,14.03949766601065,99731.33444989158
46.50965096509651,14.039520039186732,99735.95556763369
46.514651465146514,14.03954419998507,99731.71844442723
46.51965196519652,14.0395701498176,99720.64050360619
46.524652465246525,14.039597890085066,99731.24395768144
46.529652965296535,14.039627422177029,99729.59395110255
46.53465346534654,14.039658747471844,99733.32930819134
46.53965396539654,14.039691867336657,99737.7967330969
46.54465446544655,14.039726783127396,99734.888159323
46.54965496549655,14.03976349618876,99732.03714537423
46.55465546554656,14.039802007854215,99737.00077288857
46.55965596559656,14.039842319445984,99729.277105008
46.564656465646564,14.039884432275038,99730.1046082888
46.56965696569657,14.039928347641085,99723.85226671289
46.574657465746576,14.03997406683257,99735.61100333669
46.579657965796585,14.040021591126658,99732.09503438792
46.58465846584659,14.040070921789228,99729.55440433546
46.58965896589659,14.040122060074875,99720.91259930907
46.5946594659466,14.040175007226887,99736.93103258024
46.5996599659966,14.040229764477242,99734.15329541801
46.60466046604661,14.040286333046614,99723.98675337435
46.60966096609661,14.040344714144343,99735.64554490431
46.614661466146615,14.04040490896844,99739.9864654994
46.619661966196624,14.040466918705588,99728.2193004163
46.624662466246626,14.040530744531111,99731.64282963068
46.629662966296635,14.040596387608984,99731.51942041136
46.63466346634664,14.04066384909183,99728.79006684873
46.63966396639664,14.040733130120897,99733.9612820766
46.64466446644665,14.040804231826057,99728.25257491718
46.64966496649665,14.040877155325804,99725.59697313639
46.65466546654666,14.040951901727247,99724.11776935852
46.65966596659666,14.041028472126094,99725.67578649452
46.664666466646665,14.04110686760665,99733.13465577202
46.669666966696674,14.04118708924182,99725.93076564644
46.674667466746676,14.04126913809308,99722.29505073058
46.67966796679668,14.041353015210493,99724.79942498286
46.68466846684669,14.04143872163269,99734.3700015333
46.68966896689669,14.041526258386867,99723.6565633203
46.6946694669467,14.041615626488781,99717.54142969317
46.6996699669967,14.041706826942734,99729.86120315986
46.704670467046704,14.04179986074158,99731.0980386126
46.70967096709671,14.041894728866708,99728.84619424626
46.714671467146715,14.041991432288043,99724.4809151046
46.719671967196724,14.042089971964037,99724.4041730554
46.72467246724673,14.04219034884166,99720.33840707304
46.72967296729673,14.0422925638564,99726.27911800535
46.73467346734674,14.042396617932255,99725.08337688235
46.73967396739674,14.042502511981724,99724.69096870255
46.74467446744675,14.042610246905806,99724.96441589072
46.74967496749675,14.042719823593991,99725.71189636941
46.754675467546754,14.042831242924255,99727.53936261895
46.75967596759676,14.042944505763058,99722.41176321209
46.764676467646765,14.043059612965335,99732.21806028046
46.769676967696775,14.04317656537449,99723.48987067741
46.77467746774678,14.043295363822388,99717.44746046395
46.77967796779678,14.043416009129363,99723.25544683001
46.78467846784679,14.043538502104198,99718.90972933521
46.78967896789679,14.04366284354413,99713.63122668538
46.7946794679468,14.043789034234836,99712.9212232604
46.7996799679968,14.043917074950434,99722.38091335304
46.804680468046804,14.044046966453477,99713.9265767779
46.809680968096814,14.044178709494954,99719.85120841334
46.814681468146816,14.044312304814268,99720.33807082653
46.819681968196825,14.044447753139256,99718.23222441653
46.82468246824683,14.044585055186161,99717.03836643114
46.82968296829683,14.044724211659643,99711.33456120155
46.83468346834684,14.044865223252769,99722.8999860981
46.83968396839684,14.04500809064701,99720.91436787977
46.84468446844685,14.045152814512232,99732.27842913053
46.84968496849685,14.0452993955067,99727.2170010172
46.854685468546855,14.045447834277068,99714.75445358797
46.859685968596864,14.045598131458377,99724.26566305512
46.864686468646866,14.045750287674046,99726.21214365815
46.869686968696875,14.045904303535885,99717.17860213078
46.87468746874688,14.046060179644066,99711.83763108267
46.87968796879688,14.046217916587134,99713.87584189982
46.88468846884689,14.04637751494201,99712.02710754839
46.88968896889689,14.046538975273972,99723.87191294871
46.8946894689469,14.046702298136658,99713.46091337383
46.8996899689969,14.046867484072065,99712.48488998345
46.904690469046905,14.047034533610542,99711.37633362
46.909690969096914,14.04720344727079,99723.96256819817
46.914691469146916,14.04737422555986,99715.42193080604
46.91969196919692,14.047546868973138,99720.74528254716
46.92469246924693,14.047721377994355,99729.37071798752
46.92969296929693,14.047897753095581,99724.31614617356
46.93469346934694,14.048075994737223,99718.68026714263
46.93969396939694,14.048256103368011,99714.87741838484
46.944694469446944,14.048438079425015,99719.21011075069
46.94969496949695,14.048621923333622,99719.36737900056
46.954695469546955,14.048807635507547,99708.76619115009
46.959695969596964,14.048995216348827,99710.41176333946
46.96469646964697,14.049184666247813,99714.52249058653
46.96969696969697,14.049375985583177,99723.5420068133
46.97469746974698,14.049569174721903,99711.315511644
46.97969796979698,14.049764234019285,99714.4218012957
46.98469846984699,14.049961163818928,99718.58775007345
46.98969896989699,14.05015996445274,99710.45298258106
46.994699469946994,14.050360636240944,99711.30907695658
46.999699969997,14.050563179492054,99710.56046273204
47.004700470047005,14.050767594502888,99719.91310022387
47.009700970097015,14.050973881558571,99711.49895624342
47.01470147014702,14.051182040932519,99721.61897900209
47.01970197019702,14.051392072886438,99712.53769515843
47.02470247024703,14.051603977670343,99721.05269111595
47.02970297029703,14.051817755522528,99717.42366168293
47.03470347034704,14.052033406669581,99714.06895446926
47.03970397039704,14.052250931326387,99725.95447802324
47.044704470447044,14.05247032969611,99704.8091623729
47.049704970497054,14.052691601970206,99716.74141100884
47.054705470547056,14.052914748328414,99718.16876673845
47.059705970597065,14.053139768938761,99713.33154226078
47.06470647064707,14.053366663957554,99712.96679822366
47.06970697069707,14.053595433529386,99707.29283039908
47.07470747074708,14.053826077787129,99711.53874568269
47.07970797079708,14.054058596851934,99712.41622067017
47.08470847084709,14.05429299083324,99717.31188744938
47.08970897089709,14.054529259828756,99714.10165455042
47.094709470947095,14.054767403924478,99709.15765607018
47.099709970997104,14.055007423194674,99711.87608219664
47.104710471047106,14.055249317701893,99711.01398296803
47.109710971097115,14.055493087496961,99710.42802599136
47.11471147114712,14.055738732618979,99712.16749794016
47.11971197119712,14.05598625309533,99709.39168882096
47.12471247124713,14.05623564894167,99711.6100074599
47.12971297129713,14.056486920161927,99705.7338667148
47.13471347134714,14.056740066748315,99714.54273204428
47.13971397139714,14.05699508868132,99713.05879120332
47.144714471447145,14.057251985929705,99701.5314065954
47.149714971497154,14.05751075845051,99714.46376778335
47.154715471547156,14.057771406189051,99708.10592912743
47.15971597159716,14.05803392907892,99712.30721452305
47.16471647164717,14.058298327041996,99708.1280850918
47.16971697169717,14.058564599988427,99718.13217936803
47.17471747174718,14.058832747816641,99710.94877756637
47.17971797179718,14.05910277041335,99707.4859587362
47.184718471847184,14.059374667653545,99703.072866014
47.18971897189719,14.059648439400494,99702.3655694206
47.194719471947195,14.059924085505752,99709.01773242449
47.199719971997204,14.060201605809159,99701.84565710537
47.20472047204721,14.060481000138829,99713.26272281044
47.20972097209721,14.060762268311167,99707.45057315793
47.21472147214722,14.06104541013087,99704.31436486894
47.21972197219722,14.06133042539091,99708.75734041353
47.22472247224723,14.061617313872562,99705.27536806666
47.22972297229723,14.061906075345377,99707.25883618479
47.234723472347234,14.062196709567205,99707.51860219185
47.23972397239724,14.062489216284188,99709.1739008152
47.244724472447245,14.062783595230764,99711.87115861865
47.249724972497255,14.063079846129664,99705.66144574588
47.25472547254726,14.063377968691917,99700.80763423693
47.25972597259726,14.063677962616856,99710.05564566467
47.26472647264727,14.063979827592114,99709.13082023205
47.26972697269727,14.064283563293621,99703.29198672142
47.27472747274728,14.064589169385624,99707.9750381163
47.27972797279728,14.064896645520669,99697.60804782265
47.284728472847284,14.065205991339614,99709.21931586576
47.289728972897294,14.065517206471633,99709.57567232371
47.294729472947296,14.065830290534208,99705.83546894297
47.299729972997305,14.066145243133146,99711.21957578648
47.30473047304731,14.066462063862561,99704.79537037498
47.30973097309731,14.066780752304904,99707.96562774398
47.31473147314732,14.067101308030937,99706.11927813316
47.31973197319732,14.06742373059976,99705.20867862947
47.32473247324733,14.067748019558795,99716.22252872077
47.32973297329733,14.068074174443803,99704.99694141855
47.334733473347335,14.06840219477887,99709.2241330437
47.339733973397344,14.068732080076435,99710.03445520595
47.344734473447346,14.069063829837267,99706.77310386766
47.349734973497355,14.06939744355049,99709.53328187951
47.35473547354736,14.069732920693564,99713.32815881095
47.35973597359736,14.070070260732312,99707.12511427405
47.36473647364737,14.070409463120901,99703.09327534182
47.36973697369737,14.070750527301865,99700.50597251367
47.37473747374738,14.071093452706094,99708.3740403417
47.37973797379738,14.071438238752844,99688.77050030508
47.384738473847385,14.071784884849743,99714.78684722212
47.389738973897394,14.072133390392787,99705.23004953003
47.394739473947396,14.072483754766347,99698.33156452363
47.3997399739974,14.072835977343184,99702.82197178958
47.40474047404741,14.073190057484428,99702.30293513507
47.40974097409741,14.073545994539607,99699.874026641
47.41474147414742,14.073903787846643,99708.41219190069
47.41974197419742,14.074263436731846,99694.762456718
47.424742474247424,14.074624940509926,99699.17574763784
47.42974297429743,14.07498829848401,99710.4003573157
47.434743474347435,14.075353509945622,99703.95170398444
47.439743974397445,14.0757205741747,99702.33616369551
47.44474447444745,14.076089490439605,99695.09712561137
47.44974497449745,14.076460257997121,99711.3753421433
47.45474547454746,14.076832876092455,99702.85159040354
47.45974597459746,14.077207343959243,99705.20113449448
47.46474647464747,14.077583660819569,99708.21127662508
47.46974697469747,14.077961825883945,99700.80007014747
47.474747474747474,14.07834183835134,99704.26317346742
47.47974797479748,14.07872369740917,99704.96592824208
47.484748474847486,14.079107402233307,99696.19321842543
47.489748974897495,14.079492951988083,99703.80860858521
47.4947494749475,14.079880345826304,99702.88423191594
47.4997499749975,14.080269582889237,99706.76802808735
47.50475047504751,14.080660662306641,99692.35811765351
47.50975097509751,14.081053583196745,99700.77726872037
47.51475147514752,14.081448344666274,99697.67865332219
47.51975197519752,14.08184494581044,99701.01459331693
47.524752475247524,14.082243385712966,99705.44146610612
47.529752975297534,14.082643663446069,99700.14614329401
47.534753475347536,14.083045778070481,99702.20040989704
47.539753975397545,14.083449728635458,99702.05427641618
47.54475447544755,14.083855514178769,99705.87896927375
47.54975497549755,14.084263133726715,99703.77237887894
47.55475547554756,14.084672586294138,99697.44889946845
47.55975597559756,14.085083870884414,99697.2946563964
47.56475647564757,14.08549698648947,99703.85413657228
47.56975697569757,14.08591193208979,99697.74305554939
47.574757475747575,14.086328706654408,99703.22291763882
47.579757975797584,14.086747309140938,99704.43268678068
47.584758475847586,14.087167738495552,99704.30251509263
47.589758975897595,14.087589993653019,99698.42536768666
47.5947594759476,14.08801407353668,99703.27910378197
47.5997599759976,14.08843997705848,99697.23228479893
47.60476047604761,14.088867703118956,99693.99797809235
47.60976097609761,14.089297250607254,99689.68985461905
47.61476147614762,14.089728618401134,99699.34705298545
47.61976197619762,14.09016180536698,99693.77815099517
47.624762476247625,14.0905968103598,99695.66397825067
47.629762976297634,14.09103363222324,99697.30554041361
47.634763476347636,14.091472269789586,99699.95827151714
47.63976397639764,14.091912721879773,99706.65053454615
47.64476447644765,14.092354987303395,99695.24499200967
47.64976497649765,14.092799064858708,99699.03054010686
47.65476547654766,14.093244953332645,99688.08200728525
47.65976597659766,14.093692651500813,99703.73515941954
47.664766476647664,14.094142158127509,99701.54084214834
47.66976697669767,14.094593471965723,99696.91623619356
47.674767476747675,14.095046591757148,99702.56012733107
47.679767976797685,14.095501516232192,99700.45516758224
47.68476847684769,14.095958244109974,99692.60249294147
47.68976897689769,14.096416774098346,99702.75929211607
47.6947694769477,14.09687710489389,99684.20510426974
47.6997699769977,14.097339235181934,99699.35756978899
47.70477047704771,14.097803163636556,99699.08640086741
47.70977097709771,14.098268888920588,99697.66025027719
47.714771477147714,14.098736409685639,99689.88529026306
47.71977197719772,14.099205724572087,99694.02647729727
47.724772477247726,14.099676832209099,99698.96394127555
47.729772977297735,14.100149731214632,99706.5590444343
47.73477347734774,14.100624420195446,99683.11930628457
47.73977397739774,14.101100897747108,99701.88353656247
47.74477447744775,14.10157916245401,99698.89308827712
47.74977497749775,14.102059212889369,99701.62433215248
47.75477547754776,14.102541047615238,99703.1417937049
47.75977597759776,14.10302466518252,99700.50010788807
47.764776477647764,14.103510064130967,99685.02555661844
47.769776977697774,14.1039972429892,99701.07316795437
47.774777477747776,14.10448620027471,99693.39648114941
47.779777977797785,14.104976934493875,99700.50423922972
47.78477847784779,14.10546944414196,99696.54704601305
47.78977897789779,14.105963727703134,99690.4303655737
47.7947794779478,14.106459783650479,99682.53820531491
47.7997799779978,14.10695761044599,99684.97799414396
47.80478047804781,14.107457206540602,99698.31664584145
47.80978097809781,14.10795857037418,99703.48045059647
47.814781478147815,14.108461700375544,99687.96514921049
47.819781978197824,14.108966594962475,99692.58821033583
47.824782478247826,14.109473252541719,99696.05914363026
47.829782978297835,14.109981671509,99696.35929212897
47.83478347834784,14.110491850249035,99693.32668780688
47.83978397839784,14.11100378713554,99688.77922972434
47.84478447844785,14.111517480531235,99696.09443765975
47.84978497849785,14.11203292878787,99694.52820427269
47.85478547854786,14.112550130246216,99692.50679644434
47.85978597859786,14.113069083236086,99694.40018282553
47.864786478647865,14.113589786076343,99698.06968704273
47.869786978697874,14.114112237074918,99699.87083893376
47.874787478747876,14.114636434528805,99707.1480807976
47.87978797879788,14.115162376724085,99695.08198317727
47.88478847884789,14.115690061935933,99707.16309061887
47.88978897889789,14.116219488428625,99695.3986499182
47.8947894789479,14.116750654455553,99701.67422894241
47.8997899789979,14.117283558259237,99690.97391067506
47.904790479047904,14.117818198071328,99694.75351439315
47.90979097909791,14.118354572112633,99693.91775589863
47.914791479147915,14.118892678593111,99690.6900448349
47.919791979197925,14.119432515711896,99687.40637011245
47.92479247924793,14.119974081657295,99696.19863196736
47.92979297929793,14.12051737460682,99690.17548125985
47.93479347934794,14.121062392727179,99688.72845858704
47.93979397939794,14.121609134174294,99690.7056596981
47.94479447944795,14.12215759709332,99690.52051131021
47.94979497949795,14.122707779618649,99693.69479731005
47.954795479547954,14.123259679873918,99692.09957802774
47.95979597959796,14.123813295972035,99697.39357663576
47.964796479647966,14.124368626015176,99691.33594232531
47.969796979697975,14.1249256680948,99688.84649811756
47.97479747974798,14.125484420291672,99699.48521461859
47.97979797979798,14.12604488067586,99694.19392228208
47.98479847984799,14.126607047306756,99691.3620249078
47.98979897989799,14.127170918233084,99696.08524767336
47.994799479948,14.12773649149292,99687.72683984402
47.999799979998,14.128303765113689,99686.26427038637
48.004800480048004,14.128872737112195,99688.99106256003
48.009800980098014,14.129443405494621,99692.75771380619
48.014801480148016,14.130015768256545,99690.19816089341
48.019801980198025,14.130589823382953,99685.33680330822
48.02480248024803,14.131165568848255,99688.45498645291
48.02980298029803,14.13174300261629,99689.72960954202
48.03480348034804,14.132322122640348,99693.7778883389
48.03980398039804,14.132902926863173,99704.21456657925
48.04480448044805,14.133485413216983,99685.63454162538
48.04980498049805,14.134069579623475,99689.01289481117
48.054805480548055,14.134655423993857,99691.49146330275
48.059805980598064,14.135242944228834,99691.38181045227
48.064806480648066,14.135832138218639,99691.49099789263
48.069806980698075,14.136423003843047,99698.52555036295
48.07480748074808,14.137015538971378,99695.60432264116
48.07980798079808,14.137609741462512,99689.7187825674
48.08480848084809,14.138205609164917,99690.13857515666
48.08980898089809,14.138803139916641,99685.33054091132
48.0948094809481,14.139402331545341,99693.85955573524
48.0998099809981,14.14000318186829,99691.61965258204
48.104810481048105,14.140605688692393,99691.12944385472
48.109810981098114,14.141209849814198,99689.43424985239
48.11481148114812,14.141815663019912,99686.20874161749
48.11981198119812,14.142423126085417,99688.75184324461
48.12481248124813,14.143032236776278,99685.3255263596
48.12981298129813,14.143642992847763,99698.77427155222
48.13481348134814,14.144255392044853,99690.49747566889
48.13981398139814,14.144869432102256,99683.06414695883
48.144814481448144,14.145485110744422,99687.69218873384
48.14981498149815,14.146102425685566,99692.38174756411
48.154815481548155,14.146721374629662,99690.90003191656
48.159815981598165,14.14734195527048,99697.69758481495
48.16481648164817,14.147964165291583,99695.14216144018
48.16981698169817,14.148588002366349,99691.60722977688
48.17481748174818,14.149213464157988,99685.27491483287
48.17981798179818,14.149840548319553,99696.23066714857
48.18481848184819,14.150469252493952,99690.86556973975
48.18981898189819,14.151099574313967,99700.93504250157
48.194819481948194,14.151731511402273,99690.63459753506
48.1998199819982,14.152365061371441,99684.987515087
48.204820482048206,14.15300022182396,99678.15621484283
48.209820982098215,14.153636990352256,99687.61678818945
48.21482148214822,14.1542753645387,99695.94435990046
48.21982198219822,14.15491534195562,99690.52620046705
48.22482248224823,14.155556920165333,99683.94917743784
48.22982298229823,14.156200096720143,99688.16287097413
48.23482348234824,14.15684486916236,99683.4430797228
48.23982398239824,14.157491235024318,99686.79961978135
48.244824482448244,14.158139191828399,99695.37495273974
48.249824982498254,14.158788737087027,99696.82976090054
48.254825482548256,14.159439868302707,99694.94357654931
48.259825982598265,14.160092582968023,99684.3346992179
48.26482648264827,14.16074687856566,99705.21350714561
48.26982698269827,14.161402752568424,99688.93799112183
48.27482748274828,14.162060202439257,99697.41381429041
48.27982798279828,14.162719225631239,99699.84895763746
48.28482848284829,14.163379819587629,99696.81879904949
48.28982898289829,14.164041981741851,99695.51254440864
48.294829482948295,14.16470570951754,99686.37813338549
48.299829982998304,14.165371000328532,99683.38042953273
48.304830483048306,14.166037851578903,99681.38713318604
48.309830983098315,14.166706260662968,99687.40412540716
48.31483148314832,14.167376224965302,99684.57226918437
48.31983198319832,14.168047741860764,99687.78839912142
48.32483248324833,14.168720808714506,99682.18327192373
48.32983298329833,14.169395422881982,99686.56986392189
48.33483348334834,14.170071581708985,99687.20461020683
48.33983398339834,14.170749282531647,99688.13971638377
48.344834483448345,14.17142852267646,99687.690999025
48.349834983498354,14.172109299460296,99688.98903397247
48.35483548354836,14.172791610190416,99690.45008242055
48.35983598359836,14.173475452164496,99686.45620436013
48.36483648364837,14.174160822670641,99685.33560174154
48.36983698369837,14.1748477189874,99698.28115628523
48.37483748374838,14.175536138383775,99691.91246271605
48.37983798379838,14.176226078119264,99691.59319414428
48.384838483848384,14.176917535443845,99694.7717422539
48.38983898389839,14.177610507598018,99689.04930101226
48.394839483948395,14.178304991812809,99690.83438229206
48.399839983998405,14.179000985309798,99690.35762779368
48.40484048404841,14.17969848530112,99693.16103464598
48.40984098409841,14.180397488989502,99681.61802017993
48.41484148414842,14.181097993568269,99685.9631887335
48.41984198419842,14.181799996221358,99687.94516126494
48.42484248424843,14.182503494123347,99681.41503279042
48.42984298429843,14.183208484439465,99679.30966851824
48.434843484348434,14.18391496432561,99684.4001148554
48.43984398439844,14.184622930928372,99688.37535726574
48.444844484448446,14.185332381385043,99689.45186916836
48.449844984498455,14.186043312823644,99694.88494274189
48.45484548454846,14.186755722362928,99686.6162964622
48.45984598459846,14.187469607112424,99689.59505814349
48.46484648464847,14.188184964172429,99682.36048741707
48.46984698469847,14.188901790634029,99694.35966532
48.47484748474848,14.189620083579142,99693.4523802528
48.47984798479848,14.190339840080505,99685.26052955445
48.484848484848484,14.19106105720171,99688.12166377385
48.489848984898494,14.191783731997223,99697.46030321138
48.494849484948496,14.19250786151239,99677.5752919076
48.499849984998505,14.193233442783464,99686.83663740338
48.50485048504851,14.193960472837631,99677.51943010707
48.50985098509851,14.194688948693011,99683.03467517186
48.51485148514852,14.195418867358693,99687.86260107327
48.51985198519852,14.196150225834739,99680.53043207094
48.52485248524853,14.196883021112217,99683.34051843428
48.52985298529853,14.197617250173208,99689.00279605844
48.534853485348535,14.198352909990838,99684.85435182083
48.539853985398544,14.199089997529281,99690.6943794542
48.544854485448546,14.199828509743789,99686.9257573704
48.549854985498555,14.200568443580705,99693.08197979856
48.55485548554856,14.201309795977492,99679.03300777667
48.55985598559856,14.20205256386274,99689.56644323439
48.56485648564857,14.202796744156192,99678.16636912414
48.56985698569857,14.203542333768759,99685.05035975864
48.57485748574858,14.204289329602547,99690.86948515201
48.57985798579858,14.205037728550867,99686.03210496504
48.584858485848585,14.20578752749826,99686.09981258193
48.589858985898594,14.206538723320518,99691.22454872429
48.5948594859486,14.207291312884694,99690.3074247633
48.5998599859986,14.208045293049137,99694.22562195266
48.60486048604861,14.2088006606635,99685.27155587784
48.60986098609861,14.209557412568756,99680.01987189178
48.61486148614862,14.210315545597235,99693.50083952934
48.61986198619862,14.211075056572625,99680.34314555537
48.624862486248624,14.211835942310005,99688.01202108688
48.62986298629863,14.21259819961586,99684.87120536846
48.634863486348635,14.213361825288095,99679.68806711891
48.639863986398645,14.214126816116071,99684.71645829495
48.64486448644865,14.214893168880602,99689.36513218994
48.64986498649865,14.215660880354003,99680.69956502745
48.65486548654866,14.216429947300083,99679.43763028643
48.65986598659866,14.217200366474186,99686.47564236709
48.66486648664867,14.2179721346232,99675.54293927332
48.66986698669867,14.218745248485577,99680.03604430983
48.674867486748674,14.219519704791358,99679.22943211498
48.67986798679868,14.220295500262198,99679.72579399413
48.684868486848686,14.221072631611372,99690.3689117595
48.689868986898695,14.221851095543812,99687.37548726595
48.6948694869487,14.222630888756115,99690.99440702426
48.6998699869987,14.223412007936565,99690.12403655588
48.70487048704871,14.224194449765163,99687.92018865146
48.70987098709871,14.224978210913642,99685.06310036486
48.71487148714872,14.225763288045487,99688.09194583833
48.71987198719872,14.226549677815948,99677.95676883671
48.724872487248724,14.227337376872082,99689.97065079166
48.729872987298734,14.228126381852757,99687.12587695141
48.734873487348736,14.22891668938867,99690.0356152663
48.739873987398745,14.229708296102388,99679.77157853238
48.74487448744875,14.230501198608346,99681.33519099417
48.74987498749875,14.231295393512882,99682.85340719917
48.75487548754876,14.23209087741426,99680.16567707983
48.75987598759876,14.232887646902677,99690.35347024148
48.76487648764877,14.233685698560302,99684.75590354961
48.76987698769877,14.23448502896128,99681.45325802686
48.774877487748775,14.235285634671774,99688.6767339032
48.779877987798784,14.236087512249963,99686.71396976415
48.784878487848786,14.236890658246082,99686.36324506237
48.789878987898796,14.237695069202436,99669.68383792238
48.7948794879488,14.23850074165342,99683.58407130826
48.7998799879988,14.239307672125545,99681.6678502192
48.80488048804881,14.240115857137457,99688.53997647023
48.80988098809881,14.24092529319996,99693.79677615331
48.81488148814882,14.241735976816038,99694.69098966235
48.81988198819882,14.242547904480878,99683.43780655396
48.824882488248825,14.243361072681882,99678.74797027794
48.829882988298834,14.244175477898706,99681.13575169555
48.83488348834884,14.24499111660327,99682.9654852761
48.839883988398846,14.245807985259784,99686.26422700929
48.84488448844885,14.246626080324766,99692.38438124672
48.84988498849885,14.247445398247072,99678.2710556841
48.85488548854886,14.24826593546791,99685.90801929399
48.85988598859886,14.249087688420866,99681.98281612073
48.864886488648864,14.24991065353193,99686.58899350009
48.86988698869887,14.250734827219512,99686.8968163261
48.874887488748875,14.251560205894464,99684.08681419722
48.879887988798885,14.25238678596011,99694.97631219823
48.88488848884889,14.253214563812264,99679.01793981405
48.88988898889889,14.254043535839244,99684.31196387486
48.8948894889489,14.254873698421918,99696.38877605216
48.8998899889989,14.255705047933695,99689.00857966409
48.90489048904891,14.256537580740574,99682.57897220536
48.90989098909891,14.257371293201157,99686.07793747316
48.914891489148914,14.258206181666669,99682.36994425292
48.91989198919892,14.259042242480984,99687.62479501577
48.924892489248926,14.259879471980643,99687.37540502829
48.929892989298935,14.260717866494893,99672.2495117515
48.93489348934894,14.261557422345685,99688.30076276559
48.93989398939894,14.26239813584772,99692.57233362246
48.94489448944895,14.263240003308457,99679.10113991005
48.94989498949895,14.264083021028144,99684.54627143306
48.95489548954896,14.264927185299833,99683.42515107815
48.95989598959896,14.265772492409415,99690.34171093153
48.964896489648964,14.266618938635634,99694.93807237137
48.969896989698974,14.267466520250117,99688.49725892805
48.974897489748976,14.268315233517388,99685.89366400332
48.979897989798985,14.269165074694898,99682.97264351264
48.98489848984899,14.270016040033047,99682.58359607005
48.98989898989899,14.27086812577521,99685.33956025889
48.994899489949,14.271721328157758,99695.4394630446
48.999899989999,14.272575643410077,99682.24952555874
49.00490049004901,14.273431067754604,99696.7885696551
49.00990099009901,14.274287597406833,99686.11750586351
49.014901490149015,14.275145228575356,99683.79067862686
49.019901990199024,14.276003957461878,99685.2821766504
49.024902490249026,14.276863780261241,99696.1778475891
49.029902990299036,14.277724693161444,99690.2675243511
49.03490349034904,14.278586692343682,99679.22019603814
49.03990399039904,14.279449773982348,99685.3861836
49.04490449044905,14.280313934245077,99688.02529116243
49.04990499049905,14.281179169292756,99693.91226314876
49.05490549054906,14.282045475279556,99678.9452209382
49.05990599059906,14.282912848352952,99683.9697276921
49.064906490649065,14.283781284653749,99679.531605965
49.069906990699074,14.284650780316106,99697.08983790151
49.07490749074908,14.285521331467558,99684.74434976777
49.079907990799086,14.286392934229042,99683.9151407229
49.08490849084909,14.287265584714923,99689.16333322828
49.08990899089909,14.288139279033015,99679.34213925069
49.0949094909491,14.289014013284609,99691.08131831785
49.0999099909991,14.289889783564492,99689.37966763273
49.104910491049104,14.290766585960974,99685.6847016578
49.10991099109911,14.291644416555915,99690.84727670184
49.114911491149115,14.29252327142475,99682.84383877082
49.119911991199125,14.293403146636507,99688.34019709281
49.12491249124913,14.294284038253833,99690.54504363077
49.12991299129913,14.295165942333032,99680.6047361745
49.13491349134914,14.296048854924067,99684.2052360871
49.13991399139914,14.296932772070601,99684.63912122238
49.14491449144915,14.297817689810023,99694.03268039133
49.14991499149915,14.298703604173456,99674.6461602184
49.154915491549154,14.299590511185798,99681.08761396441
49.15991599159916,14.300478406865748,99689.3626935605
49.164916491649166,14.301367287225816,99681.82100229684
49.169916991699175,14.302257148272359,99695.77551468523
49.17491749174918,14.303147986005602,99693.37248469118
49.17991799179918,14.30403979641967,99689.85591447043
49.18491849184919,14.304932575502601,99685.65685862527
49.18991899189919,14.305826319236385,99686.70839790905
49.1949194919492,14.306721023596973,99685.35827577845
49.1999199919992,14.307616684554315,99683.74525182071
49.204920492049204,14.308513298072382,99691.17036945398
49.209920992099214,14.309410860109192,99681.8932810912
49.214921492149216,14.310309366616828,99693.00558394723
49.219921992199225,14.311208813541473,99692.29095752521
49.22492249224923,14.312109196823432,99682.96152130145
49.22992299229923,14.313010512397152,99688.59683358068
49.23492349234924,14.313912756191256,99684.90031790502
49.23992399239924,14.314815924128563,99687.53765618334
49.24492449244925,14.315720012126116,99678.89869467916
49.24992499249925,14.316625016095204,99694.94738431872
49.254925492549255,14.317530931941395,99683.90115601667
49.259925992599264,14.31843775556455,99688.86102243734
49.264926492649266,14.319345482858859,99686.19407558088
49.269926992699276,14.320254109712865,99693.2940760919
49.27492749274928,14.321163632009483,99680.24839062223
49.27992799279928,14.322074045626033,99686.05905289673
49.28492849284929,14.322985346434264,99696.64548947665
49.28992899289929,14.323897530300377,99692.24101514646
49.2949294929493,14.324810593085052,99683.92973111545
49.2999299929993,14.325724530643477,99677.51052061698
49.304930493049305,14.326639338825371,99687.00596034604
49.309930993099314,14.32755501347501,99686.85173005593
49.31493149314932,14.328471550431253,99693.844895924
49.319931993199326,14.329388945527572,99680.03399144865
49.32493249324933,14.33030719459207,99683.59531404279
49.32993299329933,14.331226293447509,99687.03958699263
49.33493349334934,14.332146237911351,99686.0833819681
49.33993399339934,14.333067023795756,99682.38072213842
49.344934493449344,14.33398864690764,99678.37918611418
49.34993499349935,14.334911103048674,99685.56040020885
49.354935493549355,14.335834388015323,99685.07895888566
49.359935993599365,14.336758497598874,99691.86265813201
49.36493649364937,14.337683427585459,99695.77375206148
49.36993699369937,14.338609173756078,99696.64015423798
49.37493749374938,14.339535731886635,99681.08356062545
49.37993799379938,14.34046309774795,99685.65224143016
49.38493849384939,14.341391267105802,99692.4931515022
49.38993899389939,14.342320235720939,99689.26566807421
49.394939493949394,14.34324999934912,99686.26979630726
49.3999399939994,14.344180553741129,99686.41236362878
49.404940494049406,14.345111894642809,99679.44261319422
49.409940994099415,14.346044017795089,99689.324174296
49.41494149414942,14.346976918934002,99681.64162617119
49.41994199419942,14.347910593790719,99676.1285313432
49.42494249424943,14.348845038091582,99690.73429806267
49.42994299429943,14.349780247558112,99681.64164948484
49.43494349434944,14.35071621790705,99689.61933879928
49.43994399439944,14.35165294485039,99682.95364513456
49.444944494449445,14.352590424095382,99688.14134978071
49.449944994499454,14.353528651344583,99691.3483961326
49.454945494549456,14.354467622295866,99684.75163488308
49.459945994599465,14.355407332642468,99691.1212730743
49.46494649464947,14.356347778072987,99689.86438325752
49.46994699469947,14.35728895427144,99691.95561471728
49.47494749474948,14.358230856917269,99690.89717201938
49.47994799479948,14.359173481685374,99693.66447884617
49.48494849484949,14.360116824246145,99692.00930507082
49.48994899489949,14.361060880265482,99695.07309599519
49.494949494949495,14.362005645404825,99693.19510393344
49.499949994999504,14.362951115321184,99687.6140535944
49.504950495049506,14.363897285667159,99682.45204462939
49.509950995099516,14.364844152090976,99677.82267747511
49.51495149514952,14.365791710236504,99689.86995541122
49.51995199519952,14.366739955743293,99688.79286563175
49.52495249524953,14.367688884246595,99680.95157238118
49.52995299529953,14.368638491377387,99695.90136637897
49.53495349534954,14.369588772762416,99685.62591369447
49.53995399539954,14.3705397240242,99683.59491272522
49.544954495449545,14.371491340781077,99689.41607666362
49.549954995499554,14.372443618647228,99693.68118531597
49.55495549554956,14.373396553232693,99685.89236217608
49.559955995599566,14.37435014014341,99697.77417595976
49.56495649564957,14.37530437498124,99695.03131559143
49.56995699569957,14.376259253343997,99693.75045201463
49.57495749574958,14.377214770825468,99688.15077893055
49.57995799579958,14.378170923015439,99696.13793600982
49.584958495849584,14.379127705499743,99690.98278727081
49.58995899589959,14.380085113860257,99684.52888253382
49.594959495949595,14.38104314367496,99691.48579513411
49.599959995999605,14.382001790517934,99684.40644856605
49.60496049604961,14.382961049959412,99691.66038659828
49.60996099609961,14.38392091756579,99690.68572797382
49.61496149614962,14.384881388899672,99688.88376873202
49.61996199619962,14.385842459519878,99685.71605680067
49.62496249624963,14.38680412498149,99694.19572031483
49.62996299629963,14.387766380835867,99696.36967818509
49.634963496349634,14.388729222630674,99682.39707920009
49.63996399639964,14.389692645909923,99691.02480868211
49.644964496449646,14.390656646213982,99690.28373728151
49.649964996499655,14.391621219079617,99694.08209504175
49.65496549654966,14.392586360040008,99686.21627389551
49.65996599659966,14.393552064624794,99689.20281304947
49.66496649664967,14.394518328360085,99693.4173288503
49.66996699669967,14.395485146768491,99690.60366118672
49.67496749674968,14.396452515369164,99699.13013119317
49.67996799679968,14.397420429677812,99689.75281355476
49.684968496849685,14.398388885206728,99689.99091942688
49.689968996899694,14.39935787746483,99696.40532100247
49.694969496949696,14.400327401957671,99696.45211613832
49.699969996999705,14.401297454187489,99691.91373499804
49.70497049704971,14.402268029653207,99687.05857554173
49.70997099709971,14.403239123850494,99687.56374935279
49.71497149714972,14.404210732271762,99689.35963282757
49.71997199719972,14.405182850406222,99692.04447333819
49.72497249724973,14.406155473739886,99697.4628592777
49.72997299729973,14.407128597755618,99686.74029812045
49.734973497349735,14.40810221793314,99690.13629612478
49.739973997399744,14.409076329749087,99686.55765945379
49.744974497449746,14.410050928677009,99690.00172716714
49.749974997499756,14.41102601018742,99692.41715553886
49.75497549754976,14.412001569747812,99687.48992610404
49.75997599759976,14.412977602822684,99697.95627454705
49.76497649764977,14.413954104873584,99690.15006391262
49.76997699769977,14.414931071359126,99693.73212063378
49.77497749774978,14.41590849773502,99693.8165048353
49.77997799779978,14.416886379454093,99688.56674595903
49.784978497849785,14.41786471196634,99692.62779836883
49.789978997899794,14.418843490718931,99688.49060837155
49.7949794979498,14.419822711156241,99700.12462572535
49.799979997999806,14.420802368719896,99683.74978472156
49.80498049804981,14.421782458848778,99698.1698954465
49.80998099809981,14.422762976979069,99691.3262970647
49.81498149814982,14.42374391854428,99694.10992543415
49.81998199819982,14.42472527897527,99685.89264351357
49.824982498249824,14.425707053700275,99697.41934174062
49.82998299829983,14.426689238144958,99688.31352580141
49.834983498349835,14.427671827732398,99694.27951868715
49.839983998399845,14.42865481788316,99699.56897084697
49.84498449844985,14.429638204015296,99698.66596027018
49.84998499849985,14.430621981544384,99688.05085232682
49.85498549854986,14.431606145883558,99695.7092525251
49.85998599859986,14.432590692443526,99691.53498405374
49.86498649864987,14.43357561663262,99691.54012569683
49.86998699869987,14.434560913856796,99699.55314521719
49.874987498749874,14.435546579519691,99695.364034333
49.87998799879988,14.436532609022635,99702.65216410959
49.884988498849886,14.437518997764677,99698.83340227653
49.889988998899895,14.438505741142627,99692.03393646647
49.8949894989499,14.439492834551078,99685.33351994601
49.8999899989999,14.440480273382432,99694.48739458187
49.90499049904991,14.441468053026936,99697.03337666958
49.90999099909991,14.442456168872699,99693.67245382788
49.91499149914992,14.443444616305738,99690.71366502096
49.91999199919992,14.444433390709985,99691.97640184469
49.924992499249925,14.445422487467344,99692.88296645306
49.929992999299934,14.446411901957688,99686.6071443242
49.934993499349936,14.447401629558911,99695.3205571567
49.939993999399945,14.448391665646955,99695.95670897554
49.94499449944995,14.449382005595822,99689.62213775802
49.94999499949995,14.450372644777623,99691.07739164178
49.95499549954996,14.451363578562598,99695.64623142232
49.95999599959996,14.452354802319139,99695.79638981321
49.96499649964997,14.453346311413831,99685.137043549
49.96999699969997,14.454338101211476,99695.89572836076
49.974997499749975,14.455330167075118,99691.50339666608
49.979997999799984,14.456322504366076,99700.28269269581
49.984998499849986,14.45731510844397,99694.6329631414
49.989998999899996,14.458307974666758,99693.0493387232
49.99499949995,14.459301098390755,99692.43725515965
50.0,14.460294474970668,99698.56990665193
